code,description,category,standard,active
A00,Cólera,A,CIE-10 OPS,1
A01,Fiebres tifoidea y paratifoidea,A,CIE-10 OPS,1
A02,Otras infecciones debidas a Salmonella,A,CIE-10 OPS,1
A03,Shigelosis,A,CIE-10 OPS,1
A04,Otras infecciones intestinales bacterianas,A,CIE-10 OPS,1
A05,"Otras intoxicaciones alimentarias bacterianas, no clasificadas",A,CIE-10 OPS,1
A06,Amebiasis,A,CIE-10 OPS,1
A07,Otras enfermedades intestinales debidas a protozoarios,A,CIE-10 OPS,1
A08,Infecciones intestinales debidas a virus y otros organismos,A,CIE-10 OPS,1
A09,Diarrea y gastroenteritis de presunto origen infeccioso,A,CIE-10 OPS,1
A15,"Tuberculosis respiratoria, confirmada bacteriológica e",A,CIE-10 OPS,1
A16,"Tuberculosis respiratoria, no confirmada bacteriológica o",A,CIE-10 OPS,1
A18,Tuberculosis de otros órganos,A,CIE-10 OPS,1
A19,Tuberculosis miliar,A,CIE-10 OPS,1
A20,Peste,A,CIE-10 OPS,1
A21,Tularemia,A,CIE-10 OPS,1
A22,Carbunco [ántrax],A,CIE-10 OPS,1
A23,Brucelosis,A,CIE-10 OPS,1
A24,Muermo y melioidosis,A,CIE-10 OPS,1
A25,Fiebres por mordedura de rata,A,CIE-10 OPS,1
A26,Erisipeloide,A,CIE-10 OPS,1
A27,Leptospirosis,A,CIE-10 OPS,1
A28,"Otras enfermedades zoonóticas bacterianas, no clasificadas en otra",A,CIE-10 OPS,1
A30,Lepra [enfermedad de Hansen],A,CIE-10 OPS,1
A31,Infecciones debidas a otras micobacterias,A,CIE-10 OPS,1
A32,Listeriosis,A,CIE-10 OPS,1
A33,Tétanos neonatal,A,CIE-10 OPS,1
A34,Tétanos obstétrico,A,CIE-10 OPS,1
A35,Otros tétanos,A,CIE-10 OPS,1
A36,Difteria,A,CIE-10 OPS,1
A37,Tos ferina [tos convulsiva],A,CIE-10 OPS,1
A38,Escarlatina,A,CIE-10 OPS,1
A39,Infección meningocócica,A,CIE-10 OPS,1
A40,Septicemia estreptocócica,A,CIE-10 OPS,1
A41,Otras septicemias,A,CIE-10 OPS,1
A42,Actinomicosis,A,CIE-10 OPS,1
A43,Nocardiosis,A,CIE-10 OPS,1
A44,Bartonelosis,A,CIE-10 OPS,1
A46,Erisipela,A,CIE-10 OPS,1
A48,"Otras enfermedades bacterianas, no clasificadas en otra parte",A,CIE-10 OPS,1
A49,Infección bacteriana de sitio no especificado,A,CIE-10 OPS,1
A50,Sífilis congénita,A,CIE-10 OPS,1
A51,Sífilis precoz,A,CIE-10 OPS,1
A52,Sífilis tardía,A,CIE-10 OPS,1
A53,Otras sífilis y las no especificadas,A,CIE-10 OPS,1
A54,Infección gonocócica,A,CIE-10 OPS,1
A55,Linfogranuloma (venéreo) por clamidias,A,CIE-10 OPS,1
A56,Otras enfermedades de transmisión sexual debidas a clamidias,A,CIE-10 OPS,1
A57,Chancro blando,A,CIE-10 OPS,1
A58,Granuloma inguinal,A,CIE-10 OPS,1
A59,Tricomoniasis,A,CIE-10 OPS,1
A60,Infección anogenital debida a virus del herpes [herpes simple],A,CIE-10 OPS,1
A63,"Otras enfermedades de transmisión predominantemente sexual, no",A,CIE-10 OPS,1
A64,Enfermedad de transmisión sexual no especificada,A,CIE-10 OPS,1
A65,Sífilis no venérea,A,CIE-10 OPS,1
A66,Frambesia,A,CIE-10 OPS,1
A67,Pinta [carate],A,CIE-10 OPS,1
A68,Fiebres recurrentes,A,CIE-10 OPS,1
A69,Otras infecciones causadas por espiroquetas,A,CIE-10 OPS,1
A70,Infección debida a Chlamydia psittaci,A,CIE-10 OPS,1
A71,Tracoma,A,CIE-10 OPS,1
A74,Otras enfermedades causadas por clamidias,A,CIE-10 OPS,1
A75,Tifus,A,CIE-10 OPS,1
A77,Fiebre maculosa [rickettsiosis transmitida por garrapatas],A,CIE-10 OPS,1
A78,Fiebre Q,A,CIE-10 OPS,1
A79,Otras rickettsiosis,A,CIE-10 OPS,1
A80,Poliomielitis aguda,A,CIE-10 OPS,1
A81,Infecciones del sistema nervioso central por virus atípico,A,CIE-10 OPS,1
A82,Rabia,A,CIE-10 OPS,1
A83,Encefalitis viral transmitida por mosquitos,A,CIE-10 OPS,1
A84,Encefalitis viral transmitida por garrapatas,A,CIE-10 OPS,1
A85,"Otras encefalitis virales, no clasificadas en otra parte",A,CIE-10 OPS,1
A86,"Encefalitis viral, no especificada",A,CIE-10 OPS,1
A87,Meningitis viral,A,CIE-10 OPS,1
A88,"Otras infecciones virales del sistema nervioso central, no",A,CIE-10 OPS,1
A89,"Infección viral del sistema nervioso central, no especificada",A,CIE-10 OPS,1
A90,Fiebre del dengue [dengue clásico],A,CIE-10 OPS,1
A91,Fiebre del dengue hemorrágico,A,CIE-10 OPS,1
A92,Otras fiebres virales transmitidas por mosquitos,A,CIE-10 OPS,1
A93,"Otras fiebres virales transmitidas por artrópodos, no clasificadas en",A,CIE-10 OPS,1
A94,"Fiebre viral transmitida por artrópodos, no especificada",A,CIE-10 OPS,1
A95,Fiebre amarilla,A,CIE-10 OPS,1
A96,Fiebre hemorrágica por arenavirus,A,CIE-10 OPS,1
A98,"Otras fiebres virales hemorrágicas, no clasificadas en otra parte",A,CIE-10 OPS,1
A99,"Fiebre viral hemorrágica, no especificada",A,CIE-10 OPS,1
B00,Infecciones herpéticas [herpes simple],B,CIE-10 OPS,1
B01,Varicela,B,CIE-10 OPS,1
B02,Herpes zoster,B,CIE-10 OPS,1
B03,Viruela,B,CIE-10 OPS,1
B04,Viruela de los monos,B,CIE-10 OPS,1
B05,Sarampión,B,CIE-10 OPS,1
B06,Rubéola [sarampión alemán],B,CIE-10 OPS,1
B07,Verrugas víricas,B,CIE-10 OPS,1
B08,Otras infecciones víricas caracterizadas por lesiones de la piel y de,B,CIE-10 OPS,1
B09,"Infección viral no especificada, caracterizada por lesiones de la piel",B,CIE-10 OPS,1
B15,Hepatitis aguda tipo A,B,CIE-10 OPS,1
B16,Hepatitis aguda tipo B,B,CIE-10 OPS,1
B17,Otras hepatitis virales agudas,B,CIE-10 OPS,1
B18,Hepatitis viral crónica,B,CIE-10 OPS,1
B19,"Hepatitis viral, sin otra especificación",B,CIE-10 OPS,1
B20,"Enfermedad por virus de la inmunodeficiencia humana [VIH],",B,CIE-10 OPS,1
B21,"Enfermedad por virus de la inmunodeficiencia humana [VIH],",B,CIE-10 OPS,1
B22,"Enfermedad por virus de la inmunodeficiencia humana [VIH],",B,CIE-10 OPS,1
B23,"Enfermedad por virus de la inmunodeficiencia humana [VIH],",B,CIE-10 OPS,1
B24,"Enfermedad por virus de la inmunodeficiencia humana [VIH], sin",B,CIE-10 OPS,1
B25,Enfermedad debida a virus citomegálico,B,CIE-10 OPS,1
B26,Parotiditis infecciosa,B,CIE-10 OPS,1
B27,Mononucleosis infecciosa,B,CIE-10 OPS,1
B30,Conjuntivitis viral,B,CIE-10 OPS,1
B33,"Otras enfermedades virales, no clasificadas en otra parte",B,CIE-10 OPS,1
B34,Infección viral de sitio no especificado,B,CIE-10 OPS,1
B35,Dermatofitosis,B,CIE-10 OPS,1
B36,Otras micosis superficiales,B,CIE-10 OPS,1
B37,Candidiasis,B,CIE-10 OPS,1
B38,Coccidioidomicosis,B,CIE-10 OPS,1
B39,Histoplasmosis,B,CIE-10 OPS,1
B40,Blastomicosis,B,CIE-10 OPS,1
B41,Paracoccidioidomicosis,B,CIE-10 OPS,1
B42,Esporotricosis,B,CIE-10 OPS,1
B43,Cromomicosis y absceso feomicótico,B,CIE-10 OPS,1
B44,Aspergilosis,B,CIE-10 OPS,1
B45,Criptococosis,B,CIE-10 OPS,1
B46,Cigomicosis,B,CIE-10 OPS,1
B47,Micetoma,B,CIE-10 OPS,1
B48,"Otras micosis, no clasificadas en otra parte",B,CIE-10 OPS,1
B49,"Micosis, no especificada",B,CIE-10 OPS,1
B50,Paludismo [malaria] debido a Plasmodium falciparum,B,CIE-10 OPS,1
B51,Paludismo [malaria] debido a Plasmodium vivax,B,CIE-10 OPS,1
B52,Paludismo [malaria] debido a Plasmodium malariae,B,CIE-10 OPS,1
B53,Otro paludismo [malaria] confirmado parasitológicamente,B,CIE-10 OPS,1
B54,Paludismo [malaria] no especificado,B,CIE-10 OPS,1
B55,Leishmaniasis,B,CIE-10 OPS,1
B56,Tripanosomiasis africana,B,CIE-10 OPS,1
B57,Enfermedad de Chagas,B,CIE-10 OPS,1
B58,Toxoplasmosis,B,CIE-10 OPS,1
B59,Neumocistosis,B,CIE-10 OPS,1
B60,"Otras enfermedades debidas a protozoarios, no clasificadas en otra",B,CIE-10 OPS,1
B64,"Enfermedad debida a protozoarios, no especificada",B,CIE-10 OPS,1
B65,Esquistosomiasis [bilharziasis],B,CIE-10 OPS,1
B66,Otras infecciones debidas a trematodos,B,CIE-10 OPS,1
B67,Equinococosis,B,CIE-10 OPS,1
B68,Teniasis,B,CIE-10 OPS,1
B69,Cisticercosis,B,CIE-10 OPS,1
B70,Difilobotriasis y esparganosis,B,CIE-10 OPS,1
B71,Otras infecciones debidas a cestodos,B,CIE-10 OPS,1
B72,Dracontiasis,B,CIE-10 OPS,1
B73,Oncocercosis,B,CIE-10 OPS,1
B74,Filariasis,B,CIE-10 OPS,1
B75,Triquinosis,B,CIE-10 OPS,1
B76,Anquilostomiasis y necatoriasis,B,CIE-10 OPS,1
B77,Ascariasis,B,CIE-10 OPS,1
B78,Estrongiloidiasis,B,CIE-10 OPS,1
B79,Tricuriasis,B,CIE-10 OPS,1
B80,Enterobiasis,B,CIE-10 OPS,1
B81,"Otras helmintiasis intestinales, no clasificadas en otra parte",B,CIE-10 OPS,1
B82,"Parasitosis intestinales, sin otra especificación",B,CIE-10 OPS,1
B83,Otras helmintiasis,B,CIE-10 OPS,1
B85,Pediculosis y phthiriasis,B,CIE-10 OPS,1
B86,Escabiosis,B,CIE-10 OPS,1
B87,Miasis,B,CIE-10 OPS,1
B88,Otras infestaciones,B,CIE-10 OPS,1
B89,"Enfermedad parasitaria, no especificada",B,CIE-10 OPS,1
B90,Secuelas de tuberculosis,B,CIE-10 OPS,1
B91,Secuelas de poliomielitis,B,CIE-10 OPS,1
B92,Secuelas de lepra,B,CIE-10 OPS,1
B94,Secuelas de otras enfermedades infecciosas y parasitarias y de las,B,CIE-10 OPS,1
B95,Estreptococos y estafilococos como causa de enfermedades,B,CIE-10 OPS,1
B96,Otros agentes bacterianos como causa de enfermedades clasificadas,B,CIE-10 OPS,1
B97,Agentes virales como causa de enfermedades clasificadas en otros,B,CIE-10 OPS,1
B99,Otras enfermedades infecciosas y las no especificadas,B,CIE-10 OPS,1
C00,Tumor maligno del labio,C,CIE-10 OPS,1
C01,Tumor maligno de la base de la lengua,C,CIE-10 OPS,1
C02,Tumor maligno de otras partes y de las no especificadas,C,CIE-10 OPS,1
C03,Tumor maligno de la encía,C,CIE-10 OPS,1
C04,Tumor maligno del piso de la boca,C,CIE-10 OPS,1
C05,Tumor maligno del paladar,C,CIE-10 OPS,1
C06,Tumor maligno de otras partes y de las no especificadas,C,CIE-10 OPS,1
C07,Tumor maligno de la glándula parótida,C,CIE-10 OPS,1
C08,Tumor maligno de otras glándulas salivales mayores y de las no,C,CIE-10 OPS,1
C09,Tumor maligno de la amígdala,C,CIE-10 OPS,1
C10,Tumor maligno de la orofaringe,C,CIE-10 OPS,1
C11,Tumor maligno de la nasofaringe,C,CIE-10 OPS,1
C12,Tumor maligno del seno piriforme,C,CIE-10 OPS,1
C13,Tumor maligno de la hipofaringe,C,CIE-10 OPS,1
C14,"Tumor maligno de otros sitios y de los mal definidos del labio,",C,CIE-10 OPS,1
C15,Tumor maligno del esófago,C,CIE-10 OPS,1
C16,Tumor maligno del estómago,C,CIE-10 OPS,1
C17,Tumor maligno del intestino delgado,C,CIE-10 OPS,1
C18,Tumor maligno del colon,C,CIE-10 OPS,1
C19,Tumor maligno de la unión rectosigmoidea,C,CIE-10 OPS,1
C20,Tumor maligno del recto,C,CIE-10 OPS,1
C21,Tumor maligno del ano y del conducto anal,C,CIE-10 OPS,1
C22,Tumor maligno del hígado y de las vías biliares intrahepáticas,C,CIE-10 OPS,1
C23,Tumor maligno de la vesícula biliar,C,CIE-10 OPS,1
C24,Tumor maligno de otras partes y de las no especificadas de las vías,C,CIE-10 OPS,1
C25,Tumor maligno del páncreas,C,CIE-10 OPS,1
C26,Tumor maligno de otros sitios y de los mal definidos de los,C,CIE-10 OPS,1
C30,Tumor maligno de las fosas nasales y del oído medio,C,CIE-10 OPS,1
C31,Tumor maligno de los senos paranasales,C,CIE-10 OPS,1
C32,Tumor maligno de la laringe,C,CIE-10 OPS,1
C33,Tumor maligno de la tráquea,C,CIE-10 OPS,1
C34,Tumor maligno de los bronquios y del pulmón,C,CIE-10 OPS,1
C37,Tumor maligno del timo,C,CIE-10 OPS,1
C38,"Tumor maligno del corazón, del mediastino y de la pleura",C,CIE-10 OPS,1
C39,Tumor maligno de otros sitios y de los mal definidos del sistema,C,CIE-10 OPS,1
C40,Tumor maligno de los huesos y de los cartílagos articulares de los,C,CIE-10 OPS,1
C41,"Tumor maligno de los huesos y de los cartílagos articulares, de",C,CIE-10 OPS,1
C43,Melanoma maligno de la piel,C,CIE-10 OPS,1
C44,Otros tumores malignos de la piel,C,CIE-10 OPS,1
C45,Mesotelioma,C,CIE-10 OPS,1
C46,Sarcoma de Kaposi,C,CIE-10 OPS,1
C47,Tumor maligno de los nervios periféricos y del sistema nervioso,C,CIE-10 OPS,1
C48,Tumor maligno del peritoneo y del retroperitoneo,C,CIE-10 OPS,1
C49,Tumor maligno de otros tejidos conjuntivos y de tejidos blandos,C,CIE-10 OPS,1
C50,Tumor maligno de la mama,C,CIE-10 OPS,1
C51,Tumor maligno de la vulva,C,CIE-10 OPS,1
C52,Tumor maligno de la vagina,C,CIE-10 OPS,1
C53,Tumor maligno del cuello del útero,C,CIE-10 OPS,1
C54,Tumor maligno del cuerpo del útero,C,CIE-10 OPS,1
C55,"Tumor maligno del útero, parte no especificada",C,CIE-10 OPS,1
C56,Tumor maligno del ovario,C,CIE-10 OPS,1
C57,Tumor maligno de otros órganos genitales femeninos y de los no,C,CIE-10 OPS,1
C58,Tumor maligno de la placenta,C,CIE-10 OPS,1
C60,Tumor maligno del pene,C,CIE-10 OPS,1
C61,Tumor maligno de la próstata,C,CIE-10 OPS,1
C62,Tumor maligno del testículo,C,CIE-10 OPS,1
C63,Tumor maligno de otros órganos genitales masculinos y de los no,C,CIE-10 OPS,1
C64,"Tumor maligno del riñón, excepto de la pelvis renal",C,CIE-10 OPS,1
C65,Tumor maligno de la pelvis renal,C,CIE-10 OPS,1
C66,Tumor maligno del uréter,C,CIE-10 OPS,1
C67,Tumor maligno de la vejiga urinaria,C,CIE-10 OPS,1
C68,Tumor maligno de otros órganos urinarios y de los no,C,CIE-10 OPS,1
C69,Tumor maligno del ojo y sus anexos,C,CIE-10 OPS,1
C70,Tumor maligno de las meninges,C,CIE-10 OPS,1
C71,Tumor maligno del encéfalo,C,CIE-10 OPS,1
C72,"Tumor maligno de la médula espinal, de los nervios craneales y de",C,CIE-10 OPS,1
C73,Tumor maligno de la glándula tiroides,C,CIE-10 OPS,1
C74,Tumor maligno de la glándula suprarrenal,C,CIE-10 OPS,1
C75,Tumor maligno de otras glándulas endocrinas y de estructuras,C,CIE-10 OPS,1
C76,Tumor maligno de otros sitios y de sitios mal definidos,C,CIE-10 OPS,1
C77,Tumor maligno secundario y el no especificado de los ganglios,C,CIE-10 OPS,1
C78,Tumor maligno secundario de los órganos respiratorios y digestivos,C,CIE-10 OPS,1
C79,Tumor maligno secundario de otros sitios,C,CIE-10 OPS,1
C80,Tumor maligno de sitios no especificados,C,CIE-10 OPS,1
C81,Enfermedad de Hodgkin,C,CIE-10 OPS,1
C82,Linfoma no-Hodgkin folicular [nodular],C,CIE-10 OPS,1
C83,Linfoma no-Hodgkin difuso,C,CIE-10 OPS,1
C84,"Linfoma de células T, periférico y cutáneo",C,CIE-10 OPS,1
C85,Linfoma no-Hodgkin de otro tipo y el no especificado,C,CIE-10 OPS,1
C88,Enfermedades inmunoproliferativas malignas,C,CIE-10 OPS,1
C90,Mieloma múltiple y tumores malignos de células plasmáticas,C,CIE-10 OPS,1
C91,Leucemia linfoide,C,CIE-10 OPS,1
C92,Leucemia mieloide,C,CIE-10 OPS,1
C93,Leucemia monocítica,C,CIE-10 OPS,1
C94,Otras leucemias de tipo celular especificado,C,CIE-10 OPS,1
C95,Leucemia de células de tipo no especificado,C,CIE-10 OPS,1
C96,"Otros tumores malignos y los no especificados del tejido linfático,",C,CIE-10 OPS,1
C97,Tumores malignos (primarios) de sitios múltiples independientes,C,CIE-10 OPS,1
D00,"Carcinoma in situ de la cavidad bucal, del esófago y del estómago",D,CIE-10 OPS,1
D01,Carcinoma in situ de otros órganos digestivos y de los no,D,CIE-10 OPS,1
D02,Carcinoma in situ del sistema respiratorio y del oído medio,D,CIE-10 OPS,1
D03,Melanoma in situ,D,CIE-10 OPS,1
D04,Carcinoma in situ de la piel,D,CIE-10 OPS,1
D05,Carcinoma in situ de la mama,D,CIE-10 OPS,1
D06,Carcinoma in situ del cuello del útero,D,CIE-10 OPS,1
D07,Carcinoma in situ de otros órganos genitales y de los no,D,CIE-10 OPS,1
D09,Carcinoma in situ de otros sitios y de los no especificados,D,CIE-10 OPS,1
D10,Tumor benigno de la boca y de la faringe,D,CIE-10 OPS,1
D11,Tumor benigno de las glándulas salivales mayores,D,CIE-10 OPS,1
D12,"Tumor benigno del colon, del recto, del conducto anal y del ano",D,CIE-10 OPS,1
D13,Tumor benigno de otras partes y de las mal definidas del sistema,D,CIE-10 OPS,1
D14,Tumor benigno del oído medio y del sistema respiratorio,D,CIE-10 OPS,1
D15,Tumor benigno de otros órganos intratorácicos y de los no,D,CIE-10 OPS,1
D16,Tumor benigno del hueso y del cartílago articular,D,CIE-10 OPS,1
D17,Tumores benignos lipomatosos,D,CIE-10 OPS,1
D18,Hemangioma y linfangioma de cualquier sitio,D,CIE-10 OPS,1
D19,Tumores benignos del tejido mesotelial,D,CIE-10 OPS,1
D20,Tumor benigno del tejido blando del peritoneo y del retroperitoneo,D,CIE-10 OPS,1
D21,Otros tumores benignos del tejido conjuntivo y de los tejidos,D,CIE-10 OPS,1
D22,Nevo melanocítico,D,CIE-10 OPS,1
D23,Otros tumores benignos de la piel,D,CIE-10 OPS,1
D24,Tumor benigno de la mama,D,CIE-10 OPS,1
D25,Leiomioma del útero,D,CIE-10 OPS,1
D26,Otros tumores benignos del útero,D,CIE-10 OPS,1
D27,Tumor benigno del ovario,D,CIE-10 OPS,1
D28,Tumor benigno de otros órganos genitales femeninos y de los no,D,CIE-10 OPS,1
D29,Tumor benigno de los órganos genitales masculinos,D,CIE-10 OPS,1
D30,Tumor benigno de los órganos urinarios,D,CIE-10 OPS,1
D31,Tumor benigno del ojo y sus anexos,D,CIE-10 OPS,1
D32,Tumores benignos de las meninges,D,CIE-10 OPS,1
D33,Tumor benigno del encéfalo y de otras partes del sistema nervioso,D,CIE-10 OPS,1
D34,Tumor benigno de la glándula tiroides,D,CIE-10 OPS,1
D35,Tumor benigno de otras glándulas endocrinas y de las no,D,CIE-10 OPS,1
D36,Tumor benigno de otros sitios y de los no especificados,D,CIE-10 OPS,1
D37,Tumor de comportamiento incierto o desconocido de la cavidad,D,CIE-10 OPS,1
D38,Tumor de comportamiento incierto o desconocido del oído medio y,D,CIE-10 OPS,1
D39,Tumor de comportamiento incierto o desconocido de los órganos,D,CIE-10 OPS,1
D40,Tumor de comportamiento incierto o desconocido de los órganos,D,CIE-10 OPS,1
D41,Tumor de comportamiento incierto o desconocido de los órganos,D,CIE-10 OPS,1
D42,Tumor de comportamiento incierto o desconocido de las meninges,D,CIE-10 OPS,1
D43,Tumor de comportamiento incierto o desconocido del encéfalo y,D,CIE-10 OPS,1
D44,Tumor de comportamiento incierto o desconocido de las glándulas,D,CIE-10 OPS,1
D45,Policitemia vera,D,CIE-10 OPS,1
D46,Síndromes mielodisplásicos,D,CIE-10 OPS,1
D47,Otros tumores de comportamiento incierto o desconocido del tejido,D,CIE-10 OPS,1
D48,Tumor de comportamiento incierto o desconocido de otros sitios y,D,CIE-10 OPS,1
D50,Anemias por deficiencia de hierro,D,CIE-10 OPS,1
D51,Anemia por deficiencia de vitamina B,D,CIE-10 OPS,1
D52,Anemia por deficiencia de folatos,D,CIE-10 OPS,1
D53,Otras anemias nutricionales,D,CIE-10 OPS,1
D55,Anemia debida a trastornos enzimáticos,D,CIE-10 OPS,1
D56,Talasemia,D,CIE-10 OPS,1
D57,Trastornos falciformes,D,CIE-10 OPS,1
D58,Otras anemias hemolíticas hereditarias,D,CIE-10 OPS,1
D59,Anemia hemolítica adquirida,D,CIE-10 OPS,1
D60,"Aplasia adquirida, exclusiva de la serie roja [eritroblastopenia]",D,CIE-10 OPS,1
D61,Otras anemias aplásticas,D,CIE-10 OPS,1
D62,Anemia posthemorrágica aguda,D,CIE-10 OPS,1
D64,Otras anemias,D,CIE-10 OPS,1
D65,Coagulación intravascular diseminada [síndrome de desfibrinación],D,CIE-10 OPS,1
D66,Deficiencia hereditaria del factor VIII,D,CIE-10 OPS,1
D67,Deficiencia hereditaria del factor IX,D,CIE-10 OPS,1
D68,Otros defectos de la coagulación,D,CIE-10 OPS,1
D69,Púrpura y otras afecciones hemorrágicas,D,CIE-10 OPS,1
D70,Agranulocitosis,D,CIE-10 OPS,1
D71,Trastornos funcionales de los polimorfonucleares neutrófilos,D,CIE-10 OPS,1
D72,Otros trastornos de los leucocitos,D,CIE-10 OPS,1
D73,Enfermedades del bazo,D,CIE-10 OPS,1
D74,Metahemoglobinemia,D,CIE-10 OPS,1
D75,Otras enfermedades de la sangre y de los órganos hematopoyéticos,D,CIE-10 OPS,1
D76,Ciertas enfermedades que afectan al tejido linforreticular y al,D,CIE-10 OPS,1
D80,Inmunodeficiencia con predominio de defectos de los anticuerpos,D,CIE-10 OPS,1
D81,Inmunodeficiencias combinadas,D,CIE-10 OPS,1
D82,Inmunodeficiencia asociada con otros defectos mayores,D,CIE-10 OPS,1
D83,Inmunodeficiencia variable común,D,CIE-10 OPS,1
D84,Otras inmunodeficiencias,D,CIE-10 OPS,1
D86,Sarcoidosis,D,CIE-10 OPS,1
D89,"Otros trastornos que afectan el mecanismo de la inmunidad, no",D,CIE-10 OPS,1
E00,Síndrome congénito de deficiencia de yodo,E,CIE-10 OPS,1
E01,Trastornos tiroideos vinculados a deficiencia de yodo y afecciones,E,CIE-10 OPS,1
E02,Hipotiroidismo subclínico por deficiencia de yodo,E,CIE-10 OPS,1
E03,Otros hipotiroidismos,E,CIE-10 OPS,1
E04,Otros bocios no tóxicos,E,CIE-10 OPS,1
E05,Tirotoxicosis [hipertiroidismo],E,CIE-10 OPS,1
E06,Tiroiditis,E,CIE-10 OPS,1
E07,Otros trastornos tiroideos,E,CIE-10 OPS,1
E10,Diabetes mellitus insulinodependiente,E,CIE-10 OPS,1
E11,Diabetes mellitus no insulinodependiente,E,CIE-10 OPS,1
E12,Diabetes mellitus asociada con desnutrición,E,CIE-10 OPS,1
E13,Otras diabetes mellitus especificadas,E,CIE-10 OPS,1
E14,"Diabetes mellitus, no especificada",E,CIE-10 OPS,1
E15,Coma hipoglicémico no diabético,E,CIE-10 OPS,1
E16,Otros trastornos de la secreción interna del páncreas,E,CIE-10 OPS,1
E20,Hipoparatiroidismo,E,CIE-10 OPS,1
E21,Hiperparatiroidismo y otros trastornos de la glándula paratiroides,E,CIE-10 OPS,1
E22,Hiperfunción de la glándula hipófisis,E,CIE-10 OPS,1
E23,Hipofunción y otros trastornos de la glándula hipófisis,E,CIE-10 OPS,1
E24,Síndrome de Cushing,E,CIE-10 OPS,1
E25,Trastornos adrenogenitales,E,CIE-10 OPS,1
E26,Hiperaldosteronismo,E,CIE-10 OPS,1
E27,Otros trastornos de la glándula suprarrenal,E,CIE-10 OPS,1
E28,Disfunción ovárica,E,CIE-10 OPS,1
E29,Disfunción testicular,E,CIE-10 OPS,1
E30,"Trastornos de la pubertad, no clasificados en otra parte",E,CIE-10 OPS,1
E31,Disfunción poliglandular,E,CIE-10 OPS,1
E32,Enfermedades del timo,E,CIE-10 OPS,1
E34,Otros trastornos endocrinos,E,CIE-10 OPS,1
E40,Kwashiorkor,E,CIE-10 OPS,1
E41,Marasmo nutricional,E,CIE-10 OPS,1
E42,Kwashiorkor marasmático,E,CIE-10 OPS,1
E43,Desnutrición proteicocalórica severa no especificada,E,CIE-10 OPS,1
E44,Desnutrición proteicocalórica de grado moderado y leve,E,CIE-10 OPS,1
E45,Retardo del desarrollo debido a desnutrición proteicocalórica,E,CIE-10 OPS,1
E46,"Desnutrición proteicocalórica, no especificada",E,CIE-10 OPS,1
E50,Deficiencia de vitamina A,E,CIE-10 OPS,1
E51,Deficiencia de tiamina,E,CIE-10 OPS,1
E52,Deficiencia de niacina [pelagra],E,CIE-10 OPS,1
E53,Deficiencias de otras vitaminas del grupo B,E,CIE-10 OPS,1
E54,Deficiencia de ácido ascórbico,E,CIE-10 OPS,1
E55,Deficiencia de vitamina D,E,CIE-10 OPS,1
E56,Otras deficiencias de vitaminas,E,CIE-10 OPS,1
E58,Deficiencia dietética de calcio,E,CIE-10 OPS,1
E59,Deficiencia dietética de selenio,E,CIE-10 OPS,1
E60,Deficiencia dietética de zinc,E,CIE-10 OPS,1
E61,Deficiencias de otros elementos nutricionales,E,CIE-10 OPS,1
E63,Otras deficiencias nutricionales,E,CIE-10 OPS,1
E64,Secuelas de la desnutrición y de otras deficiencias nutricionales,E,CIE-10 OPS,1
E65,Adiposidad localizada,E,CIE-10 OPS,1
E66,Obesidad,E,CIE-10 OPS,1
E67,Otros tipos de hiperalimentación,E,CIE-10 OPS,1
E68,Secuelas de hiperalimentación,E,CIE-10 OPS,1
E70,Trastornos del metabolismo de los aminoácidos aromáticos,E,CIE-10 OPS,1
E71,Trastornos del metabolismo de los aminoácidos de cadena,E,CIE-10 OPS,1
E72,Otros trastornos del metabolismo de los aminoácidos,E,CIE-10 OPS,1
E73,Intolerancia a la lactosa,E,CIE-10 OPS,1
E74,Otros trastornos del metabolismo de los carbohidratos,E,CIE-10 OPS,1
E75,Trastornos del metabolismo de los esfingolípidos y otros trastornos,E,CIE-10 OPS,1
E76,Trastornos del metabolismo de los glucosaminoglicanos,E,CIE-10 OPS,1
E77,Trastornos del metabolismo de las glucoproteínas,E,CIE-10 OPS,1
E78,Trastornos del metabolismo de las lipoproteínas y otras lipidemias,E,CIE-10 OPS,1
E79,Trastornos del metabolismo de las purinas y de las pirimidinas,E,CIE-10 OPS,1
E80,Trastornos del metabolismo de las porfirinas y de la bilirrubina,E,CIE-10 OPS,1
E83,Trastornos del metabolismo de los minerales,E,CIE-10 OPS,1
E84,Fibrosis quística,E,CIE-10 OPS,1
E85,Amiloidosis,E,CIE-10 OPS,1
E86,Depleción de volumen,E,CIE-10 OPS,1
E87,"Otros trastornos de los líquidos, de los electrólitos y del equilibrio",E,CIE-10 OPS,1
E88,Otros trastornos metabólicos,E,CIE-10 OPS,1
E89,Trastornos endocrinos y metabólicos consecutivos a,E,CIE-10 OPS,1
F01,Demencia vascular,F,CIE-10 OPS,1
F03,"Demencia, no especificada",F,CIE-10 OPS,1
F04,"Síndrome amnésico orgánico, no inducido por alcohol o por otras",F,CIE-10 OPS,1
F05,"Delirio, no inducido por alcohol o por otras sustancias psicoactivas",F,CIE-10 OPS,1
F06,"Otros trastornos mentales debidos a lesión y disfunción cerebral, y",F,CIE-10 OPS,1
F07,Trastornos de la personalidad y del comportamiento debidos a,F,CIE-10 OPS,1
F09,"Trastorno mental orgánico o sintomático, no especificado",F,CIE-10 OPS,1
F10,Trastornos mentales y del comportamiento debidos al uso de,F,CIE-10 OPS,1
F11,Trastornos mentales y del comportamiento debidos al uso de,F,CIE-10 OPS,1
F12,Trastornos mentales y del comportamiento debidos al uso de,F,CIE-10 OPS,1
F13,Trastornos mentales y del comportamiento debidos al uso de,F,CIE-10 OPS,1
F14,Trastornos mentales y del comportamiento debidos al uso de,F,CIE-10 OPS,1
F15,Trastornos mentales y del comportamiento debidos al uso de,F,CIE-10 OPS,1
F16,Trastornos mentales y del comportamiento debidos al uso de,F,CIE-10 OPS,1
F17,Trastornos mentales y del comportamiento debidos al uso de,F,CIE-10 OPS,1
F18,Trastornos mentales y del comportamiento debidos al uso de,F,CIE-10 OPS,1
F19,Trastornos mentales y del comportamiento debidos al uso de,F,CIE-10 OPS,1
F20,Esquizofrenia,F,CIE-10 OPS,1
F21,Trastorno esquizotípico,F,CIE-10 OPS,1
F22,Trastornos delirantes persistentes,F,CIE-10 OPS,1
F23,Trastornos psicóticos agudos y transitorios,F,CIE-10 OPS,1
F24,Trastorno delirante inducido,F,CIE-10 OPS,1
F25,Trastornos esquizoafectivos,F,CIE-10 OPS,1
F28,Otros trastornos psicóticos de origen no orgánico,F,CIE-10 OPS,1
F29,"Psicosis de origen no orgánico, no especificada",F,CIE-10 OPS,1
F30,Episodio maníaco,F,CIE-10 OPS,1
F31,Trastorno afectivo bipolar,F,CIE-10 OPS,1
F32,Episodio depresivo,F,CIE-10 OPS,1
F33,Trastorno depresivo recurrente,F,CIE-10 OPS,1
F34,Trastornos del humor [afectivos] persistentes,F,CIE-10 OPS,1
F38,Otros trastornos del humor [afectivos],F,CIE-10 OPS,1
F39,"Trastorno del humor [afectivo], no especificado",F,CIE-10 OPS,1
F40,Trastornos fóbicos de ansiedad,F,CIE-10 OPS,1
F41,Otros trastornos de ansiedad,F,CIE-10 OPS,1
F42,Trastorno obsesivo-compulsivo,F,CIE-10 OPS,1
F43,Reacción al estrés grave y trastornos de adaptación,F,CIE-10 OPS,1
F44,Trastornos disociativos [de conversión],F,CIE-10 OPS,1
F45,Trastornos somatomorfos,F,CIE-10 OPS,1
F48,Otros trastornos neuróticos,F,CIE-10 OPS,1
F50,Trastornos de la ingestión de alimentos,F,CIE-10 OPS,1
F51,Trastornos no orgánicos del sueño,F,CIE-10 OPS,1
F52,Disfunción sexual no ocasionada por trastorno ni enfermedad,F,CIE-10 OPS,1
F53,Trastornos mentales y del comportamiento asociados con el,F,CIE-10 OPS,1
F54,Factores psicológicos y del comportamiento asociados con,F,CIE-10 OPS,1
F55,Abuso de sustancias que no producen dependencia,F,CIE-10 OPS,1
F59,Síndromes del comportamiento asociados con alteraciones,F,CIE-10 OPS,1
F60,Trastornos específicos de la personalidad,F,CIE-10 OPS,1
F61,Trastornos mixtos y otros trastornos de la personalidad,F,CIE-10 OPS,1
F62,"Cambios perdurables de la personalidad, no atribuibles a lesión o a",F,CIE-10 OPS,1
F63,Trastornos de los hábitos y de los impulsos,F,CIE-10 OPS,1
F64,Trastornos de la identidad de género,F,CIE-10 OPS,1
F65,Trastornos de la preferencia sexual,F,CIE-10 OPS,1
F66,Trastornos psicológicos y del comportamiento asociados con el,F,CIE-10 OPS,1
F68,Otros trastornos de la personalidad y del comportamiento en,F,CIE-10 OPS,1
F69,"Trastorno de la personalidad y del comportamiento en adultos, no",F,CIE-10 OPS,1
F70,Retraso mental leve,F,CIE-10 OPS,1
F71,Retraso mental moderado,F,CIE-10 OPS,1
F72,Retraso mental grave,F,CIE-10 OPS,1
F73,Retraso mental profundo,F,CIE-10 OPS,1
F78,Otros tipos de retraso mental,F,CIE-10 OPS,1
F79,"Retraso mental, no especificado",F,CIE-10 OPS,1
F80,Trastornos específicos del desarrollo del habla y del lenguaje,F,CIE-10 OPS,1
F81,Trastornos específicos del desarrollo de las habilidades escolares,F,CIE-10 OPS,1
F82,Trastorno específico del desarrollo de la función motriz,F,CIE-10 OPS,1
F83,Trastornos específicos mixtos del desarrollo,F,CIE-10 OPS,1
F84,Trastornos generalizados del desarrollo,F,CIE-10 OPS,1
F88,Otros trastornos del desarrollo psicológico,F,CIE-10 OPS,1
F89,"Trastorno del desarrollo psicológico, no especificado",F,CIE-10 OPS,1
F90,Trastornos hipercinéticos,F,CIE-10 OPS,1
F91,Trastornos de la conducta,F,CIE-10 OPS,1
F92,Trastornos mixtos de la conducta y de las emociones,F,CIE-10 OPS,1
F93,Trastornos emocionales de comienzo específico en la niñez,F,CIE-10 OPS,1
F94,Trastornos del comportamiento social de comienzo específico en la,F,CIE-10 OPS,1
F95,Trastornos por tics,F,CIE-10 OPS,1
F98,Otros trastornos emocionales y del comportamiento que aparecen,F,CIE-10 OPS,1
F99,"Trastorno mental, no especificado",F,CIE-10 OPS,1
G00,"Meningitis bacteriana, no clasificada en otra parte",G,CIE-10 OPS,1
G03,Meningitis debida a otras causas y a las no especificadas,G,CIE-10 OPS,1
G04,"Encefalitis, mielitis y encefalomielitis",G,CIE-10 OPS,1
G06,Absceso y granuloma intracraneal e intrarraquídeo,G,CIE-10 OPS,1
G08,Flebitis y tromboflebitis intracraneal e intrarraquídea,G,CIE-10 OPS,1
G09,Secuelas de enfermedades inflamatorias del sistema nervioso,G,CIE-10 OPS,1
G10,Enfermedad de Huntington,G,CIE-10 OPS,1
G11,Ataxia hereditaria,G,CIE-10 OPS,1
G12,Atrofia muscular espinal y síndromes afines,G,CIE-10 OPS,1
G20,Enfermedad de Parkinson,G,CIE-10 OPS,1
G21,Parkinsonismo secundario,G,CIE-10 OPS,1
G23,Otras enfermedades degenerativas de los núcleos de la base,G,CIE-10 OPS,1
G24,Distonía,G,CIE-10 OPS,1
G25,Otros trastornos extrapiramidales y del movimiento,G,CIE-10 OPS,1
G30,Enfermedad de Alzheimer,G,CIE-10 OPS,1
G31,"Otras enfermedades degenerativas del sistema nervioso, no",G,CIE-10 OPS,1
G35,Esclerosis múltiple,G,CIE-10 OPS,1
G36,Otras desmielinizaciones diseminadas agudas,G,CIE-10 OPS,1
G37,Otras enfermedades desmielinizantes del sistema nervioso central,G,CIE-10 OPS,1
G40,Epilepsia,G,CIE-10 OPS,1
G41,Estado de mal epiléptico,G,CIE-10 OPS,1
G43,Migraña,G,CIE-10 OPS,1
G44,Otros síndromes de cefalea,G,CIE-10 OPS,1
G45,Ataques de isquemia cerebral transitoria y síndromes afines,G,CIE-10 OPS,1
G47,Trastornos del sueño,G,CIE-10 OPS,1
G50,Trastornos del nervio trigémino,G,CIE-10 OPS,1
G51,Trastornos del nervio facial,G,CIE-10 OPS,1
G52,Trastornos de otros nervios craneales,G,CIE-10 OPS,1
G54,Trastornos de las raíces y de los plexos nerviosos,G,CIE-10 OPS,1
G56,Mononeuropatías del miembro superior,G,CIE-10 OPS,1
G57,Mononeuropatías del miembro inferior,G,CIE-10 OPS,1
G58,Otras mononeuropatías,G,CIE-10 OPS,1
G60,Neuropatía hereditaria e idiopática,G,CIE-10 OPS,1
G61,Polineuropatía inflamatoria,G,CIE-10 OPS,1
G62,Otras polineuropatías,G,CIE-10 OPS,1
G64,Otros trastornos del sistema nervioso periférico,G,CIE-10 OPS,1
G70,Miastenia gravis y otros trastornos neuromusculares,G,CIE-10 OPS,1
G71,Trastornos musculares primarios,G,CIE-10 OPS,1
G72,Otras miopatías,G,CIE-10 OPS,1
G80,Parálisis cerebral,G,CIE-10 OPS,1
G81,Hemiplejía,G,CIE-10 OPS,1
G82,Paraplejía y cuadriplejía,G,CIE-10 OPS,1
G83,Otros síndromes paralíticos,G,CIE-10 OPS,1
G90,Trastornos del sistema nervioso autónomo,G,CIE-10 OPS,1
G91,Hidrocéfalo,G,CIE-10 OPS,1
G92,Encefalopatía tóxica,G,CIE-10 OPS,1
G93,Otros trastornos del encéfalo,G,CIE-10 OPS,1
G95,Otras enfermedades de la médula espinal,G,CIE-10 OPS,1
G96,Otros trastornos del sistema nervioso central,G,CIE-10 OPS,1
G97,"Trastornos del sistema nervioso consecutivos a procedimientos, no",G,CIE-10 OPS,1
G98,"Otros trastornos del sistema nervioso, no clasificados en otra parte",G,CIE-10 OPS,1
H00,Orzuelo y calacio,H,CIE-10 OPS,1
H01,Otras inflamaciones del párpado,H,CIE-10 OPS,1
H02,Otros trastornos de los párpados,H,CIE-10 OPS,1
H04,Trastornos del aparato lagrimal,H,CIE-10 OPS,1
H05,Trastornos de la órbita,H,CIE-10 OPS,1
H10,Conjuntivitis,H,CIE-10 OPS,1
H11,Otros trastornos de la conjuntiva,H,CIE-10 OPS,1
H15,Trastornos de la esclerótica,H,CIE-10 OPS,1
H16,Queratitis,H,CIE-10 OPS,1
H17,Opacidades y cicatrices corneales,H,CIE-10 OPS,1
H18,Otros trastornos de la córnea,H,CIE-10 OPS,1
H20,Iridociclitis,H,CIE-10 OPS,1
H21,Otros trastornos del iris y del cuerpo ciliar,H,CIE-10 OPS,1
H25,Catarata senil,H,CIE-10 OPS,1
H26,Otras cataratas,H,CIE-10 OPS,1
H27,Otros trastornos del cristalino,H,CIE-10 OPS,1
H30,Inflamación coriorretiniana,H,CIE-10 OPS,1
H31,Otros trastornos de la coroides,H,CIE-10 OPS,1
H33,Desprendimiento y desgarro de la retina,H,CIE-10 OPS,1
H34,Oclusión vascular de la retina,H,CIE-10 OPS,1
H35,Otros trastornos de la retina,H,CIE-10 OPS,1
H40,Glaucoma,H,CIE-10 OPS,1
H43,Trastornos del cuerpo vítreo,H,CIE-10 OPS,1
H44,Trastornos del globo ocular,H,CIE-10 OPS,1
H46,Neuritis óptica,H,CIE-10 OPS,1
H47,Otros trastornos del nervio óptico [II par] y de las vías ópticas,H,CIE-10 OPS,1
H49,Estrabismo paralítico,H,CIE-10 OPS,1
H50,Otros estrabismos,H,CIE-10 OPS,1
H51,Otros trastornos de los movimientos binoculares,H,CIE-10 OPS,1
H52,Trastornos de la acomodación y de la refracción,H,CIE-10 OPS,1
H53,Alteraciones de la visión,H,CIE-10 OPS,1
H54,Ceguera y disminución de la agudeza visual,H,CIE-10 OPS,1
H55,Nistagmo y otros movimientos oculares irregulares,H,CIE-10 OPS,1
H57,Otros trastornos del ojo y sus anexos,H,CIE-10 OPS,1
H59,"Trastornos del ojo y sus anexos consecutivos a procedimientos, no",H,CIE-10 OPS,1
H60,Otitis externa,H,CIE-10 OPS,1
H61,Otros trastornos del oído externo,H,CIE-10 OPS,1
H65,Otitis media no supurativa,H,CIE-10 OPS,1
H66,Otitis media supurativa y la no especificada,H,CIE-10 OPS,1
H68,Inflamación y obstrucción de la trompa de Eustaquio,H,CIE-10 OPS,1
H69,Otros trastornos de la trompa de Eustaquio,H,CIE-10 OPS,1
H70,Mastoiditis y afecciones relacionadas,H,CIE-10 OPS,1
H71,Colesteatoma del oído medio,H,CIE-10 OPS,1
H72,Perforación de la membrana timpánica,H,CIE-10 OPS,1
H73,Otros trastornos de la membrana timpánica,H,CIE-10 OPS,1
H74,Otros trastornos del oído medio y de la apófisis mastoides,H,CIE-10 OPS,1
H80,Otosclerosis,H,CIE-10 OPS,1
H81,Trastornos de la función vestibular,H,CIE-10 OPS,1
H83,Otros trastornos del oído interno,H,CIE-10 OPS,1
H90,Hipoacusia conductiva y neurosensorial,H,CIE-10 OPS,1
H91,Otras hipoacusias,H,CIE-10 OPS,1
H92,Otalgia y secreción del oído,H,CIE-10 OPS,1
H93,"Otros trastornos del oído, no clasificados en otra parte",H,CIE-10 OPS,1
H95,Trastornos del oído y de la apófisis mastoides consecutivos a,H,CIE-10 OPS,1
I00,Fiebre reumática sin mención de complicación cardíaca,I,CIE-10 OPS,1
I01,Fiebre reumática con complicación cardíaca,I,CIE-10 OPS,1
I02,Corea reumática,I,CIE-10 OPS,1
I05,Enfermedades reumáticas de la válvula mitral,I,CIE-10 OPS,1
I06,Enfermedades reumáticas de la válvula aórtica,I,CIE-10 OPS,1
I07,Enfermedades reumáticas de la válvula tricúspide,I,CIE-10 OPS,1
I08,Enfermedades valvulares múltiples,I,CIE-10 OPS,1
I09,Otras enfermedades reumáticas del corazón,I,CIE-10 OPS,1
I10,Hipertensión esencial (primaria),I,CIE-10 OPS,1
I11,Enfermedad cardíaca hipertensiva,I,CIE-10 OPS,1
I12,Enfermedad renal hipertensiva,I,CIE-10 OPS,1
I13,Enfermedad cardiorrenal hipertensiva,I,CIE-10 OPS,1
I15,Hipertensión secundaria,I,CIE-10 OPS,1
I20,Angina de pecho,I,CIE-10 OPS,1
I21,Infarto agudo del miocardio,I,CIE-10 OPS,1
I22,Infarto subsecuente del miocardio,I,CIE-10 OPS,1
I23,Ciertas complicaciones presentes posteriores al infarto agudo del,I,CIE-10 OPS,1
I24,Otras enfermedades isquémicas agudas del corazón,I,CIE-10 OPS,1
I25,Enfermedad isquémica crónica del corazón,I,CIE-10 OPS,1
I26,Embolia pulmonar,I,CIE-10 OPS,1
I27,Otras enfermedades cardiopulmonares,I,CIE-10 OPS,1
I28,Otras enfermedades de los vasos pulmonares,I,CIE-10 OPS,1
I30,Pericarditis aguda,I,CIE-10 OPS,1
I31,Otras enfermedades del pericardio,I,CIE-10 OPS,1
I33,Endocarditis aguda y subaguda,I,CIE-10 OPS,1
I34,Trastornos no reumáticos de la válvula mitral,I,CIE-10 OPS,1
I35,Trastornos no reumáticos de la válvula aórtica,I,CIE-10 OPS,1
I36,Trastornos no reumáticos de la válvula tricúspide,I,CIE-10 OPS,1
I37,Trastornos de la válvula pulmonar,I,CIE-10 OPS,1
I38,"Endocarditis, válvula no especificada",I,CIE-10 OPS,1
I40,Miocarditis aguda,I,CIE-10 OPS,1
I42,Cardiomiopatía,I,CIE-10 OPS,1
I44,Bloqueo auriculoventricular y de rama izquierda del haz,I,CIE-10 OPS,1
I45,Otros trastornos de la conducción,I,CIE-10 OPS,1
I46,Paro cardíaco,I,CIE-10 OPS,1
I47,Taquicardia paroxística,I,CIE-10 OPS,1
I48,Fibrilación y aleteo auricular,I,CIE-10 OPS,1
I49,Otras arritmias cardíacas,I,CIE-10 OPS,1
I50,Insuficiencia cardíaca,I,CIE-10 OPS,1
I51,Complicaciones y descripciones mal definidas de enfermedad,I,CIE-10 OPS,1
I60,Hemorragia subaracnoidea,I,CIE-10 OPS,1
I61,Hemorragia intraencefálica,I,CIE-10 OPS,1
I62,Otras hemorragias intracraneales no traumáticas,I,CIE-10 OPS,1
I63,Infarto cerebral,I,CIE-10 OPS,1
I64,"Accidente vascular encefálico agudo, no especificado como",I,CIE-10 OPS,1
I65,Oclusión y estenosis de las arterias precerebrales sin ocasionar,I,CIE-10 OPS,1
I66,Oclusión y estenosis de las arterias cerebrales sin ocasionar infarto,I,CIE-10 OPS,1
I67,Otras enfermedades cerebrovasculares,I,CIE-10 OPS,1
I69,Secuelas de enfermedad cerebrovascular,I,CIE-10 OPS,1
I70,Aterosclerosis,I,CIE-10 OPS,1
I71,Aneurisma y disección aórticos,I,CIE-10 OPS,1
I72,Otros aneurismas,I,CIE-10 OPS,1
I73,Otras enfermedades vasculares periféricas,I,CIE-10 OPS,1
I74,Embolia y trombosis arteriales,I,CIE-10 OPS,1
I77,Otros trastornos arteriales o arteriolares,I,CIE-10 OPS,1
I78,Enfermedades de los vasos capilares,I,CIE-10 OPS,1
I80,Flebitis y tromboflebitis,I,CIE-10 OPS,1
I81,Trombosis de la vena porta,I,CIE-10 OPS,1
I82,Otras embolias y trombosis venosas,I,CIE-10 OPS,1
I83,Venas varicosas de los miembros inferiores,I,CIE-10 OPS,1
I84,Hemorroides,I,CIE-10 OPS,1
I85,Várices esofágicas,I,CIE-10 OPS,1
I86,Várices de otros sitios,I,CIE-10 OPS,1
I87,Otros trastornos de las venas,I,CIE-10 OPS,1
I88,Linfadenitis inespecífica,I,CIE-10 OPS,1
I89,Otros trastornos no infecciosos de los vasos y ganglios linfáticos,I,CIE-10 OPS,1
I95,Hipotensión,I,CIE-10 OPS,1
I97,"Trastornos del sistema circulatorio consecutivos a procedimientos,",I,CIE-10 OPS,1
I99,Otros trastornos y los no especificados del sistema circulatorio,I,CIE-10 OPS,1
J00,Rinofaringitis aguda [resfriado común],J,CIE-10 OPS,1
J01,Sinusitis aguda,J,CIE-10 OPS,1
J02,Faringitis aguda,J,CIE-10 OPS,1
J03,Amigdalitis aguda,J,CIE-10 OPS,1
J04,Laringitis y traqueítis agudas,J,CIE-10 OPS,1
J05,Laringitis obstructiva aguda [crup] y epiglotitis,J,CIE-10 OPS,1
J06,"Infecciones agudas de las vías respiratorias superiores, de sitios",J,CIE-10 OPS,1
J09,Influenza debida a virus de la influenza aviar identificado,J,CIE-10 OPS,1
J10,Influenza debida a otro virus de la influenza identificado,J,CIE-10 OPS,1
J11,Influenza debida a virus no identificado,J,CIE-10 OPS,1
J12,"Neumonía viral, no clasificada en otra parte",J,CIE-10 OPS,1
J13,Neumonía debida a Streptococcus pneumoniae,J,CIE-10 OPS,1
J14,Neumonía debida a Haemophilus influenzae,J,CIE-10 OPS,1
J15,"Neumonía bacteriana, no clasificada en otra parte",J,CIE-10 OPS,1
J16,"Neumonía debida a otros microorganismos infecciosos, no",J,CIE-10 OPS,1
J18,"Neumonía, organismo no especificado",J,CIE-10 OPS,1
J20,Bronquitis aguda,J,CIE-10 OPS,1
J21,Bronquiolitis aguda,J,CIE-10 OPS,1
J22,Infección aguda no especificada de las vías respiratorias inferiores,J,CIE-10 OPS,1
J30,Rinitis alérgica y vasomotora,J,CIE-10 OPS,1
J31,"Rinitis, rinofaringitis y faringitis crónicas",J,CIE-10 OPS,1
J32,Sinusitis crónica,J,CIE-10 OPS,1
J33,Pólipo nasal,J,CIE-10 OPS,1
J34,Otros trastornos de la nariz y de los senos paranasales,J,CIE-10 OPS,1
J35,Enfermedades crónicas de las amígdalas y de las adenoides,J,CIE-10 OPS,1
J36,Absceso periamigdalino,J,CIE-10 OPS,1
J37,Laringitis y laringotraqueítis crónicas,J,CIE-10 OPS,1
J38,"Enfermedades de las cuerdas vocales y de la laringe, no",J,CIE-10 OPS,1
J39,Otras enfermedades de las vías respiratorias superiores,J,CIE-10 OPS,1
J40,"Bronquitis, no especificada como aguda o crónica",J,CIE-10 OPS,1
J41,Bronquitis crónica simple y mucopurulenta,J,CIE-10 OPS,1
J42,Bronquitis crónica no especificada,J,CIE-10 OPS,1
J43,Enfisema,J,CIE-10 OPS,1
J44,Otras enfermedades pulmonares obstructivas crónicas,J,CIE-10 OPS,1
J45,Asma,J,CIE-10 OPS,1
J46,Estado asmático,J,CIE-10 OPS,1
J47,Bronquiectasia,J,CIE-10 OPS,1
J60,Neumoconiosis de los mineros del carbón,J,CIE-10 OPS,1
J61,Neumoconiosis debida al asbesto y a otras fibras minerales,J,CIE-10 OPS,1
J62,Neumoconiosis debida a polvo de sílice,J,CIE-10 OPS,1
J63,Neumoconiosis debida a otros polvos inorgánicos,J,CIE-10 OPS,1
J64,"Neumoconiosis, no especificada",J,CIE-10 OPS,1
J65,Neumoconiosis asociada con tuberculosis,J,CIE-10 OPS,1
J66,Enfermedades de las vías aéreas debidas a polvos orgánicos,J,CIE-10 OPS,1
J67,Neumonitis debida a hipersensibilidad al polvo orgánico,J,CIE-10 OPS,1
J68,"Afecciones respiratorias debidas a inhalación de gases, humos,",J,CIE-10 OPS,1
J69,Neumonitis debida a sólidos y líquidos,J,CIE-10 OPS,1
J70,Afecciones respiratorias debidas a otros agentes externos,J,CIE-10 OPS,1
J80,Síndrome de dificultad respiratoria del adulto,J,CIE-10 OPS,1
J81,Edema pulmonar,J,CIE-10 OPS,1
J82,"Eosinofilia pulmonar, no clasificada en otra parte",J,CIE-10 OPS,1
J84,Otras enfermedades pulmonares intersticiales,J,CIE-10 OPS,1
J85,Absceso del pulmón y del mediastino,J,CIE-10 OPS,1
J86,Piotórax,J,CIE-10 OPS,1
J90,Derrame pleural no clasificado en otra parte,J,CIE-10 OPS,1
J92,Paquipleuritis,J,CIE-10 OPS,1
J93,Neumotórax,J,CIE-10 OPS,1
J94,Otras afecciones de la pleura,J,CIE-10 OPS,1
J95,"Trastornos del sistema respiratorio consecutivos a procedimientos,",J,CIE-10 OPS,1
J96,"Insuficiencia respiratoria, no clasificada en otra parte",J,CIE-10 OPS,1
J98,Otros trastornos respiratorios,J,CIE-10 OPS,1
K00,Trastornos del desarrollo y de la erupción de los dientes,K,CIE-10 OPS,1
K01,Dientes incluidos e impactados,K,CIE-10 OPS,1
K02,Caries dental,K,CIE-10 OPS,1
K03,Otras enfermedades de los tejidos duros de los dientes,K,CIE-10 OPS,1
K04,Enfermedades de la pulpa y de los tejidos periapicales,K,CIE-10 OPS,1
K05,Gingivitis y enfermedades periodontales,K,CIE-10 OPS,1
K06,Otros trastornos de la encía y de la zona edéntula,K,CIE-10 OPS,1
K07,Anomalías dentofaciales [incluso la maloclusión],K,CIE-10 OPS,1
K08,Otros trastornos de los dientes y de sus estructuras de sostén,K,CIE-10 OPS,1
K09,"Quistes de la región bucal, no clasificados en otra parte",K,CIE-10 OPS,1
K10,Otras enfermedades de los maxilares,K,CIE-10 OPS,1
K11,Enfermedades de las glándulas salivales,K,CIE-10 OPS,1
K12,Estomatitis y lesiones afines,K,CIE-10 OPS,1
K13,Otras enfermedades de los labios y de la mucosa bucal,K,CIE-10 OPS,1
K14,Enfermedades de la lengua,K,CIE-10 OPS,1
K20,Esofagitis,K,CIE-10 OPS,1
K21,Enfermedad del reflujo gastroesofágico,K,CIE-10 OPS,1
K22,Otras enfermedades del esófago,K,CIE-10 OPS,1
K25,Úlcera gástrica,K,CIE-10 OPS,1
K26,Úlcera duodenal,K,CIE-10 OPS,1
K27,"Úlcera péptica, de sitio no especificado",K,CIE-10 OPS,1
K28,Úlcera gastroyeyunal,K,CIE-10 OPS,1
K29,Gastritis y duodenitis,K,CIE-10 OPS,1
K30,Dispepsia,K,CIE-10 OPS,1
K31,Otras enfermedades del estómago y del duodeno,K,CIE-10 OPS,1
K35,Apendicitis aguda,K,CIE-10 OPS,1
K36,Otros tipos de apendicitis,K,CIE-10 OPS,1
K37,"Apendicitis, no especificada",K,CIE-10 OPS,1
K38,Otras enfermedades del apéndice,K,CIE-10 OPS,1
K40,Hernia inguinal,K,CIE-10 OPS,1
K41,Hernia femoral,K,CIE-10 OPS,1
K42,Hernia umbilical,K,CIE-10 OPS,1
K43,Hernia ventral,K,CIE-10 OPS,1
K44,Hernia diafragmática,K,CIE-10 OPS,1
K45,Otras hernias de la cavidad abdominal,K,CIE-10 OPS,1
K46,Hernia no especificada de la cavidad abdominal,K,CIE-10 OPS,1
K50,Enfermedad de Crohn [enteritis regional],K,CIE-10 OPS,1
K51,Colitis ulcerativa,K,CIE-10 OPS,1
K52,Otras colitis y gastroenteritis no infecciosas,K,CIE-10 OPS,1
K55,Trastornos vasculares de los intestinos,K,CIE-10 OPS,1
K56,Íleo paralítico y obstrucción intestinal sin hernia,K,CIE-10 OPS,1
K57,Enfermedad diverticular del intestino,K,CIE-10 OPS,1
K58,Síndrome del colon irritable,K,CIE-10 OPS,1
K59,Otros trastornos funcionales del intestino,K,CIE-10 OPS,1
K60,Fisura y fístula de las regiones anal y rectal,K,CIE-10 OPS,1
K61,Absceso de las regiones anal y rectal,K,CIE-10 OPS,1
K62,Otras enfermedades del ano y del recto,K,CIE-10 OPS,1
K63,Otras enfermedades de los intestinos,K,CIE-10 OPS,1
K65,Peritonitis,K,CIE-10 OPS,1
K66,Otros trastornos del peritoneo,K,CIE-10 OPS,1
K70,Enfermedad alcohólica del hígado,K,CIE-10 OPS,1
K71,Enfermedad tóxica del hígado,K,CIE-10 OPS,1
K72,"Insuficiencia hepática, no clasificada en otra parte",K,CIE-10 OPS,1
K73,"Hepatitis crónica, no clasificada en otra parte",K,CIE-10 OPS,1
K74,Fibrosis y cirrosis del hígado,K,CIE-10 OPS,1
K75,Otras enfermedades inflamatorias del hígado,K,CIE-10 OPS,1
K76,Otras enfermedades del hígado,K,CIE-10 OPS,1
K80,Colelitiasis,K,CIE-10 OPS,1
K81,Colecistitis,K,CIE-10 OPS,1
K82,Otras enfermedades de la vesícula biliar,K,CIE-10 OPS,1
K83,Otras enfermedades de las vías biliares,K,CIE-10 OPS,1
K85,Pancreatitis aguda,K,CIE-10 OPS,1
K86,Otras enfermedades del páncreas,K,CIE-10 OPS,1
K90,Malabsorción intestinal,K,CIE-10 OPS,1
K91,"Trastornos del sistema digestivo consecutivos a procedimientos, no",K,CIE-10 OPS,1
K92,Otras enfermedades del sistema digestivo,K,CIE-10 OPS,1
L00,Síndrome estafilocócico de la piel escaldada,L,CIE-10 OPS,1
L01,Impétigo,L,CIE-10 OPS,1
L02,"Absceso cutáneo, furúnculo y carbunco",L,CIE-10 OPS,1
L03,Celulitis,L,CIE-10 OPS,1
L04,Linfadenitis aguda,L,CIE-10 OPS,1
L05,Quiste pilonidal,L,CIE-10 OPS,1
L08,Otras infecciones locales de la piel y del tejido subcutáneo,L,CIE-10 OPS,1
L10,Pénfigo,L,CIE-10 OPS,1
L11,Otros trastornos acantolíticos,L,CIE-10 OPS,1
L12,Penfigoide,L,CIE-10 OPS,1
L13,Otros trastornos flictenulares,L,CIE-10 OPS,1
L20,Dermatitis atópica,L,CIE-10 OPS,1
L21,Dermatitis seborreica,L,CIE-10 OPS,1
L22,Dermatitis del pañal,L,CIE-10 OPS,1
L23,Dermatitis alérgica de contacto,L,CIE-10 OPS,1
L24,Dermatitis de contacto por irritantes,L,CIE-10 OPS,1
L25,"Dermatitis de contacto, forma no especificada",L,CIE-10 OPS,1
L26,Dermatitis exfoliativa,L,CIE-10 OPS,1
L27,Dermatitis debida a sustancias ingeridas,L,CIE-10 OPS,1
L28,Liquen simple crónico y prurigo,L,CIE-10 OPS,1
L29,Prurito,L,CIE-10 OPS,1
L30,Otras dermatitis,L,CIE-10 OPS,1
L40,Psoriasis,L,CIE-10 OPS,1
L41,Parapsoriasis,L,CIE-10 OPS,1
L42,Pitiriasis rosada,L,CIE-10 OPS,1
L43,Liquen plano,L,CIE-10 OPS,1
L44,Otros trastornos papuloescamosos,L,CIE-10 OPS,1
L50,Urticaria,L,CIE-10 OPS,1
L51,Eritema multiforme,L,CIE-10 OPS,1
L52,Eritema nudoso,L,CIE-10 OPS,1
L53,Otras afecciones eritematosas,L,CIE-10 OPS,1
L55,Quemadura solar,L,CIE-10 OPS,1
L56,Otros cambios agudos de la piel debidos a radiación ultravioleta,L,CIE-10 OPS,1
L57,Cambios de la piel debidos a exposición crónica a radiación no,L,CIE-10 OPS,1
L58,Radiodermatitis,L,CIE-10 OPS,1
L59,Otros trastornos de la piel y del tejido subcutáneo relacionados con,L,CIE-10 OPS,1
L60,Trastornos de las uñas,L,CIE-10 OPS,1
L63,Alopecia areata,L,CIE-10 OPS,1
L64,Alopecia andrógena,L,CIE-10 OPS,1
L65,Otra pérdida no cicatricial del pelo,L,CIE-10 OPS,1
L66,Alopecia cicatricial [pérdida cicatricial del pelo],L,CIE-10 OPS,1
L67,Anormalidades del tallo y del color del pelo,L,CIE-10 OPS,1
L68,Hipertricosis,L,CIE-10 OPS,1
L70,Acné,L,CIE-10 OPS,1
L71,Rosácea,L,CIE-10 OPS,1
L72,Quiste folicular de la piel y del tejido subcutáneo,L,CIE-10 OPS,1
L73,Otros trastornos foliculares,L,CIE-10 OPS,1
L74,Trastornos sudoríparos ecrinos,L,CIE-10 OPS,1
L75,Trastornos sudoríparos apocrinos,L,CIE-10 OPS,1
L80,Vitíligo,L,CIE-10 OPS,1
L81,Otros trastornos de la pigmentación,L,CIE-10 OPS,1
L82,Queratosis seborreica,L,CIE-10 OPS,1
L83,Acantosis nigricans,L,CIE-10 OPS,1
L84,Callos y callosidades,L,CIE-10 OPS,1
L85,Otros tipos de engrosamiento epidérmico,L,CIE-10 OPS,1
L87,Trastornos de la eliminación transepidérmica,L,CIE-10 OPS,1
L88,Pioderma gangrenoso,L,CIE-10 OPS,1
L89,Úlcera de decúbito,L,CIE-10 OPS,1
L90,Trastornos atróficos de la piel,L,CIE-10 OPS,1
L91,Trastornos hipertróficos de la piel,L,CIE-10 OPS,1
L92,Trastornos granulomatosos de la piel y del tejido subcutáneo,L,CIE-10 OPS,1
L93,Lupus eritematoso,L,CIE-10 OPS,1
L94,Otros trastornos localizados del tejido conjuntivo,L,CIE-10 OPS,1
L95,"Vasculitis limitada a la piel, no clasificada en otra parte",L,CIE-10 OPS,1
L97,"Úlcera de miembro inferior, no clasificada en otra parte",L,CIE-10 OPS,1
L98,"Otros trastornos de la piel y del tejido subcutáneo, no clasificados",L,CIE-10 OPS,1
M00,Artritis piógena,M,CIE-10 OPS,1
M02,Artropatías reactivas,M,CIE-10 OPS,1
M05,Artritis reumatoide seropositiva,M,CIE-10 OPS,1
M06,Otras artritis reumatoides,M,CIE-10 OPS,1
M08,Artritis juvenil,M,CIE-10 OPS,1
M10,Gota,M,CIE-10 OPS,1
M11,Otras artropatías por cristales,M,CIE-10 OPS,1
M12,Otras artropatías específicas,M,CIE-10 OPS,1
M13,Otras artritis,M,CIE-10 OPS,1
M15,Poliartrosis,M,CIE-10 OPS,1
M16,Coxartrosis [artrosis de la cadera],M,CIE-10 OPS,1
M17,Gonartrosis [artrosis de la rodilla],M,CIE-10 OPS,1
M18,Artrosis de la primera articulación carpometacarpiana,M,CIE-10 OPS,1
M19,Otras artrosis,M,CIE-10 OPS,1
M20,Deformidades adquiridas de los dedos de la mano y del pie,M,CIE-10 OPS,1
M21,Otras deformidades adquiridas de los miembros,M,CIE-10 OPS,1
M22,Trastorno de la rótula,M,CIE-10 OPS,1
M23,Trastorno interno de la rodilla,M,CIE-10 OPS,1
M24,Otros trastornos articulares específicos,M,CIE-10 OPS,1
M25,"Otros trastornos articulares, no clasificados en otra parte",M,CIE-10 OPS,1
M30,Poliarteritis nudosa y afecciones relacionadas,M,CIE-10 OPS,1
M31,Otras vasculopatías necrotizantes,M,CIE-10 OPS,1
M32,Lupus eritematoso sistémico,M,CIE-10 OPS,1
M33,Dermatopolimiositis,M,CIE-10 OPS,1
M34,Esclerosis sistémica,M,CIE-10 OPS,1
M35,Otro compromiso sistémico del tejido conjuntivo,M,CIE-10 OPS,1
M40,Cifosis y lordosis,M,CIE-10 OPS,1
M41,Escoliosis,M,CIE-10 OPS,1
M42,Osteocondrosis de la columna vertebral,M,CIE-10 OPS,1
M43,Otras dorsopatías deformantes,M,CIE-10 OPS,1
M45,Espondilitis anquilosante,M,CIE-10 OPS,1
M46,Otras espondilopatías inflamatorias,M,CIE-10 OPS,1
M47,Espondilosis,M,CIE-10 OPS,1
M48,Otras espondilopatías,M,CIE-10 OPS,1
M50,Trastornos de disco cervical,M,CIE-10 OPS,1
M51,Otros trastornos de los discos intervertebrales,M,CIE-10 OPS,1
M53,"Otras dorsopatías, no clasificadas en otra parte",M,CIE-10 OPS,1
M54,Dorsalgia,M,CIE-10 OPS,1
M60,Miositis,M,CIE-10 OPS,1
M61,Calcificación y osificación del músculo,M,CIE-10 OPS,1
M62,Otros trastornos de los músculos,M,CIE-10 OPS,1
M65,Sinovitis y tenosinovitis,M,CIE-10 OPS,1
M66,Ruptura espontánea de la sinovia y del tendón,M,CIE-10 OPS,1
M67,Otros trastornos de la sinovia y del tendón,M,CIE-10 OPS,1
M70,"Trastornos de los tejidos blandos relacionados con el uso, el uso",M,CIE-10 OPS,1
M71,Otras bursopatías,M,CIE-10 OPS,1
M72,Trastornos fibroblásticos,M,CIE-10 OPS,1
M75,Lesiones del hombro,M,CIE-10 OPS,1
M76,"Entesopatías del miembro inferior, excluido el pie",M,CIE-10 OPS,1
M77,Otras entesopatías,M,CIE-10 OPS,1
M79,"Otros trastornos de los tejidos blandos, no clasificados en otra parte",M,CIE-10 OPS,1
M80,Osteoporosis con fractura patológica,M,CIE-10 OPS,1
M81,Osteoporosis sin fractura patológica,M,CIE-10 OPS,1
M83,Osteomalacia del adulto,M,CIE-10 OPS,1
M84,Trastornos de la continuidad del hueso,M,CIE-10 OPS,1
M85,Otros trastornos de la densidad y de la estructura óseas,M,CIE-10 OPS,1
M86,Osteomielitis,M,CIE-10 OPS,1
M87,Osteonecrosis,M,CIE-10 OPS,1
M88,Enfermedad de Paget de los huesos [osteítis deformante],M,CIE-10 OPS,1
M89,Otros trastornos del hueso,M,CIE-10 OPS,1
M91,Osteocondrosis juvenil de la cadera y de la pelvis,M,CIE-10 OPS,1
M92,Otras osteocondrosis juveniles,M,CIE-10 OPS,1
M93,Otras osteocondropatías,M,CIE-10 OPS,1
M94,Otros trastornos del cartílago,M,CIE-10 OPS,1
M95,Otras deformidades adquiridas del sistema osteomuscular y del,M,CIE-10 OPS,1
M96,"Trastornos osteomusculares consecutivos a procedimientos, no",M,CIE-10 OPS,1
M99,"Lesiones biomecánicas, no clasificadas en otra parte",M,CIE-10 OPS,1
N00,Síndrome nefrítico agudo,N,CIE-10 OPS,1
N01,Síndrome nefrítico rápidamente progresivo,N,CIE-10 OPS,1
N02,Hematuria recurrente y persistente,N,CIE-10 OPS,1
N03,Síndrome nefrítico crónico,N,CIE-10 OPS,1
N04,Síndrome nefrótico,N,CIE-10 OPS,1
N05,Síndrome nefrítico no especificado,N,CIE-10 OPS,1
N06,Proteinuria aislada con lesión morfológica especificada,N,CIE-10 OPS,1
N07,"Nefropatía hereditaria, no clasificada en otra parte",N,CIE-10 OPS,1
N10,Nefritis tubulointersticial aguda,N,CIE-10 OPS,1
N11,Nefritis tubulointersticial crónica,N,CIE-10 OPS,1
N12,"Nefritis tubulointersticial, no especificada como aguda o crónica",N,CIE-10 OPS,1
N13,Uropatía obstructiva y por reflujo,N,CIE-10 OPS,1
N14,Afecciones tubulares y tubulointersticiales inducidas por drogas y,N,CIE-10 OPS,1
N15,Otras enfermedades renales tubulointersticiales,N,CIE-10 OPS,1
N17,Insuficiencia renal aguda,N,CIE-10 OPS,1
N18,Insuficiencia renal crónica,N,CIE-10 OPS,1
N19,Insuficiencia renal no especificada,N,CIE-10 OPS,1
N20,Cálculo del riñón y del uréter,N,CIE-10 OPS,1
N21,Cálculo de las vías urinarias inferiores,N,CIE-10 OPS,1
N23,"Cólico renal, no especificado",N,CIE-10 OPS,1
N25,Trastornos resultantes de la función tubular renal alterada,N,CIE-10 OPS,1
N26,"Riñón contraído, no especificado",N,CIE-10 OPS,1
N27,Riñón pequeño de causa desconocida,N,CIE-10 OPS,1
N28,"Otros trastornos del riñón y del uréter, no clasificados en otra parte",N,CIE-10 OPS,1
N30,Cistitis,N,CIE-10 OPS,1
N31,"Disfunción neuromuscular de la vejiga, no clasificada en otra parte",N,CIE-10 OPS,1
N32,Otros trastornos de la vejiga,N,CIE-10 OPS,1
N34,Uretritis y síndrome uretral,N,CIE-10 OPS,1
N35,Estrechez uretral,N,CIE-10 OPS,1
N36,Otros trastornos de la uretra,N,CIE-10 OPS,1
N39,Otros trastornos del sistema urinario,N,CIE-10 OPS,1
N40,Hiperplasia de la próstata,N,CIE-10 OPS,1
N41,Enfermedades inflamatorias de la próstata,N,CIE-10 OPS,1
N42,Otros trastornos de la próstata,N,CIE-10 OPS,1
N43,Hidrocele y espermatocele,N,CIE-10 OPS,1
N44,Torsión del testículo,N,CIE-10 OPS,1
N45,Orquitis y epididimitis,N,CIE-10 OPS,1
N46,Esterilidad en el varón,N,CIE-10 OPS,1
N47,"Prepucio redundante, fimosis y parafimosis",N,CIE-10 OPS,1
N48,Otros trastornos del pene,N,CIE-10 OPS,1
N49,"Trastornos inflamatorios de órganos genitales masculinos, no",N,CIE-10 OPS,1
N50,Otros trastornos de los órganos genitales masculinos,N,CIE-10 OPS,1
N60,Displasia mamaria benigna,N,CIE-10 OPS,1
N61,Trastornos inflamatorios de la mama,N,CIE-10 OPS,1
N62,Hipertrofia de la mama,N,CIE-10 OPS,1
N63,Masa no especificada en la mama,N,CIE-10 OPS,1
N64,Otros trastornos de la mama,N,CIE-10 OPS,1
N70,Salpingitis y ooforitis,N,CIE-10 OPS,1
N71,"Enfermedad inflamatoria del útero, excepto del cuello uterino",N,CIE-10 OPS,1
N72,Enfermedad inflamatoria del cuello uterino,N,CIE-10 OPS,1
N73,Otras enfermedades pélvicas inflamatorias femeninas,N,CIE-10 OPS,1
N75,Enfermedades de la glándula de Bartholin,N,CIE-10 OPS,1
N76,Otras enfermedades inflamatorias de la vagina y de la vulva,N,CIE-10 OPS,1
N80,Endometriosis,N,CIE-10 OPS,1
N81,Prolapso genital femenino,N,CIE-10 OPS,1
N82,Fístulas que afectan el tracto genital femenino,N,CIE-10 OPS,1
N83,"Trastornos no inflamatorios del ovario, de la trompa de Falopio y",N,CIE-10 OPS,1
N84,Pólipo del tracto genital femenino,N,CIE-10 OPS,1
N85,"Otros trastornos no inflamatorios del útero, excepto del cuello",N,CIE-10 OPS,1
N86,Erosión y ectropión del cuello del útero,N,CIE-10 OPS,1
N87,Displasia del cuello uterino,N,CIE-10 OPS,1
N88,Otros trastornos no inflamatorios del cuello del útero,N,CIE-10 OPS,1
N89,Otros trastornos no inflamatorios de la vagina,N,CIE-10 OPS,1
N90,Otros trastornos no inflamatorios de la vulva y del perineo,N,CIE-10 OPS,1
N91,"Menstruación ausente, escasa o rara",N,CIE-10 OPS,1
N92,"Menstruación excesiva, frecuente e irregular",N,CIE-10 OPS,1
N93,Otras hemorragias uterinas o vaginales anormales,N,CIE-10 OPS,1
N94,Dolor y otras afecciones relacionadas con los órganos genitales,N,CIE-10 OPS,1
N95,Otros trastornos menopáusicos y perimenopáusicos,N,CIE-10 OPS,1
N96,Abortadora habitual,N,CIE-10 OPS,1
N97,Infertilidad femenina,N,CIE-10 OPS,1
N98,Complicaciones asociadas con la fecundación artificial,N,CIE-10 OPS,1
N99,Trastornos del sistema genitourinario consecutivos a,N,CIE-10 OPS,1
O00,Embarazo ectópico,O,CIE-10 OPS,1
O01,Mola hidatiforme,O,CIE-10 OPS,1
O02,Otros productos anormales de la concepción,O,CIE-10 OPS,1
O03,Aborto espontáneo,O,CIE-10 OPS,1
O04,Aborto médico,O,CIE-10 OPS,1
O05,Otro aborto,O,CIE-10 OPS,1
O06,Aborto no especificado,O,CIE-10 OPS,1
O07,Intento fallido de aborto,O,CIE-10 OPS,1
O08,"Complicaciones consecutivas al aborto, al embarazo ectópico y al",O,CIE-10 OPS,1
O10,"Hipertensión preexistente que complica el embarazo, el parto y el",O,CIE-10 OPS,1
O11,"Trastornos hipertensivos preexistentes, con proteinuria agregada",O,CIE-10 OPS,1
O12,Edema y proteinuria gestacionales [inducidos por el embarazo] sin,O,CIE-10 OPS,1
O13,Hipertensión gestacional [inducida por el embarazo] sin proteinuria,O,CIE-10 OPS,1
O14,Hipertensión gestacional [inducida por el embarazo] con,O,CIE-10 OPS,1
O15,Eclampsia,O,CIE-10 OPS,1
O16,"Hipertensión materna, no especificada",O,CIE-10 OPS,1
O20,Hemorragia precoz del embarazo,O,CIE-10 OPS,1
O21,Vómitos excesivos en el embarazo,O,CIE-10 OPS,1
O22,Complicaciones venosas en el embarazo,O,CIE-10 OPS,1
O23,Infección de las vías genitourinarias en el embarazo,O,CIE-10 OPS,1
O24,Diabetes mellitus en el embarazo,O,CIE-10 OPS,1
O25,Desnutrición en el embarazo,O,CIE-10 OPS,1
O26,Atención a la madre por otras complicaciones principalmente,O,CIE-10 OPS,1
O28,Hallazgos anormales en el examen prenatal de la madre,O,CIE-10 OPS,1
O29,Complicaciones de la anestesia administrada durante el embarazo,O,CIE-10 OPS,1
O30,Embarazo múltiple,O,CIE-10 OPS,1
O31,Complicaciones específicas del embarazo múltiple,O,CIE-10 OPS,1
O32,"Atención materna por presentación anormal del feto, conocida o",O,CIE-10 OPS,1
O33,Atención materna por desproporción conocida o presunta,O,CIE-10 OPS,1
O34,Atención materna por anormalidades conocidas o presuntas de los,O,CIE-10 OPS,1
O35,"Atención materna por anormalidad o lesión fetal, conocida o",O,CIE-10 OPS,1
O36,Atención materna por otros problemas fetales conocidos o,O,CIE-10 OPS,1
O40,Polihidramnios,O,CIE-10 OPS,1
O41,Otros trastornos del líquido amniótico y de las membranas,O,CIE-10 OPS,1
O42,Ruptura prematura de las membranas,O,CIE-10 OPS,1
O43,Trastornos placentarios,O,CIE-10 OPS,1
O44,Placenta previa,O,CIE-10 OPS,1
O45,Desprendimiento prematuro de la placenta [abruptio placentae],O,CIE-10 OPS,1
O46,"Hemorragia anteparto, no clasificada en otra parte",O,CIE-10 OPS,1
O47,Falso trabajo de parto,O,CIE-10 OPS,1
O48,Embarazo prolongado,O,CIE-10 OPS,1
O60,Trabajo de parto prematuro,O,CIE-10 OPS,1
O61,Fracaso de la inducción del trabajo de parto,O,CIE-10 OPS,1
O62,Anormalidades de la dinámica del trabajo de parto,O,CIE-10 OPS,1
O63,Trabajo de parto prolongado,O,CIE-10 OPS,1
O64,Trabajo de parto obstruido debido a mala posición y presentación,O,CIE-10 OPS,1
O65,Trabajo de parto obstruido debido a anormalidad de la pelvis materna,O,CIE-10 OPS,1
O66,Otras obstrucciones del trabajo de parto,O,CIE-10 OPS,1
O67,"Trabajo de parto y parto complicados por hemorragia intraparto, no",O,CIE-10 OPS,1
O68,Trabajo de parto y parto complicados por sufrimiento fetal,O,CIE-10 OPS,1
O69,Trabajo de parto y parto complicados por problemas del cordón,O,CIE-10 OPS,1
O70,Desgarro perineal durante el parto,O,CIE-10 OPS,1
O71,Otro trauma obstétrico,O,CIE-10 OPS,1
O72,Hemorragia postparto,O,CIE-10 OPS,1
O73,"Retención de la placenta o de las membranas, sin hemorragia",O,CIE-10 OPS,1
O74,Complicaciones de la anestesia administrada durante el trabajo de,O,CIE-10 OPS,1
O75,"Otras complicaciones del trabajo de parto y del parto, no",O,CIE-10 OPS,1
O80,Parto único espontáneo,O,CIE-10 OPS,1
O81,Parto único con fórceps y ventosa extractora,O,CIE-10 OPS,1
O82,Parto único por cesárea,O,CIE-10 OPS,1
O83,Otros partos únicos asistidos,O,CIE-10 OPS,1
O84,Parto múltiple,O,CIE-10 OPS,1
O85,Sepsis puerperal,O,CIE-10 OPS,1
O86,Otras infecciones puerperales,O,CIE-10 OPS,1
O87,Complicaciones venosas en el puerperio,O,CIE-10 OPS,1
O88,Embolia obstétrica,O,CIE-10 OPS,1
O89,Complicaciones de la anestesia administrada durante el puerperio,O,CIE-10 OPS,1
O90,"Complicaciones del puerperio, no clasificadas en otra parte",O,CIE-10 OPS,1
O91,Infecciones de la mama asociadas con el parto,O,CIE-10 OPS,1
O92,Otros trastornos de la mama y de la lactancia asociados con el,O,CIE-10 OPS,1
O94,"Secuelas de complicaciones del embarazo, del parto y del puerperio",O,CIE-10 OPS,1
O95,Muerte obstétrica de causa no especificada,O,CIE-10 OPS,1
O96,Muerte materna debida a cualquier causa obstétrica que ocurre,O,CIE-10 OPS,1
O97,Muerte por secuelas de causas obstétricas directas,O,CIE-10 OPS,1
O98,Enfermedades maternas infecciosas y parasitarias clasificables en,O,CIE-10 OPS,1
O99,"Otras enfermedades maternas clasificables en otra parte, pero que",O,CIE-10 OPS,1
P00,Feto y recién nacido afectados por condiciones de la madre no,P,CIE-10 OPS,1
P01,Feto y recién nacido afectados por complicaciones maternas del,P,CIE-10 OPS,1
P02,"Feto y recién nacido afectados por complicaciones de la placenta,",P,CIE-10 OPS,1
P03,Feto y recién nacido afectados por otras complicaciones del trabajo,P,CIE-10 OPS,1
P04,Feto y recién nacido afectados por influencias nocivas transmitidas,P,CIE-10 OPS,1
P05,Retardo del crecimiento fetal y desnutrición fetal,P,CIE-10 OPS,1
P07,Trastornos relacionados con duración corta de la gestación y con,P,CIE-10 OPS,1
P08,Trastornos relacionados con el embarazo prolongado y con,P,CIE-10 OPS,1
P10,Hemorragia y laceración intracraneal debidas a traumatismo del,P,CIE-10 OPS,1
P11,Otros traumatismos del nacimiento en el sistema nervioso central,P,CIE-10 OPS,1
P12,Traumatismo del nacimiento en el cuero cabelludo,P,CIE-10 OPS,1
P13,Traumatismo del esqueleto durante el nacimiento,P,CIE-10 OPS,1
P14,Traumatismo del sistema nervioso periférico durante el nacimiento,P,CIE-10 OPS,1
P15,Otros traumatismos del nacimiento,P,CIE-10 OPS,1
P20,Hipoxia intrauterina,P,CIE-10 OPS,1
P21,Asfixia del nacimiento,P,CIE-10 OPS,1
P22,Dificultad respiratoria del recién nacido,P,CIE-10 OPS,1
P23,Neumonía congénita,P,CIE-10 OPS,1
P24,Síndromes de aspiración neonatal,P,CIE-10 OPS,1
P25,"Enfisema intersticial y afecciones relacionadas, originadas en el",P,CIE-10 OPS,1
P26,Hemorragia pulmonar originada en el período perinatal,P,CIE-10 OPS,1
P27,Enfermedad respiratoria crónica originada en el período perinatal,P,CIE-10 OPS,1
P28,"Otros problemas respiratorios del recién nacido, originados en el",P,CIE-10 OPS,1
P29,Trastornos cardiovasculares originados en el período perinatal,P,CIE-10 OPS,1
P35,Enfermedades virales congénitas,P,CIE-10 OPS,1
P36,Sepsis bacteriana del recién nacido,P,CIE-10 OPS,1
P37,Otras enfermedades infecciosas y parasitarias congénitas,P,CIE-10 OPS,1
P38,Onfalitis del recién nacido con o sin hemorragia leve,P,CIE-10 OPS,1
P39,Otras infecciones específicas del período perinatal,P,CIE-10 OPS,1
P50,Pérdida de sangre fetal,P,CIE-10 OPS,1
P51,Hemorragia umbilical del recién nacido,P,CIE-10 OPS,1
P52,Hemorragia intracraneal no traumática del feto y del recién nacido,P,CIE-10 OPS,1
P53,Enfermedad hemorrágica del feto y del recién nacido,P,CIE-10 OPS,1
P54,Otras hemorragias neonatales,P,CIE-10 OPS,1
P55,Enfermedad hemolítica del feto y del recién nacido,P,CIE-10 OPS,1
P56,Hidropesía fetal debida a enfermedad hemolítica,P,CIE-10 OPS,1
P57,Kernicterus,P,CIE-10 OPS,1
P58,Ictericia neonatal debida a otras hemólisis excesivas,P,CIE-10 OPS,1
P59,Ictericia neonatal por otras causas y por las no especificadas,P,CIE-10 OPS,1
P60,Coagulación intravascular diseminada en el feto y el recién nacido,P,CIE-10 OPS,1
P61,Otros trastornos hematológicos perinatales,P,CIE-10 OPS,1
P70,Trastornos transitorios del metabolismo de los carbohidratos,P,CIE-10 OPS,1
P71,Trastornos neonatales transitorios del metabolismo del calcio y del,P,CIE-10 OPS,1
P72,Otros trastornos endocrinos neonatales transitorios,P,CIE-10 OPS,1
P74,Otras alteraciones metabólicas y electrolíticas neonatales,P,CIE-10 OPS,1
P76,Otras obstrucciones intestinales del recién nacido,P,CIE-10 OPS,1
P77,Enterocolitis necrotizante del feto y del recién nacido,P,CIE-10 OPS,1
P78,Otros trastornos perinatales del sistema digestivo,P,CIE-10 OPS,1
P80,Hipotermia del recién nacido,P,CIE-10 OPS,1
P81,Otras alteraciones de la regulación de la temperatura en el recién,P,CIE-10 OPS,1
P83,Otras afecciones de la piel específicas del feto y del recién nacido,P,CIE-10 OPS,1
P90,Convulsiones del recién nacido,P,CIE-10 OPS,1
P91,Otras alteraciones cerebrales del recién nacido,P,CIE-10 OPS,1
P92,Problemas de la ingestión de alimentos del recién nacido,P,CIE-10 OPS,1
P93,Reacciones e intoxicaciones debidas a drogas administradas al feto,P,CIE-10 OPS,1
P94,Trastornos del tono muscular en el recién nacido,P,CIE-10 OPS,1
P95,Muerte fetal de causa no especificada,P,CIE-10 OPS,1
P96,Otras afecciones originadas en el período perinatal,P,CIE-10 OPS,1
Q00,Anencefalia y malformaciones congénitas similares,Q,CIE-10 OPS,1
Q01,Encefalocele,Q,CIE-10 OPS,1
Q02,Microcefalia,Q,CIE-10 OPS,1
Q03,Hidrocéfalo congénito,Q,CIE-10 OPS,1
Q04,Otras malformaciones congénitas del encéfalo,Q,CIE-10 OPS,1
Q05,Espina bífida,Q,CIE-10 OPS,1
Q06,Otras malformaciones congénitas de la médula espinal,Q,CIE-10 OPS,1
Q07,Otras malformaciones congénitas del sistema nervioso,Q,CIE-10 OPS,1
Q10,"Malformaciones congénitas de los párpados, del aparato lagrimal y",Q,CIE-10 OPS,1
Q11,"Anoftalmía, microftalmía y macroftalmía",Q,CIE-10 OPS,1
Q12,Malformaciones congénitas del cristalino,Q,CIE-10 OPS,1
Q13,Malformaciones congénitas del segmento anterior del ojo,Q,CIE-10 OPS,1
Q14,Malformaciones congénitas del segmento posterior del ojo,Q,CIE-10 OPS,1
Q15,Otras malformaciones congénitas del ojo,Q,CIE-10 OPS,1
Q16,Malformaciones congénitas del oído que causan alteración de la,Q,CIE-10 OPS,1
Q17,Otras malformaciones congénitas del oído,Q,CIE-10 OPS,1
Q18,Otras malformaciones congénitas de la cara y del cuello,Q,CIE-10 OPS,1
Q20,Malformaciones congénitas de las cámaras cardíacas y sus,Q,CIE-10 OPS,1
Q21,Malformaciones congénitas de los tabiques cardíacos,Q,CIE-10 OPS,1
Q22,Malformaciones congénitas de las válvulas pulmonar y tricúspide,Q,CIE-10 OPS,1
Q23,Malformaciones congénitas de las válvulas aórtica y mitral,Q,CIE-10 OPS,1
Q24,Otras malformaciones congénitas del corazón,Q,CIE-10 OPS,1
Q25,Malformaciones congénitas de las grandes arterias,Q,CIE-10 OPS,1
Q26,Malformaciones congénitas de las grandes venas,Q,CIE-10 OPS,1
Q27,Otras malformaciones congénitas del sistema vascular periférico,Q,CIE-10 OPS,1
Q28,Otras malformaciones congénitas del sistema circulatorio,Q,CIE-10 OPS,1
Q30,Malformaciones congénitas de la nariz,Q,CIE-10 OPS,1
Q31,Malformaciones congénitas de la laringe,Q,CIE-10 OPS,1
Q32,Malformaciones congénitas de la tráquea y de los bronquios,Q,CIE-10 OPS,1
Q33,Malformaciones congénitas del pulmón,Q,CIE-10 OPS,1
Q34,Otras malformaciones congénitas del sistema respiratorio,Q,CIE-10 OPS,1
Q35,Fisura del paladar,Q,CIE-10 OPS,1
Q36,Labio leporino,Q,CIE-10 OPS,1
Q37,Fisura del paladar con labio leporino,Q,CIE-10 OPS,1
Q38,"Otras malformaciones congénitas de la lengua, de la boca y de la",Q,CIE-10 OPS,1
Q39,Malformaciones congénitas del esófago,Q,CIE-10 OPS,1
Q40,Otras malformaciones congénitas de la parte superior del tubo,Q,CIE-10 OPS,1
Q41,"Ausencia, atresia y estenosis congénita del intestino delgado",Q,CIE-10 OPS,1
Q42,"Ausencia, atresia y estenosis congénita del intestino grueso",Q,CIE-10 OPS,1
Q43,Otras malformaciones congénitas del intestino,Q,CIE-10 OPS,1
Q44,"Malformaciones congénitas de la vesícula biliar, de los conductos",Q,CIE-10 OPS,1
Q45,Otras malformaciones congénitas del sistema digestivo,Q,CIE-10 OPS,1
Q50,"Malformaciones congénitas de los ovarios, de las trompas de",Q,CIE-10 OPS,1
Q51,Malformaciones congénitas del útero y del cuello uterino,Q,CIE-10 OPS,1
Q52,Otras malformaciones congénitas de los órganos genitales,Q,CIE-10 OPS,1
Q53,Testículo no descendido,Q,CIE-10 OPS,1
Q54,Hipospadias,Q,CIE-10 OPS,1
Q55,Otras malformaciones congénitas de los órganos genitales,Q,CIE-10 OPS,1
Q56,Sexo indeterminado y seudohermafroditismo,Q,CIE-10 OPS,1
Q60,Agenesia renal y otras malformaciones hipoplásicas del riñón,Q,CIE-10 OPS,1
Q61,Enfermedad quística del riñón,Q,CIE-10 OPS,1
Q62,Defectos obstructivos congénitos de la pelvis renal y,Q,CIE-10 OPS,1
Q63,Otras malformaciones congénitas del riñón,Q,CIE-10 OPS,1
Q64,Otras malformaciones congénitas del sistema urinario,Q,CIE-10 OPS,1
Q65,Deformidades congénitas de la cadera,Q,CIE-10 OPS,1
Q66,Deformidades congénitas de los pies,Q,CIE-10 OPS,1
Q67,"Deformidades osteomusculares congénitas de la cabeza, de la cara,",Q,CIE-10 OPS,1
Q68,Otras deformidades osteomusculares congénitas,Q,CIE-10 OPS,1
Q69,Polidactilia,Q,CIE-10 OPS,1
Q70,Sindactilia,Q,CIE-10 OPS,1
Q71,Defectos por reducción del miembro superior,Q,CIE-10 OPS,1
Q72,Defectos por reducción del miembro inferior,Q,CIE-10 OPS,1
Q73,Defectos por reducción de miembro no especificado,Q,CIE-10 OPS,1
Q74,Otras anomalías congénitas del (de los) miembro(s),Q,CIE-10 OPS,1
Q75,Otras malformaciones congénitas de los huesos del cráneo y de la,Q,CIE-10 OPS,1
Q76,Malformaciones congénitas de la columna vertebral y tórax óseo,Q,CIE-10 OPS,1
Q77,Osteocondrodisplasia con defecto del crecimiento de los huesos,Q,CIE-10 OPS,1
Q78,Otras osteocondrodisplasias,Q,CIE-10 OPS,1
Q79,"Malformaciones congénitas del sistema osteomuscular, no",Q,CIE-10 OPS,1
Q80,Ictiosis congénita,Q,CIE-10 OPS,1
Q81,Epidermólisis bullosa,Q,CIE-10 OPS,1
Q82,Otras malformaciones congénitas de la piel,Q,CIE-10 OPS,1
Q83,Malformaciones congénitas de la mama,Q,CIE-10 OPS,1
Q84,Otras malformaciones congénitas de las faneras,Q,CIE-10 OPS,1
Q85,"Facomatosis, no clasificada en otra parte",Q,CIE-10 OPS,1
Q86,Síndromes de malformaciones congénitas debidos a causas,Q,CIE-10 OPS,1
Q87,Otros síndromes de malformaciones congénitas especificados que,Q,CIE-10 OPS,1
Q89,"Otras malformaciones congénitas, no clasificadas en otra parte",Q,CIE-10 OPS,1
Q90,Síndrome de Down,Q,CIE-10 OPS,1
Q91,Síndrome de Edwards y síndrome de Patau,Q,CIE-10 OPS,1
Q92,"Otras trisomías y trisomías parciales de los autosomas, no",Q,CIE-10 OPS,1
Q93,"Monosomías y supresiones de los autosomas, no clasificadas en",Q,CIE-10 OPS,1
Q95,"Reordenamientos equilibrados y marcadores estructurales, no",Q,CIE-10 OPS,1
Q96,Síndrome de Turner,Q,CIE-10 OPS,1
Q97,"Otras anomalías de los cromosomas sexuales, con fenotipo",Q,CIE-10 OPS,1
Q98,"Otras anomalías de los cromosomas sexuales, con fenotipo",Q,CIE-10 OPS,1
Q99,"Otras anomalías cromosómicas, no clasificadas en otra parte",Q,CIE-10 OPS,1
R00,Anormalidades del latido cardíaco,R,CIE-10 OPS,1
R01,Soplos y otros sonidos cardíacos,R,CIE-10 OPS,1
R02,"Gangrena, no clasificada en otra parte",R,CIE-10 OPS,1
R03,"Lectura de presión sanguínea anormal, sin diagnóstico",R,CIE-10 OPS,1
R04,Hemorragias de las vías respiratorias,R,CIE-10 OPS,1
R05,Tos,R,CIE-10 OPS,1
R06,Anormalidades de la respiración,R,CIE-10 OPS,1
R07,Dolor de garganta y en el pecho,R,CIE-10 OPS,1
R09,Otros síntomas y signos que involucran los sistemas circulatorio y,R,CIE-10 OPS,1
R10,Dolor abdominal y pélvico,R,CIE-10 OPS,1
R11,Náusea y vómito,R,CIE-10 OPS,1
R12,Acidez,R,CIE-10 OPS,1
R13,Disfagia,R,CIE-10 OPS,1
R14,Flatulencia y afecciones afines,R,CIE-10 OPS,1
R15,Incontinencia fecal,R,CIE-10 OPS,1
R16,"Hepatomegalia y esplenomegalia, no clasificadas en otra parte",R,CIE-10 OPS,1
R17,Ictericia no especificada,R,CIE-10 OPS,1
R18,Ascitis,R,CIE-10 OPS,1
R19,Otros síntomas y signos que involucran el sistema digestivo y el,R,CIE-10 OPS,1
R20,Alteraciones de la sensibilidad cutánea,R,CIE-10 OPS,1
R21,Salpullido y otras erupciones cutáneas no especificadas,R,CIE-10 OPS,1
R22,"Tumefacción, masa o prominencia de la piel y del tejido",R,CIE-10 OPS,1
R23,Otros cambios en la piel,R,CIE-10 OPS,1
R25,Movimientos involuntarios anormales,R,CIE-10 OPS,1
R26,Anormalidades de la marcha y de la movilidad,R,CIE-10 OPS,1
R27,Otras fallas de coordinación,R,CIE-10 OPS,1
R29,Otros síntomas y signos que involucran los sistemas nervioso y,R,CIE-10 OPS,1
R30,Dolor asociado con la micción,R,CIE-10 OPS,1
R31,"Hematuria, no especificada",R,CIE-10 OPS,1
R32,"Incontinencia urinaria, no especificada",R,CIE-10 OPS,1
R33,Retención de orina,R,CIE-10 OPS,1
R34,Anuria y oliguria,R,CIE-10 OPS,1
R35,Poliuria,R,CIE-10 OPS,1
R36,Descarga uretral,R,CIE-10 OPS,1
R39,Otros síntomas y signos que involucran el sistema urinario,R,CIE-10 OPS,1
R40,"Somnolencia, estupor y coma",R,CIE-10 OPS,1
R41,Otros síntomas y signos que involucran la función cognoscitiva y,R,CIE-10 OPS,1
R42,Mareo y desvanecimiento,R,CIE-10 OPS,1
R43,Trastornos del olfato y del gusto,R,CIE-10 OPS,1
R44,Otros síntomas y signos que involucran las sensaciones y,R,CIE-10 OPS,1
R45,Síntomas y signos que involucran el estado emocional,R,CIE-10 OPS,1
R46,Síntomas y signos que involucran la apariencia y el,R,CIE-10 OPS,1
R47,"Alteraciones del habla, no clasificadas en otra parte",R,CIE-10 OPS,1
R48,"Dislexia y otras disfunciones simbólicas, no clasificadas en otra parte",R,CIE-10 OPS,1
R49,Alteraciones de la voz,R,CIE-10 OPS,1
R50,Fiebre de otro origen y de origen desconocido,R,CIE-10 OPS,1
R51,Cefalea,R,CIE-10 OPS,1
R52,"Dolor, no clasificado en otra parte",R,CIE-10 OPS,1
R53,Malestar y fatiga,R,CIE-10 OPS,1
R54,Senilidad,R,CIE-10 OPS,1
R55,Síncope y colapso,R,CIE-10 OPS,1
R56,"Convulsiones, no clasificadas en otra parte",R,CIE-10 OPS,1
R57,"Choque, no clasificado en otra parte",R,CIE-10 OPS,1
R58,"Hemorragia, no clasificada en otra parte",R,CIE-10 OPS,1
R59,Adenomegalia,R,CIE-10 OPS,1
R60,"Edema, no clasificado en otra parte",R,CIE-10 OPS,1
R61,Hiperhidrosis,R,CIE-10 OPS,1
R62,Falta del desarrollo fisiológico normal esperado,R,CIE-10 OPS,1
R63,Síntomas y signos concernientes a la alimentación y a la ingestión,R,CIE-10 OPS,1
R64,Caquexia,R,CIE-10 OPS,1
R68,Otros síntomas y signos generales,R,CIE-10 OPS,1
R69,Causas de morbilidad desconocidas y no especificadas,R,CIE-10 OPS,1
R70,Velocidad de eritrosedimentación elevada y otras anormalidades de,R,CIE-10 OPS,1
R71,Anormalidad de los eritrocitos,R,CIE-10 OPS,1
R72,"Anormalidades de los leucocitos, no clasificadas en otra parte",R,CIE-10 OPS,1
R73,Nivel elevado de glucosa en sangre,R,CIE-10 OPS,1
R74,Nivel anormal de enzimas en suero,R,CIE-10 OPS,1
R75,Evidencias de laboratorio del virus de la inmunodeficiencia,R,CIE-10 OPS,1
R76,Otros hallazgos inmunológicos anormales en suero,R,CIE-10 OPS,1
R77,Otras anormalidades de las proteínas plasmáticas,R,CIE-10 OPS,1
R78,Hallazgo de drogas y otras sustancias que normalmente no se,R,CIE-10 OPS,1
R79,Otros hallazgos anormales en la química sanguínea,R,CIE-10 OPS,1
R80,Proteinuria aislada,R,CIE-10 OPS,1
R81,Glucosuria,R,CIE-10 OPS,1
R82,Otros hallazgos anormales en la orina,R,CIE-10 OPS,1
R83,Hallazgos anormales en el líquido cefalorraquídeo,R,CIE-10 OPS,1
R84,Hallazgos anormales en muestras tomadas de órganos respiratorios,R,CIE-10 OPS,1
R85,Hallazgos anormales en muestras tomadas de órganos digestivos y,R,CIE-10 OPS,1
R86,Hallazgos anormales en muestras tomadas de órganos genitales,R,CIE-10 OPS,1
R87,Hallazgos anormales en muestras tomadas de órganos genitales,R,CIE-10 OPS,1
R89,"Hallazgos anormales en muestras tomadas de otros órganos,",R,CIE-10 OPS,1
R90,Hallazgos anormales en diagnóstico por imagen del sistema,R,CIE-10 OPS,1
R91,Hallazgos anormales en diagnóstico por imagen del pulmón,R,CIE-10 OPS,1
R92,Hallazgos anormales en diagnóstico por imagen de la mama,R,CIE-10 OPS,1
R93,Hallazgos anormales en diagnóstico por imagen de otras,R,CIE-10 OPS,1
R94,Resultados anormales de estudios funcionales,R,CIE-10 OPS,1
R95,Síndrome de la muerte súbita infantil,R,CIE-10 OPS,1
R96,Otras muertes súbitas de causa desconocida,R,CIE-10 OPS,1
R98,Muerte sin asistencia,R,CIE-10 OPS,1
R99,Otras causas mal definidas y las no especificadas de mortalidad,R,CIE-10 OPS,1
S00,Traumatismo superficial de la cabeza,S,CIE-10 OPS,1
S01,Herida de la cabeza,S,CIE-10 OPS,1
S02,Fractura de huesos del cráneo y de la cara,S,CIE-10 OPS,1
S03,"Luxación, esguince y torcedura de articulaciones y de ligamentos",S,CIE-10 OPS,1
S04,Traumatismo de nervios craneales,S,CIE-10 OPS,1
S05,Traumatismo del ojo y de la órbita,S,CIE-10 OPS,1
S06,Traumatismo intracraneal,S,CIE-10 OPS,1
S07,Traumatismo por aplastamiento de la cabeza,S,CIE-10 OPS,1
S08,Amputación traumática de parte de la cabeza,S,CIE-10 OPS,1
S09,Otros traumatismos y los no especificados de la cabeza,S,CIE-10 OPS,1
S10,Traumatismo superficial del cuello,S,CIE-10 OPS,1
S11,Herida del cuello,S,CIE-10 OPS,1
S12,Fractura del cuello,S,CIE-10 OPS,1
S13,"Luxación, esguince y torcedura de articulaciones y ligamentos del",S,CIE-10 OPS,1
S14,Traumatismo de la médula espinal y de nervios a nivel del cuello,S,CIE-10 OPS,1
S15,Traumatismo de vasos sanguíneos a nivel del cuello,S,CIE-10 OPS,1
S16,Traumatismo de tendón y músculos a nivel del cuello,S,CIE-10 OPS,1
S17,Traumatismo por aplastamiento del cuello,S,CIE-10 OPS,1
S18,Amputación traumática a nivel del cuello,S,CIE-10 OPS,1
S19,Otros traumatismos y los no especificados del cuello,S,CIE-10 OPS,1
S20,Traumatismo superficial del tórax,S,CIE-10 OPS,1
S21,Herida del tórax,S,CIE-10 OPS,1
S22,"Fractura de las costillas, del esternón y de la columna torácica",S,CIE-10 OPS,1
S23,"Luxación, esguince y torcedura de articulaciones y ligamentos del",S,CIE-10 OPS,1
S24,Traumatismo de nervios y de la médula espinal a nivel del tórax,S,CIE-10 OPS,1
S25,Traumatismo de vasos sanguíneos del tórax,S,CIE-10 OPS,1
S26,Traumatismo del corazón,S,CIE-10 OPS,1
S27,Traumatismo de otros órganos intratorácicos y de los no,S,CIE-10 OPS,1
S28,Traumatismo por aplastamiento del tórax y amputación traumática,S,CIE-10 OPS,1
S29,Otros traumatismos y los no especificados del tórax,S,CIE-10 OPS,1
S30,"Traumatismo superficial del abdomen, de la región lumbosacra y",S,CIE-10 OPS,1
S31,"Herida del abdomen, de la región lumbosacra y de la pelvis",S,CIE-10 OPS,1
S32,Fractura de la columna lumbar y de la pelvis,S,CIE-10 OPS,1
S33,"Luxación, esguince y torcedura de articulaciones y ligamentos de",S,CIE-10 OPS,1
S34,"Traumatismo de los nervios y de la médula espinal lumbar, a nivel",S,CIE-10 OPS,1
S35,"Traumatismo de vasos sanguíneos a nivel del abdomen, de la",S,CIE-10 OPS,1
S36,Traumatismo de órganos intraabdominales,S,CIE-10 OPS,1
S37,Traumatismo de órganos pélvicos,S,CIE-10 OPS,1
S38,Traumatismo por aplastamiento y amputación traumática de parte,S,CIE-10 OPS,1
S39,"Otros traumatismos y los no especificados del abdomen, de la",S,CIE-10 OPS,1
S40,Traumatismo superficial del hombro y del brazo,S,CIE-10 OPS,1
S41,Herida del hombro y del brazo,S,CIE-10 OPS,1
S42,Fractura del hombro y del brazo,S,CIE-10 OPS,1
S43,"Luxación, esguince y torcedura de articulaciones y ligamentos de",S,CIE-10 OPS,1
S44,Traumatismo de nervios a nivel del hombro y del brazo,S,CIE-10 OPS,1
S45,Traumatismo de vasos sanguíneos a nivel del hombro y del brazo,S,CIE-10 OPS,1
S46,Traumatismo de tendón y músculo a nivel del hombro y del brazo,S,CIE-10 OPS,1
S47,Traumatismo por aplastamiento del hombro y del brazo,S,CIE-10 OPS,1
S48,Amputación traumática del hombro y del brazo,S,CIE-10 OPS,1
S49,Otros traumatismos y los no especificados del hombro y del brazo,S,CIE-10 OPS,1
S50,Traumatismo superficial del antebrazo y del codo,S,CIE-10 OPS,1
S51,Herida del antebrazo y del codo,S,CIE-10 OPS,1
S52,Fractura del antebrazo,S,CIE-10 OPS,1
S53,"Luxación, esguince y torcedura de articulaciones y ligamentos del",S,CIE-10 OPS,1
S54,Traumatismo de nervios a nivel del antebrazo,S,CIE-10 OPS,1
S55,Traumatismo de los vasos sanguíneos a nivel del antebrazo,S,CIE-10 OPS,1
S56,Traumatismo de tendón y músculo a nivel del antebrazo,S,CIE-10 OPS,1
S57,Traumatismo por aplastamiento del antebrazo,S,CIE-10 OPS,1
S58,Amputación traumática del antebrazo,S,CIE-10 OPS,1
S59,Otros traumatismos y los no especificados del antebrazo,S,CIE-10 OPS,1
S60,Traumatismo superficial de la muñeca y de la mano,S,CIE-10 OPS,1
S61,Herida de la muñeca y de la mano,S,CIE-10 OPS,1
S62,Fractura a nivel de la muñeca y de la mano,S,CIE-10 OPS,1
S63,"Luxación, esguince y torcedura de articulaciones y ligamentos a",S,CIE-10 OPS,1
S64,Traumatismo de nervios a nivel de la muñeca y de la mano,S,CIE-10 OPS,1
S65,Traumatismo de vasos sanguíneos a nivel de la muñeca y de la,S,CIE-10 OPS,1
S66,Traumatismo de tendón y músculo a nivel de la muñeca y de la,S,CIE-10 OPS,1
S67,Traumatismo por aplastamiento de la muñeca y de la mano,S,CIE-10 OPS,1
S68,Amputación traumática de la muñeca y de la mano,S,CIE-10 OPS,1
S69,Otros traumatismos y los no especificados de la muñeca y de la,S,CIE-10 OPS,1
S70,Traumatismo superficial de la cadera y del muslo,S,CIE-10 OPS,1
S71,Herida de la cadera y del muslo,S,CIE-10 OPS,1
S72,Fractura del fémur,S,CIE-10 OPS,1
S73,"Luxación, esguince y torcedura de la articulación y de los",S,CIE-10 OPS,1
S74,Traumatismo de nervios a nivel de la cadera y del muslo,S,CIE-10 OPS,1
S75,Traumatismo de vasos sanguíneos a nivel de la cadera y del muslo,S,CIE-10 OPS,1
S76,Traumatismo de tendón y músculo a nivel de la cadera y del muslo,S,CIE-10 OPS,1
S77,Traumatismo por aplastamiento de la cadera y del muslo,S,CIE-10 OPS,1
S78,Amputación traumática de la cadera y del muslo,S,CIE-10 OPS,1
S79,Otros traumatismos y los no especificados de la cadera y del muslo,S,CIE-10 OPS,1
S80,Traumatismo superficial de la pierna,S,CIE-10 OPS,1
S81,Herida de la pierna,S,CIE-10 OPS,1
S82,"Fractura de la pierna, inclusive el tobillo",S,CIE-10 OPS,1
S83,"Luxación, esguince y torcedura de articulaciones y ligamentos de",S,CIE-10 OPS,1
S84,Traumatismo de nervios a nivel de la pierna,S,CIE-10 OPS,1
S85,Traumatismo de vasos sanguíneos a nivel de la pierna,S,CIE-10 OPS,1
S86,Traumatismo de tendón y músculo a nivel de la pierna,S,CIE-10 OPS,1
S87,Traumatismo por aplastamiento de la pierna,S,CIE-10 OPS,1
S88,Amputación traumática de la pierna,S,CIE-10 OPS,1
S89,Otros traumatismos y los no especificados de la pierna,S,CIE-10 OPS,1
S90,Traumatismo superficial del tobillo y del pie,S,CIE-10 OPS,1
S91,Herida del tobillo y del pie,S,CIE-10 OPS,1
S92,"Fractura del pie, excepto del tobillo",S,CIE-10 OPS,1
S93,"Luxación, esguince y torcedura de articulaciones y ligamentos del",S,CIE-10 OPS,1
S94,Traumatismo de nervios a nivel del pie y del tobillo,S,CIE-10 OPS,1
S95,Traumatismo de vasos sanguíneos a nivel del pie y del tobillo,S,CIE-10 OPS,1
S96,Traumatismo de tendón y músculo a nivel del pie y del tobillo,S,CIE-10 OPS,1
S97,Traumatismo por aplastamiento del pie y del tobillo,S,CIE-10 OPS,1
S98,Amputación traumática del pie y del tobillo,S,CIE-10 OPS,1
S99,Otros traumatismos y los no especificados del pie y del tobillo,S,CIE-10 OPS,1
T00,Traumatismos superficiales que afectan múltiples regiones del,T,CIE-10 OPS,1
T01,Heridas que afectan múltiples regiones del cuerpo,T,CIE-10 OPS,1
T02,Fracturas que afectan múltiples regiones del cuerpo,T,CIE-10 OPS,1
T03,"Luxaciones, torceduras y esguinces que afectan múltiples regiones",T,CIE-10 OPS,1
T04,Traumatismos por aplastamiento que afectan múltiples regiones del,T,CIE-10 OPS,1
T05,Amputaciones traumáticas que afectan múltiples regiones del cuerpo,T,CIE-10 OPS,1
T06,"Otros traumatismos que afectan múltiples regiones del cuerpo, no",T,CIE-10 OPS,1
T07,"Traumatismos múltiples, no especificados",T,CIE-10 OPS,1
T08,"Fractura de la columna vertebral, nivel no especificado",T,CIE-10 OPS,1
T09,"Otros traumatismos de la columna vertebral y del tronco, nivel no",T,CIE-10 OPS,1
T10,"Fractura de miembro superior, nivel no especificado",T,CIE-10 OPS,1
T11,"Otros traumatismos de miembro superior, nivel no especificado",T,CIE-10 OPS,1
T12,"Fractura de miembro inferior, nivel no especificado",T,CIE-10 OPS,1
T13,"Otros traumatismos de miembro inferior, nivel no especificado",T,CIE-10 OPS,1
T14,Traumatismo de regiones no especificadas del cuerpo,T,CIE-10 OPS,1
T15,Cuerpo extraño en parte externa del ojo,T,CIE-10 OPS,1
T16,Cuerpo extraño en el oído,T,CIE-10 OPS,1
T17,Cuerpo extraño en las vías respiratorias,T,CIE-10 OPS,1
T18,Cuerpo extraño en el tubo digestivo,T,CIE-10 OPS,1
T19,Cuerpo extraño en las vías genitourinarias,T,CIE-10 OPS,1
T20,Quemadura y corrosión de la cabeza y del cuello,T,CIE-10 OPS,1
T21,Quemadura y corrosión del tronco,T,CIE-10 OPS,1
T22,"Quemadura y corrosión del hombro y miembro superior, excepto",T,CIE-10 OPS,1
T23,Quemadura y corrosión de la muñeca y de la mano,T,CIE-10 OPS,1
T24,"Quemadura y corrosión de la cadera y miembro inferior, excepto",T,CIE-10 OPS,1
T25,Quemadura y corrosión del tobillo y del pie,T,CIE-10 OPS,1
T26,Quemadura y corrosión limitada al ojo y sus anexos,T,CIE-10 OPS,1
T27,Quemadura y corrosión de las vías respiratorias,T,CIE-10 OPS,1
T28,Quemadura y corrosión de otros órganos internos,T,CIE-10 OPS,1
T29,Quemaduras y corrosiones de múltiples regiones del cuerpo,T,CIE-10 OPS,1
T30,"Quemadura y corrosión, región del cuerpo no especificada",T,CIE-10 OPS,1
T31,Quemaduras clasificadas según la extensión de la superficie del,T,CIE-10 OPS,1
T32,Corrosiones clasificadas según la extensión de la superficie del,T,CIE-10 OPS,1
T33,Congelamiento superficial,T,CIE-10 OPS,1
T34,Congelamiento con necrosis tisular,T,CIE-10 OPS,1
T35,Congelamiento que afecta múltiples regiones del cuerpo y,T,CIE-10 OPS,1
T36,Envenenamiento por antibióticos sistémicos,T,CIE-10 OPS,1
T37,Envenenamiento por otros antiinfecciosos y antiparasitarios,T,CIE-10 OPS,1
T38,Envenenamiento por hormonas y sus sustitutos y antagonistas,T,CIE-10 OPS,1
T39,"Envenenamiento por analgésicos no narcóticos, antipiréticos y",T,CIE-10 OPS,1
T40,Envenenamiento por narcóticos y psicodislépticos [alucinógenos],T,CIE-10 OPS,1
T41,Envenenamiento por anestésicos y gases terapéuticos,T,CIE-10 OPS,1
T42,"Envenenamiento por antiepilépticos, hipnóticos-sedantes y drogas",T,CIE-10 OPS,1
T43,"Envenenamiento por psicotrópicos, no clasificados en otra parte",T,CIE-10 OPS,1
T44,Envenenamiento por drogas que afectan principalmente el sistema,T,CIE-10 OPS,1
T45,Envenenamiento por agentes principalmente sistémicos y,T,CIE-10 OPS,1
T46,Envenenamiento por agentes que afectan principalmente el sistema,T,CIE-10 OPS,1
T47,Envenenamiento por agentes que afectan principalmente el sistema,T,CIE-10 OPS,1
T48,Envenenamiento por agentes con acción principal sobre los,T,CIE-10 OPS,1
T49,Envenenamiento por agentes tópicos que afectan principalmente la,T,CIE-10 OPS,1
T50,"Envenenamiento por diuréticos y otras drogas, medicamentos y",T,CIE-10 OPS,1
T51,Efecto tóxico del alcohol,T,CIE-10 OPS,1
T52,Efecto tóxico de disolventes orgánicos,T,CIE-10 OPS,1
T53,Efecto tóxico de los derivados halogenados de los hidrocarburos,T,CIE-10 OPS,1
T54,Efecto tóxico de sustancias corrosivas,T,CIE-10 OPS,1
T55,Efecto tóxico de detergentes y jabones,T,CIE-10 OPS,1
T56,Efecto tóxico de metales,T,CIE-10 OPS,1
T57,Efecto tóxico de otras sustancias inorgánicas,T,CIE-10 OPS,1
T58,Efecto tóxico del monóxido de carbono,T,CIE-10 OPS,1
T59,"Efecto tóxico de otros gases, humos y vapores",T,CIE-10 OPS,1
T60,Efecto tóxico de plaguicidas [pesticidas],T,CIE-10 OPS,1
T61,Efecto tóxico de sustancias nocivas ingeridas como alimentos,T,CIE-10 OPS,1
T62,Efecto tóxico de otras sustancias nocivas ingeridas como alimento,T,CIE-10 OPS,1
T63,Efecto tóxico del contacto con animales venenosos,T,CIE-10 OPS,1
T64,Efecto tóxico de aflatoxina y otras micotoxinas contaminantes de,T,CIE-10 OPS,1
T65,Efecto tóxico de otras sustancias y las no especificadas,T,CIE-10 OPS,1
T66,Efectos no especificados de la radiación,T,CIE-10 OPS,1
T67,Efectos del calor y de la luz,T,CIE-10 OPS,1
T68,Hipotermia,T,CIE-10 OPS,1
T69,Otros efectos de la reducción de la temperatura,T,CIE-10 OPS,1
T70,Efectos de la presión del aire y de la presión del agua,T,CIE-10 OPS,1
T71,Asfixia,T,CIE-10 OPS,1
T73,Efectos de otras privaciones,T,CIE-10 OPS,1
T74,Síndromes del maltrato,T,CIE-10 OPS,1
T75,Efectos de otras causas externas,T,CIE-10 OPS,1
T78,"Efectos adversos, no clasificados en otra parte",T,CIE-10 OPS,1
T79,"Algunas complicaciones precoces de traumatismos, no clasificadas",T,CIE-10 OPS,1
T80,"Complicaciones consecutivas a infusión, transfusión e inyección",T,CIE-10 OPS,1
T81,"Complicaciones de procedimientos, no clasificadas en otra parte",T,CIE-10 OPS,1
T82,"Complicaciones de dispositivos protésicos, implantes e injertos",T,CIE-10 OPS,1
T83,"Complicaciones de dispositivos, implantes e injertos",T,CIE-10 OPS,1
T84,"Complicaciones de dispositivos protésicos, implantes e injertos",T,CIE-10 OPS,1
T85,"Complicaciones de otros dispositivos protésicos, implantes e",T,CIE-10 OPS,1
T86,Falla y rechazo del trasplante de órganos y tejidos,T,CIE-10 OPS,1
T87,Complicaciones peculiares de la reinserción y amputación,T,CIE-10 OPS,1
T88,"Otras complicaciones de la atención médica y quirúrgica, no",T,CIE-10 OPS,1
T90,Secuelas de traumatismos de la cabeza,T,CIE-10 OPS,1
T91,Secuelas de traumatismos del cuello y del tronco,T,CIE-10 OPS,1
T92,Secuelas de traumatismos de miembro superior,T,CIE-10 OPS,1
T93,Secuelas de traumatismos de miembro inferior,T,CIE-10 OPS,1
T94,Secuelas de traumatismos que afectan múltiples regiones del,T,CIE-10 OPS,1
T95,"Secuelas de quemaduras, corrosiones y congelamientos",T,CIE-10 OPS,1
T96,"Secuelas de envenenamientos por drogas, medicamentos y",T,CIE-10 OPS,1
T97,Secuelas de efectos tóxicos de sustancias de procedencia,T,CIE-10 OPS,1
T98,Secuelas de otros efectos y los no especificados de causas externas,T,CIE-10 OPS,1
V01,Peatón lesionado por colisión con vehículo de pedal,V,CIE-10 OPS,1
V02,Peatón lesionado por colisión con vehículo de motor de dos o tres,V,CIE-10 OPS,1
V03,"Peatón lesionado por colisión con automóvil, camioneta o",V,CIE-10 OPS,1
V04,Peatón lesionado por colisión con vehículo de transporte pesado o,V,CIE-10 OPS,1
V05,Peatón lesionado por colisión con tren o vehículo de rieles,V,CIE-10 OPS,1
V06,Peatón lesionado por colisión con otros vehículos sin motor,V,CIE-10 OPS,1
V09,"Peatón lesionado en otros accidentes de transporte, y en los no",V,CIE-10 OPS,1
V10,Ciclista lesionado por colisión con peatón o animal,V,CIE-10 OPS,1
V11,Ciclista lesionado por colisión con otro ciclista,V,CIE-10 OPS,1
V12,Ciclista lesionado por colisión con vehículo de motor de dos o tres,V,CIE-10 OPS,1
V13,"Ciclista lesionado por colisión con automóvil, camioneta o",V,CIE-10 OPS,1
V14,Ciclista lesionado por colisión con vehículo de transporte pesado o,V,CIE-10 OPS,1
V15,Ciclista lesionado por colisión con tren o vehículo de rieles,V,CIE-10 OPS,1
V16,Ciclista lesionado por colisión con otros vehículos sin motor,V,CIE-10 OPS,1
V17,Ciclista lesionado por colisión con objeto estacionado o fijo,V,CIE-10 OPS,1
V18,Ciclista lesionado en accidente de transporte sin colisión,V,CIE-10 OPS,1
V19,"Ciclista lesionado en otros accidentes de transporte, y en los no",V,CIE-10 OPS,1
V20,Motociclista lesionado por colisión con peatón o animal,V,CIE-10 OPS,1
V21,Motociclista lesionado por colisión con vehículo de pedal,V,CIE-10 OPS,1
V22,Motociclista lesionado por colisión con vehículo de motor de dos o,V,CIE-10 OPS,1
V23,"Motociclista lesionado por colisión con automóvil, camioneta o",V,CIE-10 OPS,1
V24,Motociclista lesionado por colisión con vehículo de transporte,V,CIE-10 OPS,1
V25,Motociclista lesionado por colisión con tren o vehículo de rieles,V,CIE-10 OPS,1
V26,Motociclista lesionado por colisión con otros vehículos sin motor,V,CIE-10 OPS,1
V27,Motociclista lesionado por colisión con objeto fijo o estacionado,V,CIE-10 OPS,1
V28,Motociclista lesionado en accidente de transporte sin colisión,V,CIE-10 OPS,1
V29,"Motociclista lesionado en otros accidentes de transporte, y en los",V,CIE-10 OPS,1
V30,Ocupante de vehículo de motor de tres ruedas lesionado por,V,CIE-10 OPS,1
V31,Ocupante de vehículo de motor de tres ruedas lesionado por,V,CIE-10 OPS,1
V32,Ocupante de vehículo de motor de tres ruedas lesionado por,V,CIE-10 OPS,1
V33,Ocupante de vehículo de motor de tres ruedas lesionado por,V,CIE-10 OPS,1
V34,Ocupante de vehículo de motor de tres ruedas lesionado por,V,CIE-10 OPS,1
V35,Ocupante de vehículo de motor de tres ruedas lesionado por,V,CIE-10 OPS,1
V36,Ocupante de vehículo de motor de tres ruedas lesionado por,V,CIE-10 OPS,1
V37,Ocupante de vehículo de motor de tres ruedas lesionado por,V,CIE-10 OPS,1
V38,Ocupante de vehículo de motor de tres ruedas lesionado en,V,CIE-10 OPS,1
V39,Ocupante de vehículo de motor de tres ruedas lesionado en otros,V,CIE-10 OPS,1
V40,Ocupante de automóvil lesionado por colisión con peatón o,V,CIE-10 OPS,1
V41,Ocupante de automóvil lesionado por colisión con vehículo de,V,CIE-10 OPS,1
V42,Ocupante de automóvil lesionado por colisión con vehículo de,V,CIE-10 OPS,1
V43,"Ocupante de automóvil lesionado por colisión con otro automóvil,",V,CIE-10 OPS,1
V44,Ocupante de automóvil lesionado por colisión con vehículo de,V,CIE-10 OPS,1
V45,Ocupante de automóvil lesionado por colisión con tren o vehículo,V,CIE-10 OPS,1
V46,Ocupante de automóvil lesionado por colisión con otros vehículos,V,CIE-10 OPS,1
V47,Ocupante de automóvil lesionado por colisión con objeto fijo o,V,CIE-10 OPS,1
V48,Ocupante de automóvil lesionado en accidente de transporte sin,V,CIE-10 OPS,1
V49,"Ocupante de automóvil lesionado en otros accidentes de transporte,",V,CIE-10 OPS,1
V50,Ocupante de camioneta o furgoneta lesionado por colisión con,V,CIE-10 OPS,1
V51,Ocupante de camioneta o furgoneta lesionado por colisión con,V,CIE-10 OPS,1
V52,Ocupante de camioneta o furgoneta lesionado por colisión con,V,CIE-10 OPS,1
V53,Ocupante de camioneta o furgoneta lesionado por colisión con,V,CIE-10 OPS,1
V54,Ocupante de camioneta o furgoneta lesionado por colisión con,V,CIE-10 OPS,1
V55,Ocupante de camioneta o furgoneta lesionado por colisión con tren,V,CIE-10 OPS,1
V56,Ocupante de camioneta o furgoneta lesionado por colisión con,V,CIE-10 OPS,1
V57,Ocupante de camioneta o furgoneta lesionado por colisión con,V,CIE-10 OPS,1
V58,Ocupante de camioneta o furgoneta lesionado en accidente de,V,CIE-10 OPS,1
V59,Ocupante de camioneta o furgoneta lesionado en otros accidentes,V,CIE-10 OPS,1
V60,Ocupante de vehículo de transporte pesado lesionado por colisión,V,CIE-10 OPS,1
V61,Ocupante de vehículo de transporte pesado lesionado por colisión,V,CIE-10 OPS,1
V62,Ocupante de vehículo de transporte pesado lesionado por colisión,V,CIE-10 OPS,1
V63,Ocupante de vehículo de transporte pesado lesionado por colisión,V,CIE-10 OPS,1
V64,Ocupante de vehículo de transporte pesado lesionado por colisión,V,CIE-10 OPS,1
V65,Ocupante de vehículo de transporte pesado lesionado por colisión,V,CIE-10 OPS,1
V66,Ocupante de vehículo de transporte pesado lesionado por colisión,V,CIE-10 OPS,1
V67,Ocupante de vehículo de transporte pesado lesionado por colisión,V,CIE-10 OPS,1
V68,Ocupante de vehículo de transporte pesado lesionado en accidente,V,CIE-10 OPS,1
V69,Ocupante de vehículo de transporte pesado lesionado en otros,V,CIE-10 OPS,1
V70,Ocupante de autobús lesionado por colisión con peatón o animal,V,CIE-10 OPS,1
V71,Ocupante de autobús lesionado por colisión con vehículo de pedal,V,CIE-10 OPS,1
V72,Ocupante de autobús lesionado por colisión con vehículo de motor,V,CIE-10 OPS,1
V73,"Ocupante de autobús lesionado por colisión con automóvil,",V,CIE-10 OPS,1
V74,Ocupante de autobús lesionado por colisión con vehículo de,V,CIE-10 OPS,1
V75,Ocupante de autobús lesionado por colisión con tren o vehículo de,V,CIE-10 OPS,1
V76,Ocupante de autobús lesionado por colisión con otros vehículos sin,V,CIE-10 OPS,1
V77,Ocupante de autobús lesionado por colisión con objeto fijo o,V,CIE-10 OPS,1
V78,Ocupante de autobús lesionado en accidente de transporte sin,V,CIE-10 OPS,1
V79,"Ocupante de autobús lesionado en otros accidentes de transporte, y",V,CIE-10 OPS,1
V80,Jinete u ocupante de vehículo de tracción animal lesionado en,V,CIE-10 OPS,1
V81,Ocupante de tren o vehículo de rieles lesionado en accidente de,V,CIE-10 OPS,1
V82,Ocupante de tranvía lesionado en accidente de transporte,V,CIE-10 OPS,1
V83,Ocupante de vehículo especial (de motor) para uso principalmente,V,CIE-10 OPS,1
V84,Ocupante de vehículo especial (de motor) para uso principalmente,V,CIE-10 OPS,1
V85,Ocupante de vehículo especial (de motor) para construcción,V,CIE-10 OPS,1
V86,Ocupante de vehículo especial para todo terreno o de otro vehículo,V,CIE-10 OPS,1
V87,"Accidente de tránsito de tipo especificado, pero donde se",V,CIE-10 OPS,1
V88,"Accidente no de tránsito de tipo especificado, pero donde se",V,CIE-10 OPS,1
V89,"Accidente de vehículo de motor o sin motor, tipo de vehículo no",V,CIE-10 OPS,1
V90,Accidente de embarcación que causa ahogamiento y sumersión,V,CIE-10 OPS,1
V91,Accidente de embarcación que causa otros tipos de traumatismo,V,CIE-10 OPS,1
V92,"Ahogamiento y sumersión relacionados con transporte por agua,",V,CIE-10 OPS,1
V93,"Accidente en una embarcación, sin accidente a la embarcación, que",V,CIE-10 OPS,1
V94,"Otros accidentes de transporte por agua, y los no especificados",V,CIE-10 OPS,1
V95,"Accidente de aeronave de motor, con ocupante lesionado",V,CIE-10 OPS,1
V96,"Accidente de aeronave sin motor, con ocupante lesionado",V,CIE-10 OPS,1
V97,Otros accidentes de transporte aéreo especificados,V,CIE-10 OPS,1
V98,Otros accidentes de transporte especificados,V,CIE-10 OPS,1
V99,Accidente de transporte no especificado,V,CIE-10 OPS,1
W00,Caída en el mismo nivel por hielo o nieve,W,CIE-10 OPS,1
W01,"Caída en el mismo nivel por deslizamiento, tropezón y traspié",W,CIE-10 OPS,1
W02,"Caída por patines para hielo, esquís, patines de ruedas o patineta",W,CIE-10 OPS,1
W03,Otras caídas en el mismo nivel por colisión con o por empujón de,W,CIE-10 OPS,1
W04,Caída al ser trasladado o sostenido por otras personas,W,CIE-10 OPS,1
W05,Caída que implica silla de ruedas,W,CIE-10 OPS,1
W06,Caída que implica cama,W,CIE-10 OPS,1
W07,Caída que implica silla,W,CIE-10 OPS,1
W08,Caída que implica otro mueble,W,CIE-10 OPS,1
W09,Caída que implica equipos para juegos infantiles,W,CIE-10 OPS,1
W10,Caída en o desde escalera y escalones,W,CIE-10 OPS,1
W11,Caída en o desde escaleras manuales,W,CIE-10 OPS,1
W12,Caída en o desde andamio,W,CIE-10 OPS,1
W13,"Caída desde, fuera o a través de un edificio u otra construcción",W,CIE-10 OPS,1
W14,Caída desde un árbol,W,CIE-10 OPS,1
W15,Caída desde peñasco,W,CIE-10 OPS,1
W16,Salto o zambullida dentro del agua que causa otro traumatismo sin,W,CIE-10 OPS,1
W17,Otras caídas de un nivel a otro,W,CIE-10 OPS,1
W18,Otras caídas en el mismo nivel,W,CIE-10 OPS,1
W19,Caída no especificada,W,CIE-10 OPS,1
W20,"Golpe por objeto arrojado, proyectado o que cae",W,CIE-10 OPS,1
W21,Golpe contra o golpeado por equipo para deportes,W,CIE-10 OPS,1
W22,Golpe contra o golpeado por otros objetos,W,CIE-10 OPS,1
W23,"Atrapado, aplastado, trabado o apretado en o entre objetos",W,CIE-10 OPS,1
W24,"Contacto traumático con dispositivos de elevación y transmisión,",W,CIE-10 OPS,1
W25,Contacto traumático con vidrio cortante,W,CIE-10 OPS,1
W26,"Contacto traumático con cuchillo, espada, daga o puñal",W,CIE-10 OPS,1
W27,Contacto traumático con herramientas manuales sin motor,W,CIE-10 OPS,1
W28,"Contacto traumático con cortadora de césped, con motor",W,CIE-10 OPS,1
W29,Contacto traumático con otras herramientas manuales y artefactos,W,CIE-10 OPS,1
W30,Contacto traumático con maquinaria agrícola,W,CIE-10 OPS,1
W31,"Contacto traumático con otras maquinarias, y las no especificadas",W,CIE-10 OPS,1
W32,Disparo de arma corta,W,CIE-10 OPS,1
W33,"Disparo de rifle, escopeta y arma larga",W,CIE-10 OPS,1
W34,"Disparo de otras armas de fuego, y las no especificadas",W,CIE-10 OPS,1
W35,Explosión y rotura de caldera,W,CIE-10 OPS,1
W36,Explosión y rotura de cilindro con gas,W,CIE-10 OPS,1
W37,"Explosión y rotura de neumático, tubo o manguera de goma",W,CIE-10 OPS,1
W38,Explosión y rotura de otros dispositivos presurizados especificados,W,CIE-10 OPS,1
W39,Explosión de fuegos artificiales,W,CIE-10 OPS,1
W40,Explosión de otros materiales,W,CIE-10 OPS,1
W41,Exposición a chorro de alta presión,W,CIE-10 OPS,1
W42,Exposición al ruido,W,CIE-10 OPS,1
W43,Exposición a vibraciones,W,CIE-10 OPS,1
W44,Cuerpo extraño que penetra por el ojo u orificio natural,W,CIE-10 OPS,1
W45,Cuerpo extraño que penetra a través de la piel,W,CIE-10 OPS,1
W46,Contacto traumático con aguja hipodérmica,W,CIE-10 OPS,1
W49,"Exposición a otras fuerzas mecánicas inanimadas, y las no",W,CIE-10 OPS,1
W50,"Aporreo, golpe, mordedura, patada, rasguño o torcedura infligidos",W,CIE-10 OPS,1
W51,Choque o empellón contra otra persona,W,CIE-10 OPS,1
W52,"Persona aplastada, empujada o pisoteada por una multitud o",W,CIE-10 OPS,1
W53,Mordedura de rata,W,CIE-10 OPS,1
W54,Mordedura o ataque de perro,W,CIE-10 OPS,1
W55,Mordedura o ataque de otros mamíferos,W,CIE-10 OPS,1
W56,Contacto traumático con animales marinos,W,CIE-10 OPS,1
W57,Mordedura o picadura de insectos y otros artrópodos no venenosos,W,CIE-10 OPS,1
W58,Mordedura o ataque de cocodrilo o caimán,W,CIE-10 OPS,1
W59,Mordedura o aplastamiento por otros reptiles,W,CIE-10 OPS,1
W60,"Contacto traumático con aguijones, espinas u hojas cortantes de",W,CIE-10 OPS,1
W64,"Exposición a otras fuerzas mecánicas animadas, y las no",W,CIE-10 OPS,1
W65,Ahogamiento y sumersión mientras se está en la bañera,W,CIE-10 OPS,1
W66,Ahogamiento y sumersión consecutivos a caída en la bañera,W,CIE-10 OPS,1
W67,Ahogamiento y sumersión mientras se está en una piscina,W,CIE-10 OPS,1
W68,Ahogamiento y sumersión consecutivos a caída en una piscina,W,CIE-10 OPS,1
W69,Ahogamiento y sumersión mientras se está en aguas naturales,W,CIE-10 OPS,1
W70,Ahogamiento y sumersión posterior a caída en aguas naturales,W,CIE-10 OPS,1
W73,Otros ahogamientos y sumersiones especificados,W,CIE-10 OPS,1
W74,Ahogamiento y sumersión no especificados,W,CIE-10 OPS,1
W75,Sofocación y estrangulamiento accidental en la cama,W,CIE-10 OPS,1
W76,Otros estrangulamientos y ahorcamientos accidentales,W,CIE-10 OPS,1
W77,"Obstrucción de la respiración debida a hundimiento, caída de tierra",W,CIE-10 OPS,1
W78,Inhalación de contenidos gástricos,W,CIE-10 OPS,1
W79,Inhalación e ingestión de alimento que causa obstrucción de las,W,CIE-10 OPS,1
W80,Inhalación e ingestión de otros objetos que causan obstrucción de,W,CIE-10 OPS,1
W81,Confinado o atrapado en un ambiente con bajo contenido de,W,CIE-10 OPS,1
W83,Otras obstrucciones especificadas de la respiración,W,CIE-10 OPS,1
W84,Obstrucción no especificada de la respiración,W,CIE-10 OPS,1
W85,Exposición a líneas de transmisión eléctrica,W,CIE-10 OPS,1
W86,Exposición a otras corrientes eléctricas especificadas,W,CIE-10 OPS,1
W87,Exposición a corriente eléctrica no especificada,W,CIE-10 OPS,1
W88,Exposición a radiación ionizante,W,CIE-10 OPS,1
W89,"Exposición a fuente de luz visible y ultravioleta, de origen",W,CIE-10 OPS,1
W90,Exposición a otros tipos de radiación no ionizante,W,CIE-10 OPS,1
W91,Exposición a radiación de tipo no especificado,W,CIE-10 OPS,1
W92,Exposición a calor excesivo de origen artificial,W,CIE-10 OPS,1
W93,Exposición a frío excesivo de origen artificial,W,CIE-10 OPS,1
W94,Exposición a presión de aire alta y baja y a cambios en la presión,W,CIE-10 OPS,1
W99,"Exposición a otros factores ambientales y a los no especificados,",W,CIE-10 OPS,1
X00,Exposición a fuego no controlado en edificio u otra construcción,X,CIE-10 OPS,1
X01,Exposición a fuego no controlado en lugar que no es edificio u otra,X,CIE-10 OPS,1
X02,Exposición a fuego controlado en edificio u otra construcción,X,CIE-10 OPS,1
X03,Exposición a fuego controlado en lugar que no es edificio u otra,X,CIE-10 OPS,1
X04,Exposición a ignición de material altamente inflamable,X,CIE-10 OPS,1
X05,Exposición a ignición o fusión de ropas de dormir,X,CIE-10 OPS,1
X06,Exposición a ignición o fusión de otras ropas y accesorios,X,CIE-10 OPS,1
X08,"Exposición a otros humos, fuegos o llamas especificados",X,CIE-10 OPS,1
X09,"Exposición a humos, fuegos o llamas no especificados",X,CIE-10 OPS,1
X10,"Contacto con bebidas, alimentos, grasas y aceites para cocinar,",X,CIE-10 OPS,1
X11,Contacto con agua caliente corriente,X,CIE-10 OPS,1
X12,Contacto con otros líquidos calientes,X,CIE-10 OPS,1
X13,Contacto con vapor de agua y otros vapores calientes,X,CIE-10 OPS,1
X14,Contacto con aire y gases calientes,X,CIE-10 OPS,1
X15,Contacto con utensilios domésticos calientes,X,CIE-10 OPS,1
X16,"Contacto con radiadores, cañerías y artefactos para calefacción,",X,CIE-10 OPS,1
X17,"Contacto con máquinas, motores y herramientas calientes",X,CIE-10 OPS,1
X18,Contacto con otros metales calientes,X,CIE-10 OPS,1
X19,"Contacto con otras sustancias calientes, y las no especificadas",X,CIE-10 OPS,1
X20,Contacto traumático con serpientes y lagartos venenosos,X,CIE-10 OPS,1
X21,Contacto traumático con arañas venenosas,X,CIE-10 OPS,1
X22,Contacto traumático con escorpión,X,CIE-10 OPS,1
X23,"Contacto traumático con avispones, avispas y abejas",X,CIE-10 OPS,1
X24,Contacto traumático con centípodos y miriápodos venenosos,X,CIE-10 OPS,1
X25,Contacto traumático con otros artrópodos venenosos,X,CIE-10 OPS,1
X26,Contacto traumático con animales y plantas marinas venenosos,X,CIE-10 OPS,1
X27,Contacto traumático con otros animales venenosos especificados,X,CIE-10 OPS,1
X28,Contacto traumático con otras plantas venenosas especificadas,X,CIE-10 OPS,1
X29,Contacto traumático con animales y plantas venenosos no,X,CIE-10 OPS,1
X30,Exposición al calor natural excesivo,X,CIE-10 OPS,1
X31,Exposición al frío natural excesivo,X,CIE-10 OPS,1
X32,Exposición a rayos solares,X,CIE-10 OPS,1
X33,Víctima de rayo,X,CIE-10 OPS,1
X34,Víctima de terremoto,X,CIE-10 OPS,1
X35,Víctima de erupción volcánica,X,CIE-10 OPS,1
X36,"Víctima de avalancha, derrumbe y otros movimientos de tierra",X,CIE-10 OPS,1
X37,Víctima de tormenta cataclísmica,X,CIE-10 OPS,1
X38,Víctima de inundación,X,CIE-10 OPS,1
X39,"Exposición a otras fuerzas de la naturaleza, y las no especificadas",X,CIE-10 OPS,1
X40,"Envenenamiento accidental por, y exposición a analgésicos no",X,CIE-10 OPS,1
X41,"Envenenamiento accidental por, y exposición a drogas",X,CIE-10 OPS,1
X42,"Envenenamiento accidental por, y exposición a narcóticos y",X,CIE-10 OPS,1
X43,"Envenenamiento accidental por, y exposición a otras drogas que",X,CIE-10 OPS,1
X44,"Envenenamiento accidental por, y exposición a otras drogas,",X,CIE-10 OPS,1
X45,"Envenenamiento accidental por, y exposición al alcohol",X,CIE-10 OPS,1
X46,"Envenenamiento accidental por, y exposición a disolventes",X,CIE-10 OPS,1
X47,"Envenenamiento accidental por, y exposición a otros gases y",X,CIE-10 OPS,1
X48,"Envenenamiento accidental por, y exposición a plaguicidas",X,CIE-10 OPS,1
X49,"Envenenamiento accidental por, y exposición a otros productos",X,CIE-10 OPS,1
X50,Exceso de esfuerzo y movimientos extenuantes y repetitivos,X,CIE-10 OPS,1
X51,Viajes y desplazamientos,X,CIE-10 OPS,1
X52,Permanencia prolongada en ambiente sin gravedad,X,CIE-10 OPS,1
X53,Privación de alimentos,X,CIE-10 OPS,1
X54,Privación de agua,X,CIE-10 OPS,1
X57,Privación no especificada,X,CIE-10 OPS,1
X58,Exposición a otros factores especificados,X,CIE-10 OPS,1
X59,Exposición a factores no especificados,X,CIE-10 OPS,1
X60,"Envenenamiento autoinfligido intencionalmente por, y exposición a",X,CIE-10 OPS,1
X61,"Envenenamiento autoinfligido intencionalmente por, y exposición a",X,CIE-10 OPS,1
X62,"Envenenamiento autoinfligido intencionalmente por, y exposición a",X,CIE-10 OPS,1
X63,"Envenenamiento autoinfligido intencionalmente por, y exposición a",X,CIE-10 OPS,1
X64,"Envenenamiento autoinfligido intencionalmente por, y exposición a",X,CIE-10 OPS,1
X65,"Envenenamiento autoinfligido intencionalmente por, y exposición",X,CIE-10 OPS,1
X66,"Envenenamiento autoinfligido intencionalmente por, y exposición a",X,CIE-10 OPS,1
X67,"Envenenamiento autoinfligido intencionalmente por, y exposición a",X,CIE-10 OPS,1
X68,"Envenenamiento autoinfligido intencionalmente por, y exposición a",X,CIE-10 OPS,1
X69,"Envenenamiento autoinfligido intencionalmente por, y exposición a",X,CIE-10 OPS,1
X70,"Lesión autoinfligida intencionalmente por ahorcamiento,",X,CIE-10 OPS,1
X71,Lesión autoinfligida intencionalmente por ahogamiento y,X,CIE-10 OPS,1
X72,Lesión autoinfligida intencionalmente por disparo de arma corta,X,CIE-10 OPS,1
X73,"Lesión autoinfligida intencionalmente por disparo de rifle, escopeta",X,CIE-10 OPS,1
X74,Lesión autoinfligida intencionalmente por disparo de otras armas,X,CIE-10 OPS,1
X75,Lesión autoinfligida intencionalmente por material explosivo,X,CIE-10 OPS,1
X76,"Lesión autoinfligida intencionalmente por humo, fuego y llamas",X,CIE-10 OPS,1
X77,"Lesión autoinfligida intencionalmente por vapor de agua, vapores y",X,CIE-10 OPS,1
X78,Lesión autoinfligida intencionalmente por objeto cortante,X,CIE-10 OPS,1
X79,Lesión autoinfligida intencionalmente por objeto romo o sin filo,X,CIE-10 OPS,1
X80,Lesión autoinfligida intencionalmente al saltar desde un lugar,X,CIE-10 OPS,1
X81,Lesión autoinfligida intencionalmente por arrojarse o colocarse,X,CIE-10 OPS,1
X82,Lesión autoinfligida intencionalmente por colisión de vehículo de,X,CIE-10 OPS,1
X83,Lesión autoinfligida intencionalmente por otros medios,X,CIE-10 OPS,1
X84,Lesión autoinfligida intencionalmente por medios no especificados,X,CIE-10 OPS,1
X85,"Agresión con drogas, medicamentos y sustancias biológicas",X,CIE-10 OPS,1
X86,Agresión con sustancia corrosiva,X,CIE-10 OPS,1
X87,Agresión con plaguicidas,X,CIE-10 OPS,1
X88,Agresión con gases y vapores,X,CIE-10 OPS,1
X89,Agresión con otros productos químicos y sustancias nocivas,X,CIE-10 OPS,1
X90,Agresión con productos químicos y sustancias nocivas no,X,CIE-10 OPS,1
X91,"Agresión por ahorcamiento, estrangulamiento y sofocación",X,CIE-10 OPS,1
X92,Agresión por ahogamiento y sumersión,X,CIE-10 OPS,1
X93,Agresión con disparo de arma corta,X,CIE-10 OPS,1
X94,"Agresión con disparo de rifle, escopeta y arma larga",X,CIE-10 OPS,1
X95,"Agresión con disparo de otras armas de fuego, y las no",X,CIE-10 OPS,1
X96,Agresión con material explosivo,X,CIE-10 OPS,1
X97,"Agresión con humo, fuego y llamas",X,CIE-10 OPS,1
X98,"Agresión con vapor de agua, vapores y objetos calientes",X,CIE-10 OPS,1
X99,Agresión con objeto cortante,X,CIE-10 OPS,1
Y00,Agresión con objeto romo o sin filo,Y,CIE-10 OPS,1
Y01,Agresión por empujón desde un lugar elevado,Y,CIE-10 OPS,1
Y02,Agresión por empujar o colocar a la víctima delante de objeto en,Y,CIE-10 OPS,1
Y03,Agresión por colisión de vehículo de motor,Y,CIE-10 OPS,1
Y04,Agresión con fuerza corporal,Y,CIE-10 OPS,1
Y05,Agresión sexual con fuerza corporal,Y,CIE-10 OPS,1
Y06,Negligencia y abandono,Y,CIE-10 OPS,1
Y07,Otros síndromes de maltrato,Y,CIE-10 OPS,1
Y08,Agresión por otros medios especificados,Y,CIE-10 OPS,1
Y09,Agresión por medios no especificados,Y,CIE-10 OPS,1
Y10,"Envenenamiento por, y exposición a analgésicos no narcóticos,",Y,CIE-10 OPS,1
Y11,"Envenenamiento por, y exposición a drogas antiepilépticas,",Y,CIE-10 OPS,1
Y12,"Envenenamiento por, y exposición a narcóticos y psicodislépticos",Y,CIE-10 OPS,1
Y13,"Envenenamiento por, y exposición a otras drogas que actúan sobre",Y,CIE-10 OPS,1
Y14,"Envenenamiento por, y exposición a otras drogas, medicamentos y",Y,CIE-10 OPS,1
Y15,"Envenenamiento por, y exposición al alcohol, de intención no",Y,CIE-10 OPS,1
Y16,"Envenenamiento por, y exposición a disolventes orgánicos e",Y,CIE-10 OPS,1
Y17,"Envenenamiento por, y exposición a otros gases y vapores, de",Y,CIE-10 OPS,1
Y18,"Envenenamiento por, y exposición a plaguicidas, de intención no",Y,CIE-10 OPS,1
Y19,"Envenenamiento por, y exposición a otros productos químicos y",Y,CIE-10 OPS,1
Y20,"Ahorcamiento, estrangulamiento y sofocación, de intención no",Y,CIE-10 OPS,1
Y21,"Ahogamiento y sumersión, de intención no determinada",Y,CIE-10 OPS,1
Y22,"Disparo de arma corta, de intención no determinada",Y,CIE-10 OPS,1
Y23,"Disparo de rifle, escopeta y arma larga, de intención no",Y,CIE-10 OPS,1
Y24,"Disparo de otras armas de fuego, y las no especificadas, de",Y,CIE-10 OPS,1
Y25,"Contacto traumático con material explosivo, de intención no",Y,CIE-10 OPS,1
Y26,"Exposición al humo, fuego y llamas, de intención no determinada",Y,CIE-10 OPS,1
Y27,"Contacto con vapor de agua, vapores y objetos calientes, de",Y,CIE-10 OPS,1
Y28,"Contacto traumático con objeto cortante, de intención no",Y,CIE-10 OPS,1
Y29,"Contacto traumático con objeto romo o sin filo, de intención no",Y,CIE-10 OPS,1
Y30,"Caída, salto o empujón desde lugar elevado, de intención no",Y,CIE-10 OPS,1
Y31,"Caída, permanencia o carrera delante o hacia objeto en",Y,CIE-10 OPS,1
Y32,"Colisión de vehículo de motor, de intención no determinada",Y,CIE-10 OPS,1
Y33,"Otros eventos especificados, de intención no determinada",Y,CIE-10 OPS,1
Y34,"Evento no especificado, de intención no determinada",Y,CIE-10 OPS,1
Y35,Intervención legal,Y,CIE-10 OPS,1
Y36,Operaciones de guerra,Y,CIE-10 OPS,1
Y40,Efectos adversos de antibióticos sistémicos,Y,CIE-10 OPS,1
Y41,Efectos adversos de otros antiinfecciosos y antiparasitarios,Y,CIE-10 OPS,1
Y42,Efectos adversos de hormonas y sus sustitutos sintéticos y,Y,CIE-10 OPS,1
Y43,Efectos adversos de agentes sistémicos primarios,Y,CIE-10 OPS,1
Y44,Efectos adversos de agentes que afectan primariamente los,Y,CIE-10 OPS,1
Y45,"Efectos adversos de drogas analgésicas, antipiréticas y",Y,CIE-10 OPS,1
Y46,Efectos adversos de drogas antiepilépticas y antiparkinsonianas,Y,CIE-10 OPS,1
Y47,"Efectos adversos de drogas sedantes, hipnóticas y ansiolíticas",Y,CIE-10 OPS,1
Y48,Efectos adversos de gases anestésicos y terapéuticos,Y,CIE-10 OPS,1
Y49,"Efectos adversos de drogas psicotrópicas, no clasificadas en otra parte",Y,CIE-10 OPS,1
Y50,"Efectos adversos de estimulantes del sistema nervioso central, no",Y,CIE-10 OPS,1
Y51,Efectos adversos de drogas que afectan primariamente el sistema,Y,CIE-10 OPS,1
Y52,Efectos adversos de agentes que afectan primariamente el sistema,Y,CIE-10 OPS,1
Y53,Efectos adversos de agentes que afectan primariamente el sistema,Y,CIE-10 OPS,1
Y54,Efectos adversos de agentes que afectan primariamente el,Y,CIE-10 OPS,1
Y55,Efectos adversos de agentes que actúan primariamente sobre los,Y,CIE-10 OPS,1
Y56,Efectos adversos de agentes tópicos que afectan primariamente la,Y,CIE-10 OPS,1
Y57,"Efectos adversos de otras drogas y medicamentos, y los no",Y,CIE-10 OPS,1
Y58,Efectos adversos de vacunas bacterianas,Y,CIE-10 OPS,1
Y59,"Efectos adversos de otras vacunas y sustancias biológicas, y las no",Y,CIE-10 OPS,1
Y60,"Corte, punción, perforación o hemorragia no intencional durante la",Y,CIE-10 OPS,1
Y61,Objeto extraño dejado accidentalmente en el cuerpo durante la,Y,CIE-10 OPS,1
Y62,Fallas en la esterilización durante la atención médica y quirúrgica,Y,CIE-10 OPS,1
Y63,Falla en la dosificación durante la atención médica y quirúrgica,Y,CIE-10 OPS,1
Y64,Medicamentos o sustancias biológicas contaminados,Y,CIE-10 OPS,1
Y65,Otros incidentes durante la atención médica y quirúrgica,Y,CIE-10 OPS,1
Y66,No administración de la atención médica y quirúrgica,Y,CIE-10 OPS,1
Y69,Incidentes no especificados durante la atención médica y quirúrgica,Y,CIE-10 OPS,1
Y70,Dispositivos de anestesiología asociados con incidentes adversos,Y,CIE-10 OPS,1
Y71,Dispositivos cardiovasculares asociados con incidentes adversos,Y,CIE-10 OPS,1
Y72,Dispositivos otorrinolaringológicos asociados con incidentes,Y,CIE-10 OPS,1
Y73,Dispositivos de gastroenterología y urología asociados con,Y,CIE-10 OPS,1
Y74,Dispositivos para uso hospitalario general y personal asociados con,Y,CIE-10 OPS,1
Y75,Dispositivos neurológicos asociados con incidentes adversos,Y,CIE-10 OPS,1
Y76,Dispositivos ginecológicos y obstétricos asociados con incidentes,Y,CIE-10 OPS,1
Y77,Dispositivos oftálmicos asociados con incidentes adversos,Y,CIE-10 OPS,1
Y78,Aparatos radiológicos asociados con incidentes adversos,Y,CIE-10 OPS,1
Y79,Dispositivos ortopédicos asociados con incidentes adversos,Y,CIE-10 OPS,1
Y80,Aparatos de medicina física asociados con incidentes adversos,Y,CIE-10 OPS,1
Y81,Dispositivos de cirugía general y plástica asociados con incidentes,Y,CIE-10 OPS,1
Y82,"Otros dispositivos médicos, y los no especificados, asociados con",Y,CIE-10 OPS,1
Y83,Cirugía y otros procedimientos quirúrgicos como la causa de,Y,CIE-10 OPS,1
Y84,Otros procedimientos médicos como la causa de reacción anormal,Y,CIE-10 OPS,1
Y85,Secuelas de accidentes de transporte,Y,CIE-10 OPS,1
Y86,Secuelas de otros accidentes,Y,CIE-10 OPS,1
Y87,"Secuelas de lesiones autoinfligidas intencionalmente, agresiones y",Y,CIE-10 OPS,1
Y88,Secuelas con atención médica y quirúrgica como causa externa,Y,CIE-10 OPS,1
Y89,Secuelas de otras causas externas,Y,CIE-10 OPS,1
Y90,Evidencia de alcoholismo determinada por el nivel de alcohol en la,Y,CIE-10 OPS,1
Y91,Evidencia de alcoholismo determinada por el nivel de intoxicación,Y,CIE-10 OPS,1
Y95,Afección nosocomial,Y,CIE-10 OPS,1
Y96,Afección relacionada con el trabajo,Y,CIE-10 OPS,1
Y97,Afección relacionada con la contaminación ambiental,Y,CIE-10 OPS,1
Y98,Afección relacionada con el estilo de vida,Y,CIE-10 OPS,1
Z00,Examen general e investigación de personas sin quejas o sin,Z,CIE-10 OPS,1
Z01,Otros exámenes especiales e investigaciones en personas sin quejas,Z,CIE-10 OPS,1
Z02,Exámenes y contactos para fines administrativos,Z,CIE-10 OPS,1
Z03,Observación y evaluación médicas por sospecha de enfermedades y,Z,CIE-10 OPS,1
Z04,Examen y observación por otras razones,Z,CIE-10 OPS,1
Z08,Examen de seguimiento consecutivo al tratamiento por tumor,Z,CIE-10 OPS,1
Z09,Examen de seguimiento consecutivo a tratamiento por otras,Z,CIE-10 OPS,1
Z10,Control general de salud de rutina de subpoblaciones definidas,Z,CIE-10 OPS,1
Z11,Examen de pesquisa especial para enfermedades infecciosas y,Z,CIE-10 OPS,1
Z12,Examen de pesquisa especial para tumores,Z,CIE-10 OPS,1
Z13,Examen de pesquisa especial para otras enfermedades y trastornos,Z,CIE-10 OPS,1
Z20,Contacto con y exposición a enfermedades transmisibles,Z,CIE-10 OPS,1
Z21,Estado de infección asintomática por el virus de la,Z,CIE-10 OPS,1
Z22,Portador de enfermedad infecciosa,Z,CIE-10 OPS,1
Z23,Necesidad de inmunización contra enfermedad bacteriana única,Z,CIE-10 OPS,1
Z24,Necesidad de inmunización contra ciertas enfermedades virales,Z,CIE-10 OPS,1
Z25,Necesidad de inmunización contra otras enfermedades virales,Z,CIE-10 OPS,1
Z26,Necesidad de inmunización contra otras enfermedades infecciosas,Z,CIE-10 OPS,1
Z27,Necesidad de inmunización contra combinaciones de enfermedades,Z,CIE-10 OPS,1
Z28,Inmunización no realizada,Z,CIE-10 OPS,1
Z29,Necesidad de otras medidas profilácticas,Z,CIE-10 OPS,1
Z30,Atención para la anticoncepción,Z,CIE-10 OPS,1
Z31,Atención para la procreación,Z,CIE-10 OPS,1
Z32,Examen y prueba del embarazo,Z,CIE-10 OPS,1
Z33,"Estado de embarazo, incidental",Z,CIE-10 OPS,1
Z34,Supervisión de embarazo normal,Z,CIE-10 OPS,1
Z35,Supervisión de embarazo de alto riesgo,Z,CIE-10 OPS,1
Z36,Pesquisas prenatales,Z,CIE-10 OPS,1
Z37,Producto del parto,Z,CIE-10 OPS,1
Z38,Nacidos vivos según lugar de nacimiento,Z,CIE-10 OPS,1
Z39,Examen y atención del postparto,Z,CIE-10 OPS,1
Z40,Cirugía profiláctica,Z,CIE-10 OPS,1
Z41,Procedimientos para otros propósitos que no sean los de mejorar el,Z,CIE-10 OPS,1
Z42,Cuidados posteriores a la cirugía plástica,Z,CIE-10 OPS,1
Z43,Atención de orificios artificiales,Z,CIE-10 OPS,1
Z44,Prueba y ajuste de dispositivos protésicos externos,Z,CIE-10 OPS,1
Z45,Asistencia y ajuste de dispositivos implantados,Z,CIE-10 OPS,1
Z46,Prueba y ajuste de otros dispositivos,Z,CIE-10 OPS,1
Z47,Otros cuidados posteriores a la ortopedia,Z,CIE-10 OPS,1
Z48,Otros cuidados posteriores a la cirugía,Z,CIE-10 OPS,1
Z49,Cuidados relativos al procedimiento de diálisis,Z,CIE-10 OPS,1
Z50,Atención por el uso de procedimientos de rehabilitación,Z,CIE-10 OPS,1
Z51,Otra atención médica,Z,CIE-10 OPS,1
Z52,Donantes de órganos y tejidos,Z,CIE-10 OPS,1
Z53,Persona en contacto con los servicios de salud para procedimientos,Z,CIE-10 OPS,1
Z54,Convalecencia,Z,CIE-10 OPS,1
Z55,Problemas relacionados con la educación y la alfabetización,Z,CIE-10 OPS,1
Z56,Problemas relacionados con el empleo y el desempleo,Z,CIE-10 OPS,1
Z57,Exposición a factores de riesgo ocupacional,Z,CIE-10 OPS,1
Z58,Problemas relacionados con el ambiente físico,Z,CIE-10 OPS,1
Z59,Problemas relacionados con la vivienda y las circunstancias,Z,CIE-10 OPS,1
Z60,Problemas relacionados con el ambiente social,Z,CIE-10 OPS,1
Z61,Problemas relacionados con hechos negativos en la niñez,Z,CIE-10 OPS,1
Z62,Otros problemas relacionados con la crianza del niño,Z,CIE-10 OPS,1
Z63,"Otros problemas relacionados con el grupo primario de apoyo,",Z,CIE-10 OPS,1
Z64,Problemas relacionados con ciertas circunstancias psicosociales,Z,CIE-10 OPS,1
Z65,Problemas relacionados con otras circunstancias psicosociales,Z,CIE-10 OPS,1
Z70,"Consulta relacionada con actitud, conducta u orientación sexual",Z,CIE-10 OPS,1
Z71,Personas en contacto con los servicios de salud por otras consultas,Z,CIE-10 OPS,1
Z72,Problemas relacionados con el estilo de vida,Z,CIE-10 OPS,1
Z73,Problemas relacionados con dificultades con el modo de vida,Z,CIE-10 OPS,1
Z74,Problemas relacionados con dependencia del prestador de servicios,Z,CIE-10 OPS,1
Z75,Problemas relacionados con facilidades de atención médica u otros,Z,CIE-10 OPS,1
Z76,Personas en contacto con los servicios de salud por otras,Z,CIE-10 OPS,1
Z80,Historia familiar de tumor maligno,Z,CIE-10 OPS,1
Z81,Historia familiar de trastornos mentales y del comportamiento,Z,CIE-10 OPS,1
Z82,Historia familiar de ciertas discapacidades y enfermedades crónicas,Z,CIE-10 OPS,1
Z83,Historia familiar de otros trastornos específicos,Z,CIE-10 OPS,1
Z84,Historia familiar de otras afecciones,Z,CIE-10 OPS,1
Z85,Historia personal de tumor maligno,Z,CIE-10 OPS,1
Z86,Historia personal de algunas otras enfermedades,Z,CIE-10 OPS,1
Z87,Historia personal de otras enfermedades y afecciones,Z,CIE-10 OPS,1
Z88,"Historia personal de alergia a drogas, medicamentos y sustancias",Z,CIE-10 OPS,1
Z89,Ausencia adquirida de miembros,Z,CIE-10 OPS,1
Z90,"Ausencia adquirida de órganos, no clasificada en otra parte",Z,CIE-10 OPS,1
Z91,"Historia personal de factores de riesgo, no clasificados en otra",Z,CIE-10 OPS,1
Z92,Historia personal de tratamiento médico,Z,CIE-10 OPS,1
Z93,Aberturas artificiales,Z,CIE-10 OPS,1
Z94,Órganos y tejidos trasplantados,Z,CIE-10 OPS,1
Z95,Presencia de implantes e injertos cardiovasculares,Z,CIE-10 OPS,1
Z96,Presencia de otros implantes funcionales,Z,CIE-10 OPS,1
Z97,Presencia de otros dispositivos,Z,CIE-10 OPS,1
Z98,Otros estados postquirúrgicos,Z,CIE-10 OPS,1
Z99,"Dependencia de máquinas y dispositivos capacitantes, no",Z,CIE-10 OPS,1
U04,Síndrome respiratorio agudo grave [SRAG],U,CIE-10 OPS,1
U80,Agente bacteriano resistente a penicilina y antibióticos similares,U,CIE-10 OPS,1
U81,Agente bacteriano resistente a vancomicina y antibióticos similares,U,CIE-10 OPS,1
U88,Agente bacteriano resistente a múltiples antibióticos,U,CIE-10 OPS,1
U89,Agente bacteriano resistente a otros antibióticos y a los antibióticos,U,CIE-10 OPS,1
A00.0,"Cólera debido a Vibrio cholerae O1, biotipo cholerae",A,CIE-10 OPS,1
A00.1,"Cólera debido a Vibrio cholerae O1, biotipo El Tor",A,CIE-10 OPS,1
A00.9,"Cólera, no especificado",A,CIE-10 OPS,1
A01.0,Fiebre tifoidea,A,CIE-10 OPS,1
A01.1,Fiebre paratifoidea A,A,CIE-10 OPS,1
A01.2,Fiebre paratifoidea B,A,CIE-10 OPS,1
A01.3,Fiebre paratifoidea C,A,CIE-10 OPS,1
A01.4,"Fiebre paratifoidea, no especificada",A,CIE-10 OPS,1
A02.0,Enteritis debida a Salmonella,A,CIE-10 OPS,1
A02.1,Septicemia debida a Salmonella,A,CIE-10 OPS,1
A02.2,Infecciones localizadas debidas a Salmonella,A,CIE-10 OPS,1
A02.8,Otras infecciones especificadas como debidas a,A,CIE-10 OPS,1
A02.9,"Infección debida a Salmonella, no especificada",A,CIE-10 OPS,1
A03.0,Shigelosis debida a Shigella dysenteriae,A,CIE-10 OPS,1
A03.1,Shigelosis debida a Shigella flexneri,A,CIE-10 OPS,1
A03.2,Shigelosis debida a Shigella boydii,A,CIE-10 OPS,1
A03.3,Shigelosis debida a Shigella sonnei,A,CIE-10 OPS,1
A03.8,Otras shigelosis,A,CIE-10 OPS,1
A03.9,Shigelosis de tipo no especificado,A,CIE-10 OPS,1
A04.0,Infección debida a Escherichia colienteropatógena,A,CIE-10 OPS,1
A04.1,Infección debida a Escherichia coli enterotoxígena,A,CIE-10 OPS,1
A04.2,Infección debida a Escherichia colienteroinvasiva,A,CIE-10 OPS,1
A04.3,Infección debida a Escherichia coli enterohemorrágica,A,CIE-10 OPS,1
A04.4,Otras infecciones intestinales debidas a Escherichia coli,A,CIE-10 OPS,1
A04.5,Enteritis debida a Campylobacter,A,CIE-10 OPS,1
A04.6,Enteritis debida a Yersinia enterocolitica,A,CIE-10 OPS,1
A04.7,Enterocolitis debida a Clostridium difficile,A,CIE-10 OPS,1
A04.8,Otras infecciones intestinales bacterianas especificadas,A,CIE-10 OPS,1
A04.9,"Infección intestinal bacteriana, no especificada",A,CIE-10 OPS,1
A05.0,Intoxicación alimentaria estafilocócica,A,CIE-10 OPS,1
A05.1,Botulismo,A,CIE-10 OPS,1
A05.2,Intoxicación alimentaria debida a Clostridium perfringens,A,CIE-10 OPS,1
A05.3,Intoxicación alimentaria debida a Vibrio parahaemolyticus,A,CIE-10 OPS,1
A05.4,Intoxicación alimentaria debida a Bacillus cereus,A,CIE-10 OPS,1
A05.8,Otras intoxicaciones alimentarias debidas a bacterias,A,CIE-10 OPS,1
A05.9,"Intoxicación alimentaria bacteriana, no especificada",A,CIE-10 OPS,1
A06.0,Disentería amebiana aguda,A,CIE-10 OPS,1
A06.1,Amebiasis intestinal crónica,A,CIE-10 OPS,1
A06.2,Colitis amebiana no disentérica,A,CIE-10 OPS,1
A06.3,Ameboma intestinal,A,CIE-10 OPS,1
A06.4,Absceso amebiano del hígado,A,CIE-10 OPS,1
A06.7,Amebiasis cutánea,A,CIE-10 OPS,1
A06.8,Infección amebiana de otras localizaciones,A,CIE-10 OPS,1
A06.9,"Amebiasis, no especificada",A,CIE-10 OPS,1
A07.0,Balantidiasis,A,CIE-10 OPS,1
A07.1,Giardiasis [lambliasis],A,CIE-10 OPS,1
A07.2,Criptosporidiosis,A,CIE-10 OPS,1
A07.3,Isosporiasis,A,CIE-10 OPS,1
A07.8,Otras enfermedades intestinales especificadas debidas a,A,CIE-10 OPS,1
A07.9,"Enfermedad intestinal debida a protozoarios, no",A,CIE-10 OPS,1
A08.0,Enteritis debida a rotavirus,A,CIE-10 OPS,1
A08.1,Gastroenteropatía aguda debida al agente de Norwalk,A,CIE-10 OPS,1
A08.2,Enteritis debida a adenovirus,A,CIE-10 OPS,1
A08.3,Otras enteritis virales,A,CIE-10 OPS,1
A08.4,"Infección intestinal viral, sin otra especificación",A,CIE-10 OPS,1
A08.5,Otras infecciones intestinales especificadas,A,CIE-10 OPS,1
A15.0,"Tuberculosis del pulmón, confirmada por hallazgo",A,CIE-10 OPS,1
A15.1,"Tuberculosis del pulmón, confirmada únicamente por",A,CIE-10 OPS,1
A15.2,"Tuberculosis del pulmón, confirmada histológicamente",A,CIE-10 OPS,1
A15.3,"Tuberculosis del pulmón, confirmada por medios no",A,CIE-10 OPS,1
A15.4,"Tuberculosis de ganglios linfáticos intratorácicos,",A,CIE-10 OPS,1
A15.5,"Tuberculosis de laringe, tráquea y bronquios, confirmada",A,CIE-10 OPS,1
A15.6,"Pleuresía tuberculosa, confirmada bacteriológica e",A,CIE-10 OPS,1
A15.7,"Tuberculosis respiratoria primaria, confirmada",A,CIE-10 OPS,1
A15.8,"Otras tuberculosis respiratorias, confirmadas",A,CIE-10 OPS,1
A15.9,"Tuberculosis respiratoria no especificada, confirmada",A,CIE-10 OPS,1
A16.0,"Tuberculosis del pulmón, con examen bacteriológico e",A,CIE-10 OPS,1
A16.1,"Tuberculosis de pulmón, sin examen bacteriológico e",A,CIE-10 OPS,1
A16.2,"Tuberculosis de pulmón, sin mención de confirmación",A,CIE-10 OPS,1
A16.3,"Tuberculosis de ganglios linfáticos intratorácicos, sin",A,CIE-10 OPS,1
A16.4,"Tuberculosis de laringe, tráquea y bronquios, sin mención",A,CIE-10 OPS,1
A16.5,"Pleuresía tuberculosa, sin mención de confirmación",A,CIE-10 OPS,1
A16.7,"Tuberculosis respiratoria primaria, sin mención de",A,CIE-10 OPS,1
A16.8,"Otras tuberculosis respiratorias, sin mención de",A,CIE-10 OPS,1
A16.9,"Tuberculosis respiratoria no especificada, sin mención de",A,CIE-10 OPS,1
A18.1,Tuberculosis del aparato genitourinario,A,CIE-10 OPS,1
A18.2,Linfadenopatía periférica tuberculosa,A,CIE-10 OPS,1
A18.3,"Tuberculosis de los intestinos, el peritoneo y los ganglios",A,CIE-10 OPS,1
A18.4,Tuberculosis de la piel y el tejido subcutáneo,A,CIE-10 OPS,1
A18.5,Tuberculosis del ojo,A,CIE-10 OPS,1
A18.6,Tuberculosis del oído,A,CIE-10 OPS,1
A18.8,Tuberculosis de otros órganos especificados,A,CIE-10 OPS,1
A19.0,Tuberculosis miliar aguda de un solo sitio especificado,A,CIE-10 OPS,1
A19.1,Tuberculosis miliar aguda de sitios múltiples,A,CIE-10 OPS,1
A19.2,"Tuberculosis miliar aguda, no especificada",A,CIE-10 OPS,1
A19.8,Otras tuberculosis miliares,A,CIE-10 OPS,1
A19.9,"Tuberculosis miliar, sin otra especificación",A,CIE-10 OPS,1
A20.0,Peste bubónica,A,CIE-10 OPS,1
A20.1,Peste celulocutánea,A,CIE-10 OPS,1
A20.2,Peste neumónica,A,CIE-10 OPS,1
A20.3,Meningitis por peste,A,CIE-10 OPS,1
A20.7,Peste septicémica,A,CIE-10 OPS,1
A20.8,Otras formas de peste,A,CIE-10 OPS,1
A20.9,"Peste, no especificada",A,CIE-10 OPS,1
A21.0,Tularemia ulceroglandular,A,CIE-10 OPS,1
A21.1,Tularemia oculoglandular,A,CIE-10 OPS,1
A21.2,Tularemia pulmonar,A,CIE-10 OPS,1
A21.3,Tularemia gastrointestinal,A,CIE-10 OPS,1
A21.7,Tularemia generalizada,A,CIE-10 OPS,1
A21.8,Otras formas de tularemia,A,CIE-10 OPS,1
A21.9,"Tularemia, no especificada",A,CIE-10 OPS,1
A22.0,Carbunco cutáneo,A,CIE-10 OPS,1
A22.1,Carbunco pulmonar,A,CIE-10 OPS,1
A22.2,Carbunco gastrointestinal,A,CIE-10 OPS,1
A22.7,Carbunco septicémico,A,CIE-10 OPS,1
A22.8,Otras formas de carbunco,A,CIE-10 OPS,1
A22.9,"Carbunco, no especificado",A,CIE-10 OPS,1
A23.0,Brucelosis debida a Brucella melitensis,A,CIE-10 OPS,1
A23.1,Brucelosis debida a Brucella abortus,A,CIE-10 OPS,1
A23.2,Brucelosis debida a Brucella suis,A,CIE-10 OPS,1
A23.3,Brucelosis debida a Brucella canis,A,CIE-10 OPS,1
A23.8,Otras brucelosis,A,CIE-10 OPS,1
A23.9,"Brucelosis, no especificada",A,CIE-10 OPS,1
A24.0,Muermo,A,CIE-10 OPS,1
A24.1,Melioidosis aguda y fulminante,A,CIE-10 OPS,1
A24.2,Melioidosis subaguda y crónica,A,CIE-10 OPS,1
A24.3,Otras melioidosis,A,CIE-10 OPS,1
A24.4,"Melioidosis, no especificada",A,CIE-10 OPS,1
A25.0,Espirilosis,A,CIE-10 OPS,1
A25.1,Estreptobacilosis,A,CIE-10 OPS,1
A25.9,"Fiebre por mordedura de rata, no especificada",A,CIE-10 OPS,1
A26.0,Erisipeloide cutáneo,A,CIE-10 OPS,1
A26.7,Septicemia por Erysipelothrix,A,CIE-10 OPS,1
A26.8,Otras formas de erisipeloide,A,CIE-10 OPS,1
A26.9,"Erisipeloide, no especificada",A,CIE-10 OPS,1
A27.0,Leptospirosis icterohemorrágica,A,CIE-10 OPS,1
A27.8,Otras formas de leptospirosis,A,CIE-10 OPS,1
A27.9,"Leptospirosis, no especificada",A,CIE-10 OPS,1
A28.0,Pasteurelosis,A,CIE-10 OPS,1
A28.1,Enfermedad por rasguño de gato,A,CIE-10 OPS,1
A28.2,Yersiniosis extraintestinal,A,CIE-10 OPS,1
A28.8,"Otras enfermedades zoonóticas bacterianas especificadas,",A,CIE-10 OPS,1
A28.9,"Enfermedad zoonótica bacteriana, sin otra especificación",A,CIE-10 OPS,1
A30.0,Lepra indeterminada,A,CIE-10 OPS,1
A30.1,Lepra tuberculoide,A,CIE-10 OPS,1
A30.2,Lepra tuberculoide limítrofe,A,CIE-10 OPS,1
A30.3,Lepra limítrofe,A,CIE-10 OPS,1
A30.4,Lepra lepromatosa limítrofe,A,CIE-10 OPS,1
A30.5,Lepra lepromatosa,A,CIE-10 OPS,1
A30.8,Otras formas de lepra,A,CIE-10 OPS,1
A30.9,"Lepra, no especificada",A,CIE-10 OPS,1
A31.0,Infecciones por micobacterias pulmonares,A,CIE-10 OPS,1
A31.1,Infección cutánea por micobacterias,A,CIE-10 OPS,1
A31.8,Otras infecciones por micobacterias,A,CIE-10 OPS,1
A31.9,"Infección por micobacteria, no especificada",A,CIE-10 OPS,1
A32.0,Listeriosis cutánea,A,CIE-10 OPS,1
A32.7,Septicemia listeriana,A,CIE-10 OPS,1
A32.8,Otras formas de listeriosis,A,CIE-10 OPS,1
A32.9,"Listeriosis, no especificada",A,CIE-10 OPS,1
A36.0,Difteria faríngea,A,CIE-10 OPS,1
A36.1,Difteria nasofaríngea,A,CIE-10 OPS,1
A36.2,Difteria laríngea,A,CIE-10 OPS,1
A36.3,Difteria cutánea,A,CIE-10 OPS,1
A36.8,Otras difterias,A,CIE-10 OPS,1
A36.9,"Difteria, no especificada",A,CIE-10 OPS,1
A37.0,Tos ferina debida a Bordetella pertussis,A,CIE-10 OPS,1
A37.1,Tos ferina debida a Bordetella parapertussis,A,CIE-10 OPS,1
A37.8,Tos ferina debida a otras especies de Bordetella,A,CIE-10 OPS,1
A37.9,"Tos ferina, no especificada",A,CIE-10 OPS,1
A39.2,Meningococemia aguda,A,CIE-10 OPS,1
A39.3,Meningococemia crónica,A,CIE-10 OPS,1
A39.4,"Meningococemia, no especificada",A,CIE-10 OPS,1
A39.8,Otras formas de enfermedad meningocócica:,A,CIE-10 OPS,1
A39.9,"Enfermedad meningocócica, no especificada",A,CIE-10 OPS,1
A40.0,"Septicemia debida a estreptococo, grupo A",A,CIE-10 OPS,1
A40.1,"Septicemia debida a estreptococo, grupo B",A,CIE-10 OPS,1
A40.2,"Septicemia debida a estreptococo, grupo D",A,CIE-10 OPS,1
A40.3,Septicemia debida a Streptococcus pneumoniae,A,CIE-10 OPS,1
A40.8,Otras septicemias estreptocócicas,A,CIE-10 OPS,1
A40.9,"Septicemia estreptocócica, no especificada",A,CIE-10 OPS,1
A41.0,Septicemia debida a Staphylococcus aureus,A,CIE-10 OPS,1
A41.1,Septicemia debida a otro estafilococo especificado,A,CIE-10 OPS,1
A41.2,Septicemia debida a estafilococo no especificado,A,CIE-10 OPS,1
A41.3,Septicemia debida a Haemophilus influenzae,A,CIE-10 OPS,1
A41.4,Septicemia debida a anaerobios,A,CIE-10 OPS,1
A41.5,Septicemia debida a otros organismos gramnegativos,A,CIE-10 OPS,1
A41.8,Otras septicemias especificadas,A,CIE-10 OPS,1
A41.9,"Septicemia, no especificada",A,CIE-10 OPS,1
A42.0,Actinomicosis pulmonar,A,CIE-10 OPS,1
A42.1,Actinomicosis abdominal,A,CIE-10 OPS,1
A42.2,Actinomicosis cervicofacial,A,CIE-10 OPS,1
A42.7,Septicemia actinomicótica,A,CIE-10 OPS,1
A42.8,Otras formas de actinomicosis,A,CIE-10 OPS,1
A42.9,"Actinomicosis, sin otra especificación",A,CIE-10 OPS,1
A43.0,Nocardiosis pulmonar,A,CIE-10 OPS,1
A43.1,Nocardiosis cutánea,A,CIE-10 OPS,1
A43.8,Otras formas de nocardiosis,A,CIE-10 OPS,1
A43.9,"Nocardiosis, no especificada",A,CIE-10 OPS,1
A44.0,Bartonelosis sistémica,A,CIE-10 OPS,1
A44.1,Bartonelosis cutánea y mucocutánea,A,CIE-10 OPS,1
A44.8,Otras formas de bartonelosis,A,CIE-10 OPS,1
A44.9,"Bartonelosis, no especificada",A,CIE-10 OPS,1
A48.0,Gangrena gaseosa,A,CIE-10 OPS,1
A48.1,Enfermedad de los legionarios,A,CIE-10 OPS,1
A48.2,Enfermedad de los legionarios no neumónica [fiebre de,A,CIE-10 OPS,1
A48.3,Síndrome del choque tóxico,A,CIE-10 OPS,1
A48.4,Fiebre purpúrica brasileña,A,CIE-10 OPS,1
A48.8,Otras enfermedades bacterianas especificadas,A,CIE-10 OPS,1
A49.0,"Infección estafilocócica, de sitio no especificado",A,CIE-10 OPS,1
A49.1,"Infección estreptocócica, de sitio no especificado",A,CIE-10 OPS,1
A49.2,"Infección por Haemophilus influenzae, de sitio no",A,CIE-10 OPS,1
A49.3,"Infección por micoplasma, de sitio no especificado",A,CIE-10 OPS,1
A49.8,"Otras infecciones bacterianas, de sitio no especificado",A,CIE-10 OPS,1
A49.9,"Infección bacteriana, no especificada",A,CIE-10 OPS,1
A50.0,"Sífilis congénita precoz, sintomática",A,CIE-10 OPS,1
A50.1,"Sífilis congénita precoz, latente",A,CIE-10 OPS,1
A50.2,"Sífilis congénita precoz, sin otra especificación",A,CIE-10 OPS,1
A50.3,Oculopatía sifilítica congénita tardía,A,CIE-10 OPS,1
A50.4,Neurosífilis congénita tardía [neurosífilis juvenil],A,CIE-10 OPS,1
A50.5,"Otras formas de sífilis congénita tardía, sintomática",A,CIE-10 OPS,1
A50.6,"Sífilis congénita tardía, latente",A,CIE-10 OPS,1
A50.7,"Sífilis congénita tardía, sin otra especificación",A,CIE-10 OPS,1
A50.9,"Sífilis congénita, sin otra especificación",A,CIE-10 OPS,1
A51.0,Sífilis genital primaria,A,CIE-10 OPS,1
A51.1,Sífilis primaria anal,A,CIE-10 OPS,1
A51.2,Sífilis primaria en otros sitios,A,CIE-10 OPS,1
A51.3,Sífilis secundaria de piel y membranas mucosas,A,CIE-10 OPS,1
A51.4,Otras sífilis secundarias,A,CIE-10 OPS,1
A51.5,"Sífilis precoz, latente",A,CIE-10 OPS,1
A51.9,"Sífilis precoz, sin otra especificación",A,CIE-10 OPS,1
A52.1,Neurosífilis sintomática,A,CIE-10 OPS,1
A52.2,Neurosífilis asintomática,A,CIE-10 OPS,1
A52.3,Neurosífilis no especificada,A,CIE-10 OPS,1
A52.7,Otras sífilis tardías sintomáticas,A,CIE-10 OPS,1
A52.8,"Sífilis tardía, latente",A,CIE-10 OPS,1
A52.9,"Sífilis tardía, no especificada",A,CIE-10 OPS,1
A53.0,"Sífilis latente, no especificada como precoz o tardía",A,CIE-10 OPS,1
A53.9,"Sífilis, no especificada",A,CIE-10 OPS,1
A54.0,Infección gonocócica del tracto genitourinario inferior sin,A,CIE-10 OPS,1
A54.1,Infección gonocócica del tracto genitourinario inferior con,A,CIE-10 OPS,1
A54.2,Pelviperitonitis gonocócica y otras infecciones,A,CIE-10 OPS,1
A54.3,Infección gonocócica del ojo,A,CIE-10 OPS,1
A54.5,Faringitis gonocócica,A,CIE-10 OPS,1
A54.6,Infección gonocócica del ano y del recto,A,CIE-10 OPS,1
A54.8,Otras infecciones gonocócicas,A,CIE-10 OPS,1
A54.9,"Infección gonocócica, no especificada",A,CIE-10 OPS,1
A56.0,Infección del tracto genitourinario inferior debida a,A,CIE-10 OPS,1
A56.1,Infección del pelviperitoneo y otros órganos,A,CIE-10 OPS,1
A56.2,"Infecciones del tracto genitourinario debidas a clamidias,",A,CIE-10 OPS,1
A56.3,Infección del ano y del recto debida a clamidias,A,CIE-10 OPS,1
A56.4,Infección de faringe debida a clamidias,A,CIE-10 OPS,1
A56.8,Infección de transmisión sexual de otros sitios debida a,A,CIE-10 OPS,1
A59.0,Tricomoniasis urogenital,A,CIE-10 OPS,1
A59.8,Tricomoniasis de otros sitios,A,CIE-10 OPS,1
A59.9,"Tricomoniasis, no especificada",A,CIE-10 OPS,1
A60.0,Infección de genitales y trayecto urogenital debida a virus,A,CIE-10 OPS,1
A60.1,Infección de la piel perianal y recto por virus del herpes,A,CIE-10 OPS,1
A60.9,"Infección anogenital por virus del herpes simple, sin otra",A,CIE-10 OPS,1
A63.0,Verrugas (venéreas) anogenitales,A,CIE-10 OPS,1
A63.8,Otras enfermedades de transmisión predominantemente,A,CIE-10 OPS,1
A66.0,Lesiones iniciales de frambesia,A,CIE-10 OPS,1
A66.1,Lesiones papilomatosas múltiples y frambesia con paso,A,CIE-10 OPS,1
A66.2,Otras lesiones precoces de la piel en la frambesia,A,CIE-10 OPS,1
A66.3,Hiperqueratosis de frambesia,A,CIE-10 OPS,1
A66.4,Goma y úlceras de frambesia,A,CIE-10 OPS,1
A66.5,Gangosa,A,CIE-10 OPS,1
A66.6,Lesiones frambésicas de los huesos y de las articulaciones,A,CIE-10 OPS,1
A66.7,Otras manifestaciones de frambesia,A,CIE-10 OPS,1
A66.8,Frambesia latente,A,CIE-10 OPS,1
A66.9,"Frambesia, no especificada",A,CIE-10 OPS,1
A67.0,Lesiones primarias de la pinta,A,CIE-10 OPS,1
A67.1,Lesiones intermedias de la pinta,A,CIE-10 OPS,1
A67.2,Lesiones tardías de la pinta,A,CIE-10 OPS,1
A67.3,Lesiones mixtas de la pinta,A,CIE-10 OPS,1
A67.9,"Pinta, no especificada",A,CIE-10 OPS,1
A68.0,Fiebre recurrente transmitida por piojos,A,CIE-10 OPS,1
A68.1,Fiebre recurrente transmitida por garrapatas,A,CIE-10 OPS,1
A68.9,"Fiebre recurrente, no especificada",A,CIE-10 OPS,1
A69.0,Estomatitis ulcerativa necrotizante,A,CIE-10 OPS,1
A69.1,Otras infecciones de Vincent,A,CIE-10 OPS,1
A69.2,Enfermedad de Lyme,A,CIE-10 OPS,1
A69.8,Otras infecciones especificadas por espiroquetas,A,CIE-10 OPS,1
A69.9,"Infección por espiroqueta, no especificada",A,CIE-10 OPS,1
A71.0,Estado inicial de tracoma,A,CIE-10 OPS,1
A71.1,Estado activo de tracoma,A,CIE-10 OPS,1
A71.9,"Tracoma, no especificado",A,CIE-10 OPS,1
A74.8,Otras enfermedades por clamidias,A,CIE-10 OPS,1
A74.9,"Infección por clamidias, no especificada",A,CIE-10 OPS,1
A75.0,Tifus epidémico debido a Rickettsia prowazekiitransmitido,A,CIE-10 OPS,1
A75.1,Tifus recrudescente [enfermedad de Brill],A,CIE-10 OPS,1
A75.2,Tifus debido a Rickettsia typhi,A,CIE-10 OPS,1
A75.3,Tifus debido a Rickettsia tsutsugamushi,A,CIE-10 OPS,1
A75.9,"Tifus, no especificado",A,CIE-10 OPS,1
A77.0,Fiebre maculosa debida a Rickettsia rickettsii,A,CIE-10 OPS,1
A77.1,Fiebre maculosa debida a Rickettsia conorii,A,CIE-10 OPS,1
A77.2,Fiebre maculosa debida a Rickettsia siberica,A,CIE-10 OPS,1
A77.3,Fiebre maculosa debida a Rickettsia australis,A,CIE-10 OPS,1
A77.8,Otras fiebres maculosas,A,CIE-10 OPS,1
A77.9,"Fiebre maculosa, no especificada",A,CIE-10 OPS,1
A79.0,Fiebre de las trincheras,A,CIE-10 OPS,1
A79.1,Rickettsiosis pustulosa debida a Rickettsia akari,A,CIE-10 OPS,1
A79.8,Otras rickettsiosis especificadas,A,CIE-10 OPS,1
A79.9,"Rickettsiosis, no especificada",A,CIE-10 OPS,1
A80.0,"Poliomielitis aguda paralítica, asociada a vacuna",A,CIE-10 OPS,1
A80.1,Poliomielitis aguda paralítica debida a virus salvaje,A,CIE-10 OPS,1
A80.2,Poliomielitis aguda paralítica debida a virus salvaje,A,CIE-10 OPS,1
A80.3,"Otras poliomielitis agudas paralíticas, y las no especificadas",A,CIE-10 OPS,1
A80.4,Poliomielitis aguda no paralítica,A,CIE-10 OPS,1
A80.9,"Poliomielitis aguda, sin otra especificación",A,CIE-10 OPS,1
A81.0,Enfermedad de Creutzfeldt-Jakob,A,CIE-10 OPS,1
A81.1,Panencefalitis esclerosante subaguda,A,CIE-10 OPS,1
A81.2,Leucoencefalopatía multifocal progresiva,A,CIE-10 OPS,1
A81.8,Otras infecciones del sistema nervioso central por virus,A,CIE-10 OPS,1
A81.9,"Infecciones del sistema nervioso central por virus atípico,",A,CIE-10 OPS,1
A82.0,Rabia selvática,A,CIE-10 OPS,1
A82.1,Rabia urbana,A,CIE-10 OPS,1
A82.9,"Rabia, sin otra especificación",A,CIE-10 OPS,1
A83.0,Encefalitis japonesa,A,CIE-10 OPS,1
A83.1,Encefalitis equina del oeste,A,CIE-10 OPS,1
A83.2,Encefalitis equina del este,A,CIE-10 OPS,1
A83.3,Encefalitis de San Luis,A,CIE-10 OPS,1
A83.4,Encefalitis australiana,A,CIE-10 OPS,1
A83.5,Encefalitis de California,A,CIE-10 OPS,1
A83.6,Enfermedad por virus Rocío,A,CIE-10 OPS,1
A83.8,Otras encefalitis virales transmitidas por mosquitos,A,CIE-10 OPS,1
A83.9,"Encefalitis viral transmitida por mosquitos, sin otra",A,CIE-10 OPS,1
A84.0,Encefalitis del Lejano Oriente transmitida por garrapatas,A,CIE-10 OPS,1
A84.1,Encefalitis centroeuropea transmitida por garrapatas,A,CIE-10 OPS,1
A84.8,Otras encefalitis virales transmitidas por garrapatas,A,CIE-10 OPS,1
A84.9,"Encefalitis viral transmitida por garrapatas, sin otra",A,CIE-10 OPS,1
A85.2,"Encefalitis viral transmitida por artrópodos, sin otra",A,CIE-10 OPS,1
A85.8,Otras encefalitis virales especificadas,A,CIE-10 OPS,1
A87.2,Coriomeningitis linfocítica,A,CIE-10 OPS,1
A87.8,Otras meningitis virales,A,CIE-10 OPS,1
A87.9,"Meningitis viral, sin otra especificación",A,CIE-10 OPS,1
A88.0,Fiebre exantemática enteroviral [exantema de Boston],A,CIE-10 OPS,1
A88.1,Vértigo epidémico,A,CIE-10 OPS,1
A88.8,Otras infecciones virales especificadas del sistema,A,CIE-10 OPS,1
A92.0,Enfermedad por virus Chikungunya,A,CIE-10 OPS,1
A92.1,Fiebre de O’nyong-nyong,A,CIE-10 OPS,1
A92.2,Fiebre equina venezolana,A,CIE-10 OPS,1
A92.3,Enfermedad viral del oeste del Nilo,A,CIE-10 OPS,1
A92.4,Fiebre del valle del Rift,A,CIE-10 OPS,1
A92.8,Otras fiebres virales especificadas transmitidas por,A,CIE-10 OPS,1
A92.9,"Fiebre viral transmitida por mosquito, sin otra",A,CIE-10 OPS,1
A93.0,Enfermedad por virus de Oropouche,A,CIE-10 OPS,1
A93.1,Fiebre transmitida por flebótomos,A,CIE-10 OPS,1
A93.2,Fiebre de Colorado transmitida por garrapatas,A,CIE-10 OPS,1
A93.8,Otras fiebres virales especificadas transmitidas por,A,CIE-10 OPS,1
A95.0,Fiebre amarilla selvática,A,CIE-10 OPS,1
A95.1,Fiebre amarilla urbana,A,CIE-10 OPS,1
A95.9,"Fiebre amarilla, no especificada",A,CIE-10 OPS,1
A96.0,Fiebre hemorrágica de Junín,A,CIE-10 OPS,1
A96.1,Fiebre hemorrágica de Machupo,A,CIE-10 OPS,1
A96.2,Fiebre de Lassa,A,CIE-10 OPS,1
A96.8,Otras fiebres hemorrágicas por arenavirus,A,CIE-10 OPS,1
A96.9,"Fiebre hemorrágica por arenavirus, sin otra especificación",A,CIE-10 OPS,1
A98.0,Fiebre hemorrágica de Crimea-Congo,A,CIE-10 OPS,1
A98.1,Fiebre hemorrágica de Omsk,A,CIE-10 OPS,1
A98.2,Enfermedad de la selva de Kyasanur,A,CIE-10 OPS,1
A98.3,Enfermedad por el virus de Marburg,A,CIE-10 OPS,1
A98.4,Enfermedad por el virus de Ebola,A,CIE-10 OPS,1
A98.5,Fiebres hemorrágicas con síndrome renal,A,CIE-10 OPS,1
A98.8,Otras fiebres hemorrágicas virales especificadas,A,CIE-10 OPS,1
B00.0,Eczema herpético,B,CIE-10 OPS,1
B00.1,Dermatitis vesicular herpética,B,CIE-10 OPS,1
B00.2,Gingivoestomatitis y faringoamigdalitis herpética,B,CIE-10 OPS,1
B00.5,Oculopatía herpética ⎫,B,CIE-10 OPS,1
B00.7,Enfermedad herpética diseminada,B,CIE-10 OPS,1
B00.8,Otras formas de infecciones herpéticas,B,CIE-10 OPS,1
B00.9,"Infección debida al virus del herpes, no especificada",B,CIE-10 OPS,1
B01.8,Varicela con otras complicaciones,B,CIE-10 OPS,1
B01.9,Varicela sin complicaciones,B,CIE-10 OPS,1
B02.3,Herpes zoster ocular ⎫,B,CIE-10 OPS,1
B02.7,Herpes zoster diseminado,B,CIE-10 OPS,1
B02.8,Herpes zoster con otras complicaciones,B,CIE-10 OPS,1
B02.9,Herpes zoster sin complicaciones,B,CIE-10 OPS,1
B05.4,Sarampión con complicaciones intestinales,B,CIE-10 OPS,1
B05.8,Sarampión con otras complicaciones,B,CIE-10 OPS,1
B05.9,Sarampión sin complicaciones,B,CIE-10 OPS,1
B06.8,Rubéola con otras complicaciones,B,CIE-10 OPS,1
B06.9,Rubéola sin complicaciones,B,CIE-10 OPS,1
B08.0,Otras infecciones debidas a ortopoxvirus,B,CIE-10 OPS,1
B08.1,Molusco contagioso,B,CIE-10 OPS,1
B08.2,Exantema súbito [sexta enfermedad],B,CIE-10 OPS,1
B08.3,Eritema infeccioso [quinta enfermedad],B,CIE-10 OPS,1
B08.4,Estomatitis vesicular enteroviral con exantema,B,CIE-10 OPS,1
B08.5,Faringitis vesicular enterovírica,B,CIE-10 OPS,1
B08.8,"Otras infecciones virales especificadas, caracterizadas por",B,CIE-10 OPS,1
B15.0,"Hepatitis aguda tipo A, con coma hepático",B,CIE-10 OPS,1
B15.9,"Hepatitis aguda tipo A, sin coma hepático",B,CIE-10 OPS,1
B16.0,"Hepatitis aguda tipo B, con agente delta (coinfección),",B,CIE-10 OPS,1
B16.1,"Hepatitis aguda tipo B, con agente delta (coinfección),",B,CIE-10 OPS,1
B16.2,"Hepatitis aguda tipo B, sin agente delta, con coma hepático",B,CIE-10 OPS,1
B16.9,"Hepatitis aguda tipo B, sin agente delta y sin coma",B,CIE-10 OPS,1
B17.0,Infección (superinfección) aguda por agente delta en el,B,CIE-10 OPS,1
B17.1,Hepatitis aguda tipo C,B,CIE-10 OPS,1
B17.2,Hepatitis aguda tipo E,B,CIE-10 OPS,1
B17.8,Otras hepatitis virales agudas especificadas,B,CIE-10 OPS,1
B18.0,"Hepatitis viral tipo B crónica, con agente delta",B,CIE-10 OPS,1
B18.1,"Hepatitis viral tipo B crónica, sin agente delta",B,CIE-10 OPS,1
B18.2,Hepatitis viral tipo C crónica,B,CIE-10 OPS,1
B18.8,Otras hepatitis virales crónicas,B,CIE-10 OPS,1
B18.9,"Hepatitis viral crónica, sin otra especificación",B,CIE-10 OPS,1
B19.0,Hepatitis viral no especificada con coma,B,CIE-10 OPS,1
B19.9,Hepatitis viral no especificada sin coma,B,CIE-10 OPS,1
B20.0,"Enfermedad por VIH, resultante en infección por",B,CIE-10 OPS,1
B20.1,"Enfermedad por VIH, resultante en otras infecciones",B,CIE-10 OPS,1
B20.2,"Enfermedad por VIH, resultante en enfermedad por",B,CIE-10 OPS,1
B20.3,"Enfermedad por VIH, resultante en otras infecciones virales",B,CIE-10 OPS,1
B20.4,"Enfermedad por VIH, resultante en candidiasis",B,CIE-10 OPS,1
B20.5,"Enfermedad por VIH, resultante en otras micosis",B,CIE-10 OPS,1
B20.6,"Enfermedad por VIH, resultante en neumonía por",B,CIE-10 OPS,1
B20.7,"Enfermedad por VIH, resultante en infecciones múltiples",B,CIE-10 OPS,1
B20.8,"Enfermedad por VIH, resultante en otras enfermedades",B,CIE-10 OPS,1
B20.9,"Enfermedad por VIH, resultante en enfermedad infecciosa o",B,CIE-10 OPS,1
B21.0,"Enfermedad por VIH, resultante en sarcoma de Kaposi",B,CIE-10 OPS,1
B21.1,"Enfermedad por VIH, resultante en linfoma de Burkitt",B,CIE-10 OPS,1
B21.2,"Enfermedad por VIH, resultante en otros tipos de linfoma",B,CIE-10 OPS,1
B21.3,"Enfermedad por VIH, resultante en otros tumores malignos",B,CIE-10 OPS,1
B21.7,"Enfermedad por VIH, resultante en tumores malignos",B,CIE-10 OPS,1
B21.8,"Enfermedad por VIH, resultante en otros tumores malignos",B,CIE-10 OPS,1
B21.9,"Enfermedad por VIH, resultante en tumores malignos no",B,CIE-10 OPS,1
B22.0,"Enfermedad por VIH, resultante en encefalopatía",B,CIE-10 OPS,1
B22.1,"Enfermedad por VIH, resultante en neumonitis linfoide",B,CIE-10 OPS,1
B22.2,"Enfermedad por VIH, resultante en síndrome caquéctico",B,CIE-10 OPS,1
B22.7,"Enfermedad por VIH, resultante en enfermedades múltiples",B,CIE-10 OPS,1
B23.0,Síndrome de infección aguda debida a VIH,B,CIE-10 OPS,1
B23.1,"Enfermedad por VIH, resultante en linfadenopatía",B,CIE-10 OPS,1
B23.2,"Enfermedad por VIH, resultante en anormalidades inmuno-",B,CIE-10 OPS,1
B23.8,"Enfermedad por VIH, resultante en otras afecciones",B,CIE-10 OPS,1
B25.8,Otras enfermedades debidas a virus citomegálico,B,CIE-10 OPS,1
B25.9,"Enfermedad por virus citomegálico, no especificada",B,CIE-10 OPS,1
B26.8,Parotiditis infecciosa con otras complicaciones,B,CIE-10 OPS,1
B26.9,"Parotiditis, sin complicaciones",B,CIE-10 OPS,1
B27.0,Mononucleosis debida a herpes virus gamma,B,CIE-10 OPS,1
B27.1,Mononucleosis por citomegalovirus,B,CIE-10 OPS,1
B27.8,Otras mononucleosis infecciosas,B,CIE-10 OPS,1
B27.9,"Mononucleosis infecciosa, no especificada",B,CIE-10 OPS,1
B30.2,Faringoconjuntivitis viral,B,CIE-10 OPS,1
B30.9,"Conjuntivitis viral, sin otra especificación",B,CIE-10 OPS,1
B33.0,Mialgia epidémica,B,CIE-10 OPS,1
B33.1,Enfermedad del río Ross,B,CIE-10 OPS,1
B33.2,Carditis viral,B,CIE-10 OPS,1
B33.3,"Infecciones debidas a retrovirus, no clasificadas en otra",B,CIE-10 OPS,1
B33.8,Otras enfermedades virales especificadas,B,CIE-10 OPS,1
B34.0,"Infección debida a adenovirus, de sitio no especificado",B,CIE-10 OPS,1
B34.1,"Infección debida a enterovirus, de sitio no especificado",B,CIE-10 OPS,1
B34.2,"Infección debida a Coronavirus, de sitio no especificado",B,CIE-10 OPS,1
B34.3,"Infección debida a Parvovirus, de sitio no especificado",B,CIE-10 OPS,1
B34.4,"Infección debida a Papovavirus, de sitio no especificado",B,CIE-10 OPS,1
B34.8,"Otras infecciones virales, de sitio no especificado",B,CIE-10 OPS,1
B34.9,"Infección viral, no especificada",B,CIE-10 OPS,1
B35.0,Tiña de la barba y del cuero cabelludo,B,CIE-10 OPS,1
B35.1,Tiña de las uñas,B,CIE-10 OPS,1
B35.2,Tiña de la mano,B,CIE-10 OPS,1
B35.3,Tiña del pie [Tinea pedis],B,CIE-10 OPS,1
B35.4,Tiña del cuerpo [Tinea corporis],B,CIE-10 OPS,1
B35.5,Tiña imbricada [Tinea imbricata],B,CIE-10 OPS,1
B35.6,Tiña inguinal [Tinea cruris],B,CIE-10 OPS,1
B35.8,Otras dermatofitosis,B,CIE-10 OPS,1
B35.9,"Dermatofitosis, no especificada",B,CIE-10 OPS,1
B36.0,Pitiriasis versicolor,B,CIE-10 OPS,1
B36.1,Tiña negra,B,CIE-10 OPS,1
B36.2,Piedra blanca,B,CIE-10 OPS,1
B36.3,Piedra negra,B,CIE-10 OPS,1
B36.8,Otras micosis superficiales especificadas,B,CIE-10 OPS,1
B36.9,"Micosis superficial, sin otra especificación",B,CIE-10 OPS,1
B37.0,Estomatitis candidiásica,B,CIE-10 OPS,1
B37.1,Candidiasis pulmonar,B,CIE-10 OPS,1
B37.2,Candidiasis de la piel y las uñas,B,CIE-10 OPS,1
B37.4,Candidiasis de otras localizaciones urogenitales,B,CIE-10 OPS,1
B37.7,Septicemia debida a candida,B,CIE-10 OPS,1
B37.8,Candidiasis de otros sitios,B,CIE-10 OPS,1
B37.9,"Candidiasis, no especificada",B,CIE-10 OPS,1
B38.0,Coccidioidomicosis pulmonar aguda,B,CIE-10 OPS,1
B38.1,Coccidioidomicosis pulmonar crónica,B,CIE-10 OPS,1
B38.2,"Coccidioidomicosis pulmonar, sin otra especificación",B,CIE-10 OPS,1
B38.3,Coccidioidomicosis cutánea,B,CIE-10 OPS,1
B38.7,Coccidioidomicosis diseminada,B,CIE-10 OPS,1
B38.8,Otras formas de coccidioidomicosis,B,CIE-10 OPS,1
B38.9,"Coccidioidomicosis, no especificada",B,CIE-10 OPS,1
B39.0,Infección pulmonar aguda debida a Histoplasma,B,CIE-10 OPS,1
B39.1,Infección pulmonar crónica debida a Histoplasma,B,CIE-10 OPS,1
B39.2,"Infección pulmonar debida a Histoplasma capsulatum, sin",B,CIE-10 OPS,1
B39.3,Infección diseminada debida a Histoplasma capsulatum,B,CIE-10 OPS,1
B39.4,"Histoplasmosis debida a Histoplasma capsulatum, sin otra",B,CIE-10 OPS,1
B39.5,Infección debida a Histoplasma duboisii,B,CIE-10 OPS,1
B39.9,"Histoplasmosis, no especificada",B,CIE-10 OPS,1
B40.0,Blastomicosis pulmonar aguda,B,CIE-10 OPS,1
B40.1,Blastomicosis pulmonar crónica,B,CIE-10 OPS,1
B40.2,"Blastomicosis pulmonar, sin otra especificación",B,CIE-10 OPS,1
B40.3,Blastomicosis cutánea,B,CIE-10 OPS,1
B40.7,Blastomicosis diseminada,B,CIE-10 OPS,1
B40.8,Otras formas de blastomicosis,B,CIE-10 OPS,1
B40.9,"Blastomicosis, no especificada",B,CIE-10 OPS,1
B41.0,Paracoccidioidomicosis pulmonar,B,CIE-10 OPS,1
B41.7,Paracoccidioidomicosis diseminada,B,CIE-10 OPS,1
B41.8,Otras formas de paracoccidioidomicosis,B,CIE-10 OPS,1
B41.9,"Paracoccidioidomicosis, no especificada",B,CIE-10 OPS,1
B42.1,Esporotricosis linfocutánea,B,CIE-10 OPS,1
B42.7,Esporotricosis diseminada,B,CIE-10 OPS,1
B42.8,Otras formas de esporotricosis,B,CIE-10 OPS,1
B42.9,"Esporotricosis, no especificada",B,CIE-10 OPS,1
B43.0,Cromomicosis cutánea,B,CIE-10 OPS,1
B43.1,Absceso cerebral feomicótico,B,CIE-10 OPS,1
B43.2,Absceso y quiste subcutáneo feomicótico,B,CIE-10 OPS,1
B43.8,Otras formas de cromomicosis,B,CIE-10 OPS,1
B43.9,"Cromomicosis, no especificada",B,CIE-10 OPS,1
B44.0,Aspergilosis pulmonar invasiva,B,CIE-10 OPS,1
B44.1,Otras aspergilosis pulmonares,B,CIE-10 OPS,1
B44.2,Aspergilosis amigdalina,B,CIE-10 OPS,1
B44.7,Aspergilosis diseminada,B,CIE-10 OPS,1
B44.8,Otras formas de aspergilosis,B,CIE-10 OPS,1
B44.9,"Aspergilosis, no especificada",B,CIE-10 OPS,1
B45.0,Criptococosis pulmonar,B,CIE-10 OPS,1
B45.1,Criptococosis cerebral,B,CIE-10 OPS,1
B45.2,Criptococosis cutánea,B,CIE-10 OPS,1
B45.3,Criptococosis ósea,B,CIE-10 OPS,1
B45.7,Criptococosis diseminada,B,CIE-10 OPS,1
B45.8,Otras formas de criptococosis,B,CIE-10 OPS,1
B45.9,"Criptococosis, no especificada",B,CIE-10 OPS,1
B46.0,Mucormicosis pulmonar,B,CIE-10 OPS,1
B46.1,Mucormicosis rinocerebral,B,CIE-10 OPS,1
B46.2,Mucormicosis gastrointestinal,B,CIE-10 OPS,1
B46.3,Mucormicosis cutánea,B,CIE-10 OPS,1
B46.4,Mucormicosis diseminada,B,CIE-10 OPS,1
B46.5,"Mucormicosis, sin otra especificación",B,CIE-10 OPS,1
B46.8,Otras cigomicosis,B,CIE-10 OPS,1
B46.9,"Cigomicosis, no especificada",B,CIE-10 OPS,1
B47.0,Eumicetoma,B,CIE-10 OPS,1
B47.1,Actinomicetoma,B,CIE-10 OPS,1
B47.9,"Micetoma, no especificado",B,CIE-10 OPS,1
B48.0,Lobomicosis,B,CIE-10 OPS,1
B48.1,Rinosporidiosis,B,CIE-10 OPS,1
B48.2,Alesqueriasis,B,CIE-10 OPS,1
B48.3,Geotricosis,B,CIE-10 OPS,1
B48.4,Penicilosis,B,CIE-10 OPS,1
B48.7,Micosis oportunistas,B,CIE-10 OPS,1
B48.8,Otras micosis especificadas,B,CIE-10 OPS,1
B50.0,Paludismo debido a Plasmodium falciparumcon,B,CIE-10 OPS,1
B50.8,Otro paludismo grave y complicado debido a Plasmodium,B,CIE-10 OPS,1
B50.9,"Paludismo debido a Plasmodium falciparum, sin otra",B,CIE-10 OPS,1
B51.0,Paludismo debido a Plasmodium vivaxcon ruptura,B,CIE-10 OPS,1
B51.8,Paludismo debido a Plasmodium vivaxcon otras,B,CIE-10 OPS,1
B51.9,"Paludismo debido a Plasmodium vivax, sin complicaciones",B,CIE-10 OPS,1
B52.0,Paludismo debido a Plasmodium malariaecon nefropatía,B,CIE-10 OPS,1
B52.8,Paludismo debido a Plasmodium malariaecon otras,B,CIE-10 OPS,1
B52.9,"Paludismo debido a Plasmodium malariae, sin",B,CIE-10 OPS,1
B53.0,Paludismo debido a Plasmodium ovale,B,CIE-10 OPS,1
B53.1,Paludismo debido a plasmodios de los simios,B,CIE-10 OPS,1
B53.8,"Otro paludismo confirmado parasitológicamente, no",B,CIE-10 OPS,1
B55.0,Leishmaniasis visceral,B,CIE-10 OPS,1
B55.1,Leishmaniasis cutánea,B,CIE-10 OPS,1
B55.2,Leishmaniasis mucocutánea,B,CIE-10 OPS,1
B55.9,"Leishmaniasis, no especificada",B,CIE-10 OPS,1
B56.0,Tripanosomiasis gambiense,B,CIE-10 OPS,1
B56.1,Tripanosomiasis rhodesiense,B,CIE-10 OPS,1
B56.9,"Tripanosomiasis africana, sin otra especificación",B,CIE-10 OPS,1
B57.1,Enfermedad de Chagas aguda que no afecta al corazón,B,CIE-10 OPS,1
B57.2,Enfermedad de Chagas (crónica) que afecta al corazón,B,CIE-10 OPS,1
B57.3,Enfermedad de Chagas (crónica) que afecta al sistema,B,CIE-10 OPS,1
B57.4,Enfermedad de Chagas (crónica) que afecta al sistema,B,CIE-10 OPS,1
B57.5,Enfermedad de Chagas (crónica) que afecta otros órganos,B,CIE-10 OPS,1
B58.8,Toxoplasmosis con otro órgano afectado,B,CIE-10 OPS,1
B58.9,"Toxoplasmosis, no especificada",B,CIE-10 OPS,1
B60.0,Babesiosis,B,CIE-10 OPS,1
B60.1,Acantamebiasis,B,CIE-10 OPS,1
B60.2,Naegleriasis,B,CIE-10 OPS,1
B60.8,Otras enfermedades especificadas debidas a protozarios,B,CIE-10 OPS,1
B65.0,Esquistosomiasis debida a Schistosoma haematobium,B,CIE-10 OPS,1
B65.1,Esquistosomiasis debida a Schistosoma mansoni,B,CIE-10 OPS,1
B65.2,Esquistosomiasis debida aSchistosoma japonicum,B,CIE-10 OPS,1
B65.3,Dermatitis por cercarias,B,CIE-10 OPS,1
B65.8,Otras esquistosomiasis,B,CIE-10 OPS,1
B65.9,"Esquistosomiasis, no especificada",B,CIE-10 OPS,1
B66.0,Opistorquiasis,B,CIE-10 OPS,1
B66.1,Clonorquiasis,B,CIE-10 OPS,1
B66.2,Dicrocoeliasis,B,CIE-10 OPS,1
B66.3,Fascioliasis,B,CIE-10 OPS,1
B66.4,Paragonimiasis,B,CIE-10 OPS,1
B66.5,Fasciolopsiasis,B,CIE-10 OPS,1
B66.8,Otras infecciones especificadas debidas a trematodos,B,CIE-10 OPS,1
B66.9,"Infección debida a trematodos, no especificada",B,CIE-10 OPS,1
B67.0,Infección del hígado debida a Echinococcus granulosus,B,CIE-10 OPS,1
B67.1,Infección del pulmón debida a Echinococcus granulosus,B,CIE-10 OPS,1
B67.2,Infección de hueso debida a Echinococcus granulosus,B,CIE-10 OPS,1
B67.3,Infección de otro órgano y de sitios múltiples debida a,B,CIE-10 OPS,1
B67.4,"Infección debida a Echinococcus granulosus,sin otra",B,CIE-10 OPS,1
B67.5,Infección del hígado debida a Echinococcus multilocularis,B,CIE-10 OPS,1
B67.6,Infección de otro órgano y de sitios múltiples debida a,B,CIE-10 OPS,1
B67.7,"Infección debida a Echinococcus multilocularis,sin otra",B,CIE-10 OPS,1
B67.8,"Equinococosis del hígado, no especificada",B,CIE-10 OPS,1
B67.9,"Equinococosis, otra y la no especificada",B,CIE-10 OPS,1
B68.0,Teniasis debida a Taenia solium,B,CIE-10 OPS,1
B68.1,Infección debida a Taenia saginata,B,CIE-10 OPS,1
B68.9,"Teniasis, no especificada",B,CIE-10 OPS,1
B69.0,Cisticercosis del sistema nervioso central,B,CIE-10 OPS,1
B69.1,Cisticercosis del ojo,B,CIE-10 OPS,1
B69.8,Cisticercosis de otros sitios,B,CIE-10 OPS,1
B69.9,"Cisticercosis, no especificada",B,CIE-10 OPS,1
B70.0,Difilobotriasis intestinal,B,CIE-10 OPS,1
B70.1,Esparganosis,B,CIE-10 OPS,1
B71.0,Himenolepiasis,B,CIE-10 OPS,1
B71.1,Dipilidiasis,B,CIE-10 OPS,1
B71.8,Otras infecciones debidas a cestodos especificadas,B,CIE-10 OPS,1
B71.9,"Infección debida a cestodos, no especificada",B,CIE-10 OPS,1
B74.0,Filariasis debida a Wuchereria bancrofti,B,CIE-10 OPS,1
B74.1,Filariasis debida a Brugia malayi,B,CIE-10 OPS,1
B74.2,Filariasis debida a Brugia timori,B,CIE-10 OPS,1
B74.3,Loaiasis,B,CIE-10 OPS,1
B74.4,Mansoneliasis,B,CIE-10 OPS,1
B74.8,Otras filariasis,B,CIE-10 OPS,1
B74.9,"Filariasis, no especificada",B,CIE-10 OPS,1
B76.0,Anquilostomiasis,B,CIE-10 OPS,1
B76.1,Necatoriasis,B,CIE-10 OPS,1
B76.8,Otras enfermedades debidas a anquilostomas,B,CIE-10 OPS,1
B76.9,"Enfermedad debida a anquilostomas, no especificada",B,CIE-10 OPS,1
B77.0,Ascariasis con complicaciones intestinales,B,CIE-10 OPS,1
B77.8,Ascariasis con otras complicaciones,B,CIE-10 OPS,1
B77.9,"Ascariasis, no especificada",B,CIE-10 OPS,1
B78.0,Estrongiloidiasis intestinal,B,CIE-10 OPS,1
B78.1,Estrongiloidiasis cutánea,B,CIE-10 OPS,1
B78.7,Estrongiloidiasis diseminada,B,CIE-10 OPS,1
B78.9,"Estrongiloidiasis, no especificada",B,CIE-10 OPS,1
B81.0,Anisaquiasis,B,CIE-10 OPS,1
B81.1,Capilariasis intestinal,B,CIE-10 OPS,1
B81.2,Tricoestrongiliasis,B,CIE-10 OPS,1
B81.3,Angioestrongiliasis intestinal,B,CIE-10 OPS,1
B81.4,Helmintiasis intestinal mixta,B,CIE-10 OPS,1
B81.8,Otras helmintiasis intestinales especificadas,B,CIE-10 OPS,1
B82.0,"Helmintiasis intestinal, sin otra especificación",B,CIE-10 OPS,1
B82.9,"Parasitosis intestinal, sin otra especificación",B,CIE-10 OPS,1
B83.0,Larva migrans visceral,B,CIE-10 OPS,1
B83.1,Gnatostomiasis,B,CIE-10 OPS,1
B83.2,Angioestrongiliasis debida a Parastrongylus cantonensis,B,CIE-10 OPS,1
B83.3,Singamiasis,B,CIE-10 OPS,1
B83.4,Hirudiniasis interna,B,CIE-10 OPS,1
B83.8,Otras helmintiasis especificadas,B,CIE-10 OPS,1
B83.9,"Helmintiasis, no especificada",B,CIE-10 OPS,1
B85.0,Pediculosis debida a Pediculus humanus capitis,B,CIE-10 OPS,1
B85.1,Pediculosis debida a Pediculus humanus corporis,B,CIE-10 OPS,1
B85.2,"Pediculosis, sin otra especificación",B,CIE-10 OPS,1
B85.3,Phthiriasis,B,CIE-10 OPS,1
B85.4,Pediculosis y phthiriasis mixtas,B,CIE-10 OPS,1
B87.0,Miasis cutánea,B,CIE-10 OPS,1
B87.1,Miasis en heridas,B,CIE-10 OPS,1
B87.2,Miasis ocular,B,CIE-10 OPS,1
B87.3,Miasis nasofaríngea,B,CIE-10 OPS,1
B87.4,Miasis aural,B,CIE-10 OPS,1
B87.8,Miasis de otros sitios,B,CIE-10 OPS,1
B87.9,"Miasis, no especificada",B,CIE-10 OPS,1
B88.0,Otras acariasis,B,CIE-10 OPS,1
B88.1,Tungiasis [infección debida a pulga de arena],B,CIE-10 OPS,1
B88.2,Otras infestaciones debidas a artrópodos,B,CIE-10 OPS,1
B88.3,Hirudiniasis externa,B,CIE-10 OPS,1
B88.8,Otras infestaciones especificadas,B,CIE-10 OPS,1
B88.9,"Infestación, no especificada",B,CIE-10 OPS,1
B90.0,Secuelas de tuberculosis del sistema nervioso central,B,CIE-10 OPS,1
B90.1,Secuelas de tuberculosis genitourinaria,B,CIE-10 OPS,1
B90.2,Secuelas de tuberculosis de huesos y articulaciones,B,CIE-10 OPS,1
B90.8,Secuelas de tuberculosis de otros órganos especificados,B,CIE-10 OPS,1
B90.9,Secuelas de tuberculosis respiratoria y de tuberculosis no,B,CIE-10 OPS,1
B94.0,Secuelas de tracoma,B,CIE-10 OPS,1
B94.1,Secuelas de encefalitis viral,B,CIE-10 OPS,1
B94.2,Secuelas de hepatitis viral,B,CIE-10 OPS,1
B94.8,Secuelas de otras enfermedades infecciosas y parasitarias,B,CIE-10 OPS,1
B94.9,Secuelas de enfermedades infecciosas y parasitarias no,B,CIE-10 OPS,1
B95.0,"Estreptococo, grupo A, como causa de enfermedades",B,CIE-10 OPS,1
B95.1,"Estreptococo, grupo B, como causa de enfermedades",B,CIE-10 OPS,1
B95.2,"Estreptococo, grupo D, como causa de enfermedades",B,CIE-10 OPS,1
B95.3,Streptococcus pneumoniaecomo causa de enfermedades,B,CIE-10 OPS,1
B95.4,Otros estreptococos como causa de enfermedades,B,CIE-10 OPS,1
B95.5,Estreptococo no especificado como causa de,B,CIE-10 OPS,1
B95.6,Staphylococcus aureus como causa de enfermedades,B,CIE-10 OPS,1
B95.7,Otros estafilococos como causa de enfermedades,B,CIE-10 OPS,1
B95.8,"Estafilococo no especificado, como causa de",B,CIE-10 OPS,1
B96.0,Mycoplasma pneumoniae [M. pneumoniae] como causa de,B,CIE-10 OPS,1
B96.1,Klebsiella pneumoniae [K. pneumoniae] como causa de,B,CIE-10 OPS,1
B96.2,Escherichia coli [E. coli] como causa de enfermedades,B,CIE-10 OPS,1
B96.3,Haemophilus influenzae [H. influenzae] como causa de,B,CIE-10 OPS,1
B96.4,Proteus (mirabilis) (morganii) como causa de enfermedades,B,CIE-10 OPS,1
B96.5,Pseudomonas (aeruginosa) (mallei) (pseudomallei) como,B,CIE-10 OPS,1
B96.6,Bacillus fragilis [B. fragilis]como causa de enfermedades,B,CIE-10 OPS,1
B96.7,Clostridium perfringens [C. perfringens]como causa de,B,CIE-10 OPS,1
B96.8,Otros agentes bacterianos especificados como causa de,B,CIE-10 OPS,1
B97.0,Adenovirus como causa de enfermedades clasificadas en,B,CIE-10 OPS,1
B97.1,Enterovirus como causa de enfermedades clasificadas en,B,CIE-10 OPS,1
B97.2,Coronavirus como causa de enfermedades clasificadas en,B,CIE-10 OPS,1
B97.3,Retrovirus como causa de enfermedades clasificadas en,B,CIE-10 OPS,1
B97.4,Virus sincicial respiratorio como causa de enfermedades,B,CIE-10 OPS,1
B97.5,Reovirus como causa de enfermedades clasificadas en,B,CIE-10 OPS,1
B97.6,Parvovirus como causa de enfermedades clasificadas en,B,CIE-10 OPS,1
B97.7,Papilomavirus como causa de enfermedades clasificadas,B,CIE-10 OPS,1
B97.8,Otros agentes virales como causa de enfermedades,B,CIE-10 OPS,1
C02.8,Lesión de sitios contiguos de la lengua,C,CIE-10 OPS,1
C08.8,Lesión de sitios contiguos de las glándulas salivales mayores,C,CIE-10 OPS,1
C14.8,"Lesión de sitios contiguos del labio, de la cavidad bucal y de la",C,CIE-10 OPS,1
C21.8,"Lesión de sitios contiguos del ano, del conducto anal y del recto",C,CIE-10 OPS,1
C24.8,Lesión de sitios contiguos de las vías biliares,C,CIE-10 OPS,1
C26.8,Lesión de sitios contiguos de los órganos digestivos,C,CIE-10 OPS,1
C39.8,Lesión de sitios contiguos de los órganos respiratorios e intrato-,C,CIE-10 OPS,1
C41.8,Lesión de sitios contiguos del hueso y del cartílago articular,C,CIE-10 OPS,1
C49.8,Lesión de sitios contiguos del tejido conjuntivo y del tejido,C,CIE-10 OPS,1
C57.8,Lesión de sitios contiguos de los órganos genitales femeninos,C,CIE-10 OPS,1
C63.8,Lesión de sitios contiguos de los órganos genitales masculinos,C,CIE-10 OPS,1
C68.8,Lesión de sitios contiguos de los órganos urinarios,C,CIE-10 OPS,1
C72.8,Lesión de sitios contiguos del encéfalo y otras partes del sistema,C,CIE-10 OPS,1
C00.0,"Tumor maligno del labio superior, cara externa",C,CIE-10 OPS,1
C00.1,"Tumor maligno del labio inferior, cara externa",C,CIE-10 OPS,1
C00.2,"Tumor maligno del labio, cara externa, sin otra",C,CIE-10 OPS,1
C00.3,"Tumor maligno del labio superior, cara interna",C,CIE-10 OPS,1
C00.4,"Tumor maligno del labio inferior, cara interna",C,CIE-10 OPS,1
C00.5,"Tumor maligno del labio, cara interna, sin otra",C,CIE-10 OPS,1
C00.6,Tumor maligno de la comisura labial,C,CIE-10 OPS,1
C00.8,Lesión de sitios contiguos del labio,C,CIE-10 OPS,1
C00.9,"Tumor maligno del labio, parte no especificada",C,CIE-10 OPS,1
C02.0,Tumor maligno de la cara dorsal de la lengua,C,CIE-10 OPS,1
C02.1,Tumor maligno del borde de la lengua,C,CIE-10 OPS,1
C02.2,Tumor maligno de la cara ventral de la lengua,C,CIE-10 OPS,1
C02.3,"Tumor maligno de los dos tercios anteriores de la lengua,",C,CIE-10 OPS,1
C02.4,Tumor maligno de la amígdala lingual,C,CIE-10 OPS,1
C02.9,"Tumor maligno de la lengua, parte no especificada",C,CIE-10 OPS,1
C03.0,Tumor maligno de la encía superior,C,CIE-10 OPS,1
C03.1,Tumor maligno de la encía inferior,C,CIE-10 OPS,1
C03.9,"Tumor maligno de la encía, parte no especificada",C,CIE-10 OPS,1
C04.0,Tumor maligno de la parte anterior del piso de la boca,C,CIE-10 OPS,1
C04.1,Tumor maligno de la parte lateral del piso de la boca,C,CIE-10 OPS,1
C04.8,Lesión de sitios contiguos del piso de la boca,C,CIE-10 OPS,1
C04.9,"Tumor maligno del piso de la boca, parte no especificada",C,CIE-10 OPS,1
C05.0,Tumor maligno del paladar duro,C,CIE-10 OPS,1
C05.1,Tumor maligno del paladar blando,C,CIE-10 OPS,1
C05.2,Tumor maligno de la úvula,C,CIE-10 OPS,1
C05.8,Lesión de sitios contiguos del paladar,C,CIE-10 OPS,1
C05.9,"Tumor maligno del paladar, parte no especificada",C,CIE-10 OPS,1
C06.0,Tumor maligno de la mucosa de la mejilla,C,CIE-10 OPS,1
C06.1,Tumor maligno del vestíbulo de la boca,C,CIE-10 OPS,1
C06.2,Tumor maligno del área retromolar,C,CIE-10 OPS,1
C06.8,Lesión de sitios contiguos de otras partes y de las no,C,CIE-10 OPS,1
C06.9,"Tumor maligno de la boca, parte no especificada",C,CIE-10 OPS,1
C08.0,Tumor maligno de la glándula submaxilar,C,CIE-10 OPS,1
C08.1,Tumor maligno de la glándula sublingual,C,CIE-10 OPS,1
C08.9,"Tumor maligno de glándula salival mayor, no especificada",C,CIE-10 OPS,1
C09.0,Tumor maligno de la fosa amigdalina,C,CIE-10 OPS,1
C09.1,Tumor maligno del pilar amigdalino (anterior) (posterior),C,CIE-10 OPS,1
C09.8,Lesión de sitios contiguos de la amígdala,C,CIE-10 OPS,1
C09.9,"Tumor maligno de la amígdala, parte no especificada",C,CIE-10 OPS,1
C10.0,Tumor maligno de la valécula,C,CIE-10 OPS,1
C10.1,Tumor maligno de la cara anterior de la epiglotis,C,CIE-10 OPS,1
C10.2,Tumor maligno de la pared lateral de la orofaringe,C,CIE-10 OPS,1
C10.3,Tumor maligno de la pared posterior de la orofaringe,C,CIE-10 OPS,1
C10.4,Tumor maligno de la hendidura branquial,C,CIE-10 OPS,1
C10.8,Lesión de sitios contiguos de la orofaringe,C,CIE-10 OPS,1
C10.9,"Tumor maligno de la orofaringe, parte no especificada",C,CIE-10 OPS,1
C11.0,Tumor maligno de la pared superior de la nasofaringe,C,CIE-10 OPS,1
C11.1,Tumor maligno de la pared posterior de la nasofaringe,C,CIE-10 OPS,1
C11.2,Tumor maligno de la pared lateral de la nasofaringe,C,CIE-10 OPS,1
C11.3,Tumor maligno de la pared anterior de la nasofaringe,C,CIE-10 OPS,1
C11.8,Lesión de sitios contiguos de la nasofaringe,C,CIE-10 OPS,1
C11.9,"Tumor maligno de la nasofaringe, parte no especificada",C,CIE-10 OPS,1
C13.0,Tumor maligno de la región postcricoidea,C,CIE-10 OPS,1
C13.1,"Tumor maligno del pliegue aritenoepiglótico, cara",C,CIE-10 OPS,1
C13.2,Tumor maligno de la pared posterior de la hipofaringe,C,CIE-10 OPS,1
C13.8,Lesión de sitios contiguos de la hipofaringe,C,CIE-10 OPS,1
C13.9,"Tumor maligno de la hipofaringe, parte no especificada",C,CIE-10 OPS,1
C14.0,"Tumor maligno de la faringe, parte no especificada",C,CIE-10 OPS,1
C14.2,Tumor maligno del anillo de Waldeyer,C,CIE-10 OPS,1
C15.0,"Tumor maligno del esófago, porción cervical",C,CIE-10 OPS,1
C15.1,"Tumor maligno del esófago, porción torácica",C,CIE-10 OPS,1
C15.2,"Tumor maligno del esófago, porción abdominal",C,CIE-10 OPS,1
C15.3,Tumor maligno del tercio superior del esófago,C,CIE-10 OPS,1
C15.4,Tumor maligno del tercio medio del esófago,C,CIE-10 OPS,1
C15.5,Tumor maligno del tercio inferior del esófago,C,CIE-10 OPS,1
C15.8,Lesión de sitios contiguos del esófago,C,CIE-10 OPS,1
C15.9,"Tumor maligno del esófago, parte no especificada",C,CIE-10 OPS,1
C16.0,Tumor maligno del cardias,C,CIE-10 OPS,1
C16.1,Tumor maligno del fundus gástrico,C,CIE-10 OPS,1
C16.2,Tumor maligno del cuerpo del estómago,C,CIE-10 OPS,1
C16.3,Tumor maligno del antro pilórico,C,CIE-10 OPS,1
C16.4,Tumor maligno del píloro,C,CIE-10 OPS,1
C16.5,"Tumor maligno de la curvatura menor del estómago, sin",C,CIE-10 OPS,1
C16.6,"Tumor maligno de la curvatura mayor del estómago, sin",C,CIE-10 OPS,1
C16.8,Lesión de sitios contiguos del estómago,C,CIE-10 OPS,1
C16.9,"Tumor maligno del estómago, parte no especificada",C,CIE-10 OPS,1
C17.0,Tumor maligno del duodeno,C,CIE-10 OPS,1
C17.1,Tumor maligno del yeyuno,C,CIE-10 OPS,1
C17.2,Tumor maligno del íleon,C,CIE-10 OPS,1
C17.3,Tumor maligno del divertículo de Meckel,C,CIE-10 OPS,1
C17.8,Lesión de sitios contiguos del intestino delgado,C,CIE-10 OPS,1
C17.9,"Tumor maligno del intestino delgado, parte no especificada",C,CIE-10 OPS,1
C18.0,Tumor maligno del ciego,C,CIE-10 OPS,1
C18.1,Tumor maligno del apéndice,C,CIE-10 OPS,1
C18.2,Tumor maligno del colon ascendente,C,CIE-10 OPS,1
C18.3,Tumor maligno del ángulo hepático,C,CIE-10 OPS,1
C18.4,Tumor maligno del colon transverso,C,CIE-10 OPS,1
C18.5,Tumor maligno del ángulo esplénico,C,CIE-10 OPS,1
C18.6,Tumor maligno del colon descendente,C,CIE-10 OPS,1
C18.7,Tumor maligno del colon sigmoide,C,CIE-10 OPS,1
C18.8,Lesión de sitios contiguos del colon,C,CIE-10 OPS,1
C18.9,"Tumor maligno del colon, parte no especificada",C,CIE-10 OPS,1
C21.0,"Tumor maligno del ano, parte no especificada",C,CIE-10 OPS,1
C21.1,Tumor maligno del conducto anal,C,CIE-10 OPS,1
C21.2,Tumor maligno de la zona cloacogénica,C,CIE-10 OPS,1
C22.0,Carcinoma de células hepáticas,C,CIE-10 OPS,1
C22.1,Carcinoma de vías biliares intrahepáticas,C,CIE-10 OPS,1
C22.2,Hepatoblastoma,C,CIE-10 OPS,1
C22.3,Angiosarcoma del hígado,C,CIE-10 OPS,1
C22.4,Otros sarcomas del hígado,C,CIE-10 OPS,1
C22.7,Otros carcinomas especificados del hígado,C,CIE-10 OPS,1
C22.9,"Tumor maligno del hígado, no especificado",C,CIE-10 OPS,1
C24.0,Tumor maligno de las vías biliares extrahepáticas,C,CIE-10 OPS,1
C24.1,Tumor maligno de la ampolla de Vater,C,CIE-10 OPS,1
C24.9,"Tumor maligno de las vías biliares, parte no especificada",C,CIE-10 OPS,1
C25.0,Tumor maligno de la cabeza del páncreas,C,CIE-10 OPS,1
C25.1,Tumor maligno del cuerpo del páncreas,C,CIE-10 OPS,1
C25.2,Tumor maligno de la cola del páncreas,C,CIE-10 OPS,1
C25.3,Tumor maligno del conducto pancreático,C,CIE-10 OPS,1
C25.4,Tumor maligno del páncreas endocrino,C,CIE-10 OPS,1
C25.7,Tumor maligno de otras partes especificadas del páncreas,C,CIE-10 OPS,1
C25.8,Lesión de sitios contiguos del páncreas,C,CIE-10 OPS,1
C25.9,"Tumor maligno del páncreas, parte no especificada",C,CIE-10 OPS,1
C26.0,"Tumor maligno del intestino, parte no especificada",C,CIE-10 OPS,1
C26.1,Tumor maligno del bazo,C,CIE-10 OPS,1
C26.9,Tumor maligno de sitios mal definidos de los órganos,C,CIE-10 OPS,1
C30.0,Tumor maligno de la fosa nasal,C,CIE-10 OPS,1
C30.1,Tumor maligno del oído medio,C,CIE-10 OPS,1
C31.0,Tumor maligno del seno maxilar,C,CIE-10 OPS,1
C31.1,Tumor maligno del seno etmoidal,C,CIE-10 OPS,1
C31.2,Tumor maligno del seno frontal,C,CIE-10 OPS,1
C31.3,Tumor maligno del seno esfenoidal,C,CIE-10 OPS,1
C31.8,Lesión de sitios contiguos de los senos paranasales,C,CIE-10 OPS,1
C31.9,Tumor maligno de seno paranasal no especificado,C,CIE-10 OPS,1
C32.0,Tumor maligno de la glotis,C,CIE-10 OPS,1
C32.1,Tumor maligno de la región supraglótica,C,CIE-10 OPS,1
C32.2,Tumor maligno de la región subglótica,C,CIE-10 OPS,1
C32.3,Tumor maligno del cartílago laríngeo,C,CIE-10 OPS,1
C32.8,Lesión de sitios contiguos de la laringe,C,CIE-10 OPS,1
C32.9,"Tumor maligno de la laringe, parte no especificada",C,CIE-10 OPS,1
C34.0,Tumor maligno del bronquio principal,C,CIE-10 OPS,1
C34.1,"Tumor maligno del lóbulo superior, bronquio o pulmón",C,CIE-10 OPS,1
C34.2,"Tumor maligno del lóbulo medio, bronquio o pulmón",C,CIE-10 OPS,1
C34.3,"Tumor maligno del lóbulo inferior, bronquio o pulmón",C,CIE-10 OPS,1
C34.8,Lesión de sitios contiguos de los bronquios y del pulmón,C,CIE-10 OPS,1
C34.9,"Tumor maligno de los bronquios o del pulmón, parte no",C,CIE-10 OPS,1
C38.0,Tumor maligno del corazón,C,CIE-10 OPS,1
C38.1,Tumor maligno del mediastino anterior,C,CIE-10 OPS,1
C38.2,Tumor maligno del mediastino posterior,C,CIE-10 OPS,1
C38.3,"Tumor maligno del mediastino, parte no especificada",C,CIE-10 OPS,1
C38.4,Tumor maligno de la pleura,C,CIE-10 OPS,1
C38.8,"Lesión de sitios contiguos del corazón, del mediastino y de",C,CIE-10 OPS,1
C39.0,"Tumor maligno de las vías respiratorias superiores, parte",C,CIE-10 OPS,1
C39.9,Tumor maligno de sitios mal definidos del sistema,C,CIE-10 OPS,1
C40.0,Tumor maligno del omóplato y de los huesos largos del,C,CIE-10 OPS,1
C40.1,Tumor maligno de los huesos cortos del miembro superior,C,CIE-10 OPS,1
C40.2,Tumor maligno de los huesos largos del miembro inferior,C,CIE-10 OPS,1
C40.3,Tumor maligno de los huesos cortos del miembro inferior,C,CIE-10 OPS,1
C40.8,Lesión de sitios contiguos de los huesos y de los,C,CIE-10 OPS,1
C40.9,Tumor maligno de los huesos y de los cartílagos,C,CIE-10 OPS,1
C41.0,Tumor maligno de los huesos del cráneo y de la cara,C,CIE-10 OPS,1
C41.1,Tumor maligno del hueso del maxilar inferior,C,CIE-10 OPS,1
C41.2,Tumor maligno de la columna vertebral,C,CIE-10 OPS,1
C41.3,"Tumor maligno de la costilla, esternón y clavícula",C,CIE-10 OPS,1
C41.4,"Tumor maligno de los huesos de la pelvis, sacro y cóccix",C,CIE-10 OPS,1
C41.9,"Tumor maligno del hueso y del cartílago articular, no",C,CIE-10 OPS,1
C43.0,Melanoma maligno del labio,C,CIE-10 OPS,1
C43.1,"Melanoma maligno del párpado, incluida la comisura",C,CIE-10 OPS,1
C43.2,Melanoma maligno de la oreja y del conducto auditivo,C,CIE-10 OPS,1
C43.3,Melanoma maligno de las otras partes y las no,C,CIE-10 OPS,1
C43.4,Melanoma maligno del cuero cabelludo y del cuello,C,CIE-10 OPS,1
C43.5,Melanoma maligno del tronco,C,CIE-10 OPS,1
C43.6,"Melanoma maligno del miembro superior, incluido el",C,CIE-10 OPS,1
C43.7,"Melanoma maligno del miembro inferior, incluida la cadera",C,CIE-10 OPS,1
C43.8,Melanoma maligno de sitios contiguos de la piel,C,CIE-10 OPS,1
C43.9,"Melanoma maligno de piel, sitio no especificado",C,CIE-10 OPS,1
C44.0,Tumor maligno de la piel del labio,C,CIE-10 OPS,1
C44.1,"Tumor maligno de la piel del párpado, incluida la comisura",C,CIE-10 OPS,1
C44.2,Tumor maligno de la piel de la oreja y del conducto,C,CIE-10 OPS,1
C44.3,Tumor maligno de la piel de otras partes y de las no,C,CIE-10 OPS,1
C44.4,Tumor maligno de la piel del cuero cabelludo y del cuello,C,CIE-10 OPS,1
C44.5,Tumor maligno de la piel del tronco,C,CIE-10 OPS,1
C44.6,"Tumor maligno de la piel del miembro superior, incluido el",C,CIE-10 OPS,1
C44.7,"Tumor maligno de la piel del miembro inferior, incluida la",C,CIE-10 OPS,1
C44.8,Lesión de sitios contiguos de la piel,C,CIE-10 OPS,1
C44.9,"Tumor maligno de la piel, sitio no especificado",C,CIE-10 OPS,1
C45.0,Mesotelioma de la pleura,C,CIE-10 OPS,1
C45.1,Mesotelioma del peritoneo,C,CIE-10 OPS,1
C45.2,Mesotelioma del pericardio,C,CIE-10 OPS,1
C45.7,Mesotelioma de otros sitios especificados,C,CIE-10 OPS,1
C45.9,"Mesotelioma, de sitio no especificado",C,CIE-10 OPS,1
C46.0,Sarcoma de Kaposi de la piel,C,CIE-10 OPS,1
C46.1,Sarcoma de Kaposi del tejido blando,C,CIE-10 OPS,1
C46.2,Sarcoma de Kaposi del paladar,C,CIE-10 OPS,1
C46.3,Sarcoma de Kaposi de los ganglios linfáticos,C,CIE-10 OPS,1
C46.7,Sarcoma de Kaposi de otros sitios especificados,C,CIE-10 OPS,1
C46.8,Sarcoma de Kaposi de múltiples órganos,C,CIE-10 OPS,1
C46.9,"Sarcoma de Kaposi, de sitio no especificado",C,CIE-10 OPS,1
C47.0,"Tumor maligno de los nervios periféricos de la cabeza, cara",C,CIE-10 OPS,1
C47.1,Tumor maligno de los nervios periféricos del miembro,C,CIE-10 OPS,1
C47.2,Tumor maligno de los nervios periféricos del miembro,C,CIE-10 OPS,1
C47.3,Tumor maligno de los nervios periféricos del tórax,C,CIE-10 OPS,1
C47.4,Tumor maligno de los nervios periféricos del abdomen,C,CIE-10 OPS,1
C47.5,Tumor maligno de los nervios periféricos de la pelvis,C,CIE-10 OPS,1
C47.6,"Tumor maligno de los nervios periféricos del tronco, sin",C,CIE-10 OPS,1
C47.8,Lesión de sitios contiguos de los nervios periféricos y del,C,CIE-10 OPS,1
C47.9,Tumor maligno de los nervios periféricos y del sistema,C,CIE-10 OPS,1
C48.0,Tumor maligno del retroperitoneo,C,CIE-10 OPS,1
C48.1,Tumor maligno de parte especificada del peritoneo,C,CIE-10 OPS,1
C48.2,"Tumor maligno del peritoneo, sin otra especificación",C,CIE-10 OPS,1
C48.8,Lesión de sitios contiguos del peritoneo y del,C,CIE-10 OPS,1
C49.0,Tumor maligno del tejido conjuntivo y tejido blando de la,C,CIE-10 OPS,1
C49.1,Tumor maligno del tejido conjuntivo y tejido blando del,C,CIE-10 OPS,1
C49.2,Tumor maligno del tejido conjuntivo y tejido blando del,C,CIE-10 OPS,1
C49.3,Tumor maligno del tejido conjuntivo y tejido blando del,C,CIE-10 OPS,1
C49.4,Tumor maligno del tejido conjuntivo y tejido blando del,C,CIE-10 OPS,1
C49.5,Tumor maligno del tejido conjuntivo y tejido blando de la,C,CIE-10 OPS,1
C49.6,Tumor maligno del tejido conjuntivo y tejido blando del,C,CIE-10 OPS,1
C49.9,"Tumor maligno del tejido conjuntivo y tejido blando, de",C,CIE-10 OPS,1
C50.0,Tumor maligno del pezón y aréola mamaria,C,CIE-10 OPS,1
C50.1,Tumor maligno de la porción central de la mama,C,CIE-10 OPS,1
C50.2,Tumor maligno del cuadrante superior interno de la mama,C,CIE-10 OPS,1
C50.3,Tumor maligno del cuadrante inferior interno de la mama,C,CIE-10 OPS,1
C50.4,Tumor maligno del cuadrante superior externo de la mama,C,CIE-10 OPS,1
C50.5,Tumor maligno del cuadrante inferior externo de la mama,C,CIE-10 OPS,1
C50.6,Tumor maligno de la prolongación axilar de la mama,C,CIE-10 OPS,1
C50.8,Lesión de sitios contiguos de la mama,C,CIE-10 OPS,1
C50.9,"Tumor maligno de la mama, parte no especificada",C,CIE-10 OPS,1
C51.0,Tumor maligno del labio mayor,C,CIE-10 OPS,1
C51.1,Tumor maligno del labio menor,C,CIE-10 OPS,1
C51.2,Tumor maligno del clítoris,C,CIE-10 OPS,1
C51.8,Lesión de sitios contiguos de la vulva,C,CIE-10 OPS,1
C51.9,"Tumor maligno de la vulva, parte no especificada",C,CIE-10 OPS,1
C53.0,Tumor maligno del endocérvix,C,CIE-10 OPS,1
C53.1,Tumor maligno del exocérvix,C,CIE-10 OPS,1
C53.8,Lesión de sitios contiguos del cuello del útero,C,CIE-10 OPS,1
C53.9,"Tumor maligno del cuello del útero, sin otra especificación",C,CIE-10 OPS,1
C54.0,Tumor maligno del istmo uterino,C,CIE-10 OPS,1
C54.1,Tumor maligno del endometrio,C,CIE-10 OPS,1
C54.2,Tumor maligno del miometrio,C,CIE-10 OPS,1
C54.3,Tumor maligno del fondo del útero,C,CIE-10 OPS,1
C54.8,Lesión de sitios contiguos del cuerpo del útero,C,CIE-10 OPS,1
C54.9,"Tumor maligno del cuerpo del útero, parte no especificada",C,CIE-10 OPS,1
C57.0,Tumor maligno de la trompa de Falopio,C,CIE-10 OPS,1
C57.1,Tumor maligno del ligamento ancho,C,CIE-10 OPS,1
C57.2,Tumor maligno del ligamento redondo,C,CIE-10 OPS,1
C57.3,Tumor maligno del parametrio,C,CIE-10 OPS,1
C57.4,"Tumor maligno de los anexos uterinos, sin otra",C,CIE-10 OPS,1
C57.7,Tumor maligno de otras partes especificadas de los,C,CIE-10 OPS,1
C57.9,"Tumor maligno de órgano genital femenino, parte no",C,CIE-10 OPS,1
C60.0,Tumor maligno del prepucio,C,CIE-10 OPS,1
C60.1,Tumor maligno del glande,C,CIE-10 OPS,1
C60.2,Tumor maligno del cuerpo del pene,C,CIE-10 OPS,1
C60.8,Lesión de sitios contiguos del pene,C,CIE-10 OPS,1
C60.9,"Tumor maligno del pene, parte no especificada",C,CIE-10 OPS,1
C62.0,Tumor maligno del testículo no descendido,C,CIE-10 OPS,1
C62.1,Tumor maligno del testículo descendido,C,CIE-10 OPS,1
C62.9,"Tumor maligno del testículo, no especificado",C,CIE-10 OPS,1
C63.0,Tumor maligno del epidídimo,C,CIE-10 OPS,1
C63.1,Tumor maligno del cordón espermático,C,CIE-10 OPS,1
C63.2,Tumor maligno del escroto,C,CIE-10 OPS,1
C63.7,Tumor maligno de otras partes especificadas de los,C,CIE-10 OPS,1
C63.9,"Tumor maligno de órgano genital masculino, parte no",C,CIE-10 OPS,1
C67.0,Tumor maligno del trígono vesical,C,CIE-10 OPS,1
C67.1,Tumor maligno de la cúpula vesical,C,CIE-10 OPS,1
C67.2,Tumor maligno de la pared lateral de la vejiga,C,CIE-10 OPS,1
C67.3,Tumor maligno de la pared anterior de la vejiga,C,CIE-10 OPS,1
C67.4,Tumor maligno de la pared posterior de la vejiga,C,CIE-10 OPS,1
C67.5,Tumor maligno del cuello de la vejiga,C,CIE-10 OPS,1
C67.6,Tumor maligno del orificio ureteral,C,CIE-10 OPS,1
C67.7,Tumor maligno del uraco,C,CIE-10 OPS,1
C67.8,Lesión de sitios contiguos de la vejiga,C,CIE-10 OPS,1
C67.9,"Tumor maligno de la vejiga urinaria, parte no especificada",C,CIE-10 OPS,1
C68.0,Tumor maligno de la uretra,C,CIE-10 OPS,1
C68.1,Tumor maligno de las glándulas parauretrales,C,CIE-10 OPS,1
C68.9,Tumor maligno de órgano urinario no especificado,C,CIE-10 OPS,1
C69.0,Tumor maligno de la conjuntiva,C,CIE-10 OPS,1
C69.1,Tumor maligno de la córnea,C,CIE-10 OPS,1
C69.2,Tumor maligno de la retina,C,CIE-10 OPS,1
C69.3,Tumor maligno de la coroides,C,CIE-10 OPS,1
C69.4,Tumor maligno del cuerpo ciliar,C,CIE-10 OPS,1
C69.5,Tumor maligno de la glándula y conducto lagrimales,C,CIE-10 OPS,1
C69.6,Tumor maligno de la órbita,C,CIE-10 OPS,1
C69.8,Lesión de sitios contiguos del ojo y sus anexos,C,CIE-10 OPS,1
C69.9,"Tumor maligno del ojo, parte no especificada",C,CIE-10 OPS,1
C70.0,Tumor maligno de las meninges cerebrales,C,CIE-10 OPS,1
C70.1,Tumor maligno de las meninges raquídeas,C,CIE-10 OPS,1
C70.9,"Tumor maligno de las meninges, parte no especificada",C,CIE-10 OPS,1
C71.0,"Tumor maligno del cerebro, excepto lóbulos y ventrículos",C,CIE-10 OPS,1
C71.1,Tumor maligno del lóbulo frontal,C,CIE-10 OPS,1
C71.2,Tumor maligno del lóbulo temporal,C,CIE-10 OPS,1
C71.3,Tumor maligno del lóbulo parietal,C,CIE-10 OPS,1
C71.4,Tumor maligno del lóbulo occipital,C,CIE-10 OPS,1
C71.5,Tumor maligno del ventrículo cerebral,C,CIE-10 OPS,1
C71.6,Tumor maligno del cerebelo,C,CIE-10 OPS,1
C71.7,Tumor maligno del pedúnculo cerebral,C,CIE-10 OPS,1
C71.8,Lesión de sitios contiguos del encéfalo,C,CIE-10 OPS,1
C71.9,"Tumor maligno del encéfalo, parte no especificada",C,CIE-10 OPS,1
C72.0,Tumor maligno de la médula espinal,C,CIE-10 OPS,1
C72.1,Tumor maligno de la cola de caballo,C,CIE-10 OPS,1
C72.2,Tumor maligno del nervio olfatorio,C,CIE-10 OPS,1
C72.3,Tumor maligno del nervio óptico,C,CIE-10 OPS,1
C72.4,Tumor maligno del nervio acústico,C,CIE-10 OPS,1
C72.5,Tumor maligno de otros nervios craneales y los no,C,CIE-10 OPS,1
C72.9,"Tumor maligno del sistema nervioso central, sin otra",C,CIE-10 OPS,1
C74.0,Tumor maligno de la corteza de la glándula suprarrenal,C,CIE-10 OPS,1
C74.1,Tumor maligno de la médula de la glándula suprarrenal,C,CIE-10 OPS,1
C74.9,"Tumor maligno de la glándula suprarrenal, parte no",C,CIE-10 OPS,1
C75.0,Tumor maligno de la glándula paratiroides,C,CIE-10 OPS,1
C75.1,Tumor maligno de la hipófisis,C,CIE-10 OPS,1
C75.2,Tumor maligno del conducto craneofaríngeo,C,CIE-10 OPS,1
C75.3,Tumor maligno de la glándula pineal,C,CIE-10 OPS,1
C75.4,Tumor maligno del cuerpo carotídeo,C,CIE-10 OPS,1
C75.5,Tumor maligno del cuerpo aórtico y otros cuerpos,C,CIE-10 OPS,1
C75.8,"Tumor maligno pluriglandular, no especificado",C,CIE-10 OPS,1
C75.9,Tumor maligno de glándula endocrina no especificada,C,CIE-10 OPS,1
C76.0,"Tumor maligno de la cabeza, cara y cuello",C,CIE-10 OPS,1
C76.1,Tumor maligno del tórax,C,CIE-10 OPS,1
C76.2,Tumor maligno del abdomen,C,CIE-10 OPS,1
C76.3,Tumor maligno de la pelvis,C,CIE-10 OPS,1
C76.4,Tumor maligno del miembro superior,C,CIE-10 OPS,1
C76.5,Tumor maligno del miembro inferior,C,CIE-10 OPS,1
C76.7,Tumor maligno de otros sitios mal definidos,C,CIE-10 OPS,1
C76.8,Lesión de sitios contiguos mal definidos,C,CIE-10 OPS,1
C77.0,"Tumor maligno de los ganglios linfáticos de la cabeza, cara",C,CIE-10 OPS,1
C77.1,Tumor maligno de los ganglios linfáticos intratorácicos,C,CIE-10 OPS,1
C77.2,Tumor maligno de los ganglios linfáticos intraabdominales,C,CIE-10 OPS,1
C77.3,Tumor maligno de los ganglios linfáticos de la axila y del,C,CIE-10 OPS,1
C77.4,Tumor maligno de los ganglios linfáticos de la región,C,CIE-10 OPS,1
C77.5,Tumor maligno de los ganglios linfáticos de la pelvis,C,CIE-10 OPS,1
C77.8,Tumor maligno de los ganglios linfáticos de regiones,C,CIE-10 OPS,1
C77.9,"Tumor maligno del ganglio linfático, sitio no especificado",C,CIE-10 OPS,1
C78.0,Tumor maligno secundario del pulmón,C,CIE-10 OPS,1
C78.1,Tumor maligno secundario del mediastino,C,CIE-10 OPS,1
C78.2,Tumor maligno secundario de la pleura,C,CIE-10 OPS,1
C78.3,Tumor maligno secundario de otros órganos respiratorios y,C,CIE-10 OPS,1
C78.4,Tumor maligno secundario del intestino delgado,C,CIE-10 OPS,1
C78.5,Tumor maligno secundario del intestino grueso y del recto,C,CIE-10 OPS,1
C78.6,Tumor maligno secundario del peritoneo y del,C,CIE-10 OPS,1
C78.7,Tumor maligno secundario del hígado,C,CIE-10 OPS,1
C78.8,Tumor maligno secundario de otros órganos digestivos y,C,CIE-10 OPS,1
C79.0,Tumor maligno secundario del riñón y de la pelvis renal,C,CIE-10 OPS,1
C79.1,"Tumor maligno secundario de la vejiga, y de otros órganos",C,CIE-10 OPS,1
C79.2,Tumor maligno secundario de la piel,C,CIE-10 OPS,1
C79.3,Tumor maligno secundario del encéfalo y de las meninges,C,CIE-10 OPS,1
C79.4,Tumor maligno secundario de otras partes del sistema,C,CIE-10 OPS,1
C79.5,Tumor maligno secundario de los huesos y de la médula,C,CIE-10 OPS,1
C79.6,Tumor maligno secundario del ovario,C,CIE-10 OPS,1
C79.7,Tumor maligno secundario de la glándula suprarrenal,C,CIE-10 OPS,1
C79.8,Tumor maligno secundario de otros sitios especificados,C,CIE-10 OPS,1
C81.0,Enfermedad de Hodgkin con predominio linfocítico,C,CIE-10 OPS,1
C81.1,Enfermedad de Hodgkin con esclerosis nodular,C,CIE-10 OPS,1
C81.2,Enfermedad de Hodgkin con celularidad mixta,C,CIE-10 OPS,1
C81.3,Enfermedad de Hodgkin con depleción linfocítica,C,CIE-10 OPS,1
C81.7,Otros tipos de enfermedad de Hodgkin,C,CIE-10 OPS,1
C81.9,"Enfermedad de Hodgkin, no especificada",C,CIE-10 OPS,1
C82.0,"Linfoma no Hodgkin de células pequeñas hendidas,",C,CIE-10 OPS,1
C82.1,"Linfoma no Hodkin mixto, de pequeñas células hendidas y",C,CIE-10 OPS,1
C82.2,"Linfoma no Hodgkin de células grandes, folicular",C,CIE-10 OPS,1
C82.7,Otros tipos especificados de linfoma no Hodgkin folicular,C,CIE-10 OPS,1
C82.9,"Linfoma no Hodgkin folicular, sin otra especificación",C,CIE-10 OPS,1
C83.0,Linfoma no Hodgkin de células pequeñas (difuso),C,CIE-10 OPS,1
C83.1,Linfoma no Hodgkin de células pequeñas hendidas (difuso),C,CIE-10 OPS,1
C83.2,"Linfoma no Hodgkin mixto, de células pequeñas y grandes",C,CIE-10 OPS,1
C83.3,Linfoma no Hodgkin de células grandes (difuso),C,CIE-10 OPS,1
C83.4,Linfoma no Hodgkin inmunoblástico (difuso),C,CIE-10 OPS,1
C83.5,Linfoma no Hodgkin linfoblástico (difuso),C,CIE-10 OPS,1
C83.6,Linfoma no Hodgkin indiferenciado (difuso),C,CIE-10 OPS,1
C83.7,Tumor de Burkitt,C,CIE-10 OPS,1
C83.8,Otros tipos especificados de linfoma no Hodgkin difuso,C,CIE-10 OPS,1
C83.9,"Linfoma no Hodgkin difuso, sin otra especificación",C,CIE-10 OPS,1
C84.0,Micosis fungoide,C,CIE-10 OPS,1
C84.1,Enfermedad de Sézary,C,CIE-10 OPS,1
C84.2,Linfoma de zona T,C,CIE-10 OPS,1
C84.3,Linfoma linfoepitelioide,C,CIE-10 OPS,1
C84.4,Linfoma de células T periférico,C,CIE-10 OPS,1
C84.5,Otros linfomas de células T y los no especificados,C,CIE-10 OPS,1
C85.0,Linfosarcoma,C,CIE-10 OPS,1
C85.1,"Linfoma de células B, sin otra especificación",C,CIE-10 OPS,1
C85.7,Otros tipos especificados de linfoma no Hodgkin,C,CIE-10 OPS,1
C85.9,"Linfoma no Hodgkin, no especificado",C,CIE-10 OPS,1
C88.0,Macroglobulinemia de Waldenström,C,CIE-10 OPS,1
C88.1,Enfermedad de cadena pesada alfa,C,CIE-10 OPS,1
C88.2,Enfermedad de cadena pesada gamma,C,CIE-10 OPS,1
C88.3,Enfermedad inmunoproliferativa del intestino delgado,C,CIE-10 OPS,1
C88.7,Otras enfermedades inmunoproliferativas malignas,C,CIE-10 OPS,1
C88.9,"Enfermedad inmunoproliferativa maligna, sin otra",C,CIE-10 OPS,1
C90.0,Mieloma múltiple,C,CIE-10 OPS,1
C90.1,Leucemia de células plasmáticas,C,CIE-10 OPS,1
C90.2,"Plasmocitoma, extramedular",C,CIE-10 OPS,1
C91.0,Leucemia linfoblástica aguda,C,CIE-10 OPS,1
C91.1,Leucemia linfocítica crónica,C,CIE-10 OPS,1
C91.2,Leucemia linfocítica subaguda,C,CIE-10 OPS,1
C91.3,Leucemia prolinfocítica,C,CIE-10 OPS,1
C91.4,Leucemia de células vellosas,C,CIE-10 OPS,1
C91.5,Leucemia de células T adultas,C,CIE-10 OPS,1
C91.7,Otras leucemias linfoides,C,CIE-10 OPS,1
C91.9,"Leucemia linfoide, sin otra especificación",C,CIE-10 OPS,1
C92.0,Leucemia mieloide aguda,C,CIE-10 OPS,1
C92.1,Leucemia mieloide crónica,C,CIE-10 OPS,1
C92.2,Leucemia mieloide subaguda,C,CIE-10 OPS,1
C92.3,Sarcoma mieloide,C,CIE-10 OPS,1
C92.4,Leucemia promielocítica aguda,C,CIE-10 OPS,1
C92.5,Leucemia mielomonocítica aguda,C,CIE-10 OPS,1
C92.7,Otras leucemias mieloides,C,CIE-10 OPS,1
C92.9,"Leucemia mieloide, sin otra especificación",C,CIE-10 OPS,1
C93.0,Leucemia monocítica aguda,C,CIE-10 OPS,1
C93.1,Leucemia monocítica crónica,C,CIE-10 OPS,1
C93.2,Leucemia monocítica subaguda,C,CIE-10 OPS,1
C93.7,Otras leucemias monocíticas,C,CIE-10 OPS,1
C93.9,"Leucemia monocítica, sin otra especificación",C,CIE-10 OPS,1
C94.0,Eritremia aguda y eritroleucemia,C,CIE-10 OPS,1
C94.1,Eritremia crónica,C,CIE-10 OPS,1
C94.2,Leucemia megacarioblástica aguda,C,CIE-10 OPS,1
C94.3,Leucemia de mastocitos,C,CIE-10 OPS,1
C94.4,Panmielosis aguda,C,CIE-10 OPS,1
C94.5,Mielofibrosis aguda,C,CIE-10 OPS,1
C94.7,Otras leucemias especificadas,C,CIE-10 OPS,1
C95.0,"Leucemia aguda, células de tipo no especificado",C,CIE-10 OPS,1
C95.1,"Leucemia crónica, células de tipo no especificado",C,CIE-10 OPS,1
C95.2,"Leucemia subaguda, células de tipo no especificado",C,CIE-10 OPS,1
C95.7,Otras leucemias de células de tipo no especificado,C,CIE-10 OPS,1
C95.9,"Leucemia, no especificada",C,CIE-10 OPS,1
C96.0,Enfermedad de Letterer-Siwe,C,CIE-10 OPS,1
C96.1,Histiocitosis maligna,C,CIE-10 OPS,1
C96.2,Tumor maligno de mastocitos,C,CIE-10 OPS,1
C96.3,Linfoma histiocítico verdadero,C,CIE-10 OPS,1
C96.7,"Otros tumores malignos especificados del tejido linfático,",C,CIE-10 OPS,1
C96.9,"Tumor maligno del tejido linfático, hematopoyético y tejidos",C,CIE-10 OPS,1
D00.0,"Carcinoma in situ del labio, de la cavidad bucal y de la",D,CIE-10 OPS,1
D00.1,Carcinoma in situ del esófago,D,CIE-10 OPS,1
D00.2,Carcinoma in situ del estómago,D,CIE-10 OPS,1
D01.0,Carcinoma in situ del colon,D,CIE-10 OPS,1
D01.1,Carcinoma in situ de la unión rectosigmoidea,D,CIE-10 OPS,1
D01.2,Carcinoma in situ del recto,D,CIE-10 OPS,1
D01.3,Carcinoma in situ del ano y del conducto anal,D,CIE-10 OPS,1
D01.4,Carcinoma in situ de otras partes y de las no especificadas,D,CIE-10 OPS,1
D01.5,"Carcinoma in situ del hígado, de la vesícula biliar y del",D,CIE-10 OPS,1
D01.7,Carcinoma in situ de otras partes especificadas de órganos,D,CIE-10 OPS,1
D01.9,Carcinoma in situ de órganos digestivos no especificados,D,CIE-10 OPS,1
D02.0,Carcinoma in situ de la laringe,D,CIE-10 OPS,1
D02.1,Carcinoma in situ de la tráquea,D,CIE-10 OPS,1
D02.2,Carcinoma in situ del bronquio y del pulmón,D,CIE-10 OPS,1
D02.3,Carcinoma in situ de otras partes del sistema respiratorio,D,CIE-10 OPS,1
D02.4,Carcinoma in situ de órganos respiratorios no,D,CIE-10 OPS,1
D03.0,Melanoma in situ del labio,D,CIE-10 OPS,1
D03.1,Melanoma in situ del párpado y de la comisura palpebral,D,CIE-10 OPS,1
D03.2,Melanoma in situ de la oreja y del conducto auditivo,D,CIE-10 OPS,1
D03.3,Melanoma in situ de otras partes y de las no especificadas,D,CIE-10 OPS,1
D03.4,Melanoma in situ del cuero cabelludo y del cuello,D,CIE-10 OPS,1
D03.5,Melanoma in situ del tronco,D,CIE-10 OPS,1
D03.6,"Melanoma in situ del miembro superior, incluido el hombro",D,CIE-10 OPS,1
D03.7,"Melanoma in situ del miembro inferior, incluida la cadera",D,CIE-10 OPS,1
D03.8,Melanoma in situ de otros sitios,D,CIE-10 OPS,1
D03.9,"Melanoma in situ, sitio no especificado",D,CIE-10 OPS,1
D04.0,Carcinoma in situ de la piel del labio,D,CIE-10 OPS,1
D04.1,Carcinoma in situ de la piel del párpado y de la comisura,D,CIE-10 OPS,1
D04.2,Carcinoma in situ de la piel de la oreja y del conducto,D,CIE-10 OPS,1
D04.3,Carcinoma in situ de la piel de otras partes y de las no,D,CIE-10 OPS,1
D04.4,Carcinoma in situ de la piel del cuero cabelludo y cuello,D,CIE-10 OPS,1
D04.5,Carcinoma in situ de la piel del tronco,D,CIE-10 OPS,1
D04.6,"Carcinoma in situ de la piel del miembro superior, incluido",D,CIE-10 OPS,1
D04.7,"Carcinoma in situ de la piel del miembro inferior, incluida la",D,CIE-10 OPS,1
D04.8,Carcinoma in situ de la piel de otros sitios especificados,D,CIE-10 OPS,1
D04.9,"Carcinoma in situ de la piel, sitio no especificado",D,CIE-10 OPS,1
D05.0,Carcinoma in situ lobular,D,CIE-10 OPS,1
D05.1,Carcinoma in situ intracanalicular,D,CIE-10 OPS,1
D05.7,Otros carcinomas in situ de la mama,D,CIE-10 OPS,1
D05.9,"Carcinoma in situ de la mama, parte no especificada",D,CIE-10 OPS,1
D06.0,Carcinoma in situ del endocérvix,D,CIE-10 OPS,1
D06.1,Carcinoma in situ del exocérvix,D,CIE-10 OPS,1
D06.7,Carcinoma in situ de otras partes especificadas del cuello,D,CIE-10 OPS,1
D06.9,"Carcinoma in situ del cuello del útero, parte no",D,CIE-10 OPS,1
D07.0,Carcinoma in situ del endometrio,D,CIE-10 OPS,1
D07.1,Carcinoma in situ de la vulva,D,CIE-10 OPS,1
D07.2,Carcinoma in situ de la vagina,D,CIE-10 OPS,1
D07.3,Carcinoma in situ de otros sitios de órganos genitales,D,CIE-10 OPS,1
D07.4,Carcinoma in situ del pene,D,CIE-10 OPS,1
D07.5,Carcinoma in situ de la próstata,D,CIE-10 OPS,1
D07.6,Carcinoma in situ de otros órganos genitales masculinos y,D,CIE-10 OPS,1
D09.0,Carcinoma in situ de la vejiga,D,CIE-10 OPS,1
D09.1,Carcinoma in situ de otros órganos urinarios y de los no,D,CIE-10 OPS,1
D09.2,Carcinoma in situ del ojo,D,CIE-10 OPS,1
D09.3,Carcinoma in situ de la glándula tiroides y de otras,D,CIE-10 OPS,1
D09.7,Carcinoma in situ de otros sitios especificados,D,CIE-10 OPS,1
D09.9,"Carcinoma in situ, sitio no especificado",D,CIE-10 OPS,1
D10.0,Tumor benigno del labio,D,CIE-10 OPS,1
D10.1,Tumor benigno de la lengua,D,CIE-10 OPS,1
D10.2,Tumor benigno del piso de la boca,D,CIE-10 OPS,1
D10.3,Tumor benigno de otras partes y de las no especificadas de,D,CIE-10 OPS,1
D10.4,Tumor benigno de la amígdala,D,CIE-10 OPS,1
D10.5,Tumor benigno de otras partes de la orofaringe,D,CIE-10 OPS,1
D10.6,Tumor benigno de la nasofaringe,D,CIE-10 OPS,1
D10.7,Tumor benigno de la hipofaringe,D,CIE-10 OPS,1
D10.9,"Tumor benigno de la faringe, parte no especificada",D,CIE-10 OPS,1
D11.0,Tumor benigno de la glándula parótida,D,CIE-10 OPS,1
D11.7,Tumor benigno de otras glándulas salivales mayores,D,CIE-10 OPS,1
D11.9,"Tumor benigno de la glándula salival mayor, sin otra",D,CIE-10 OPS,1
D12.0,Tumor benigno del ciego,D,CIE-10 OPS,1
D12.1,Tumor benigno del apéndice,D,CIE-10 OPS,1
D12.2,Tumor benigno del colon ascendente,D,CIE-10 OPS,1
D12.3,Tumor benigno del colon transverso,D,CIE-10 OPS,1
D12.4,Tumor benigno del colon descendente,D,CIE-10 OPS,1
D12.5,Tumor benigno del colon sigmoide,D,CIE-10 OPS,1
D12.6,"Tumor benigno del colon, parte no especificada",D,CIE-10 OPS,1
D12.7,Tumor benigno de la unión rectosigmoidea,D,CIE-10 OPS,1
D12.8,Tumor benigno del recto,D,CIE-10 OPS,1
D12.9,Tumor benigno del conducto anal y del ano,D,CIE-10 OPS,1
D13.0,Tumor benigno del esófago,D,CIE-10 OPS,1
D13.1,Tumor benigno del estómago,D,CIE-10 OPS,1
D13.2,Tumor benigno del duodeno,D,CIE-10 OPS,1
D13.3,Tumor benigno de otras partes y de las no especificadas,D,CIE-10 OPS,1
D13.4,Tumor benigno del hígado,D,CIE-10 OPS,1
D13.5,Tumor benigno de las vías biliares extrahepáticas,D,CIE-10 OPS,1
D13.6,Tumor benigno del páncreas,D,CIE-10 OPS,1
D13.7,Tumor benigno del páncreas endocrino,D,CIE-10 OPS,1
D13.9,Tumor benigno de sitios mal definidos del sistema,D,CIE-10 OPS,1
D14.0,"Tumor benigno del oído medio, de la cavidad nasal y de los",D,CIE-10 OPS,1
D14.1,Tumor benigno de la laringe,D,CIE-10 OPS,1
D14.2,Tumor benigno de la tráquea,D,CIE-10 OPS,1
D14.3,Tumor benigno de los bronquios y del pulmón,D,CIE-10 OPS,1
D14.4,"Tumor benigno del sistema respiratorio, sitio no",D,CIE-10 OPS,1
D15.0,Tumor benigno del timo,D,CIE-10 OPS,1
D15.1,Tumor benigno del corazón,D,CIE-10 OPS,1
D15.2,Tumor benigno del mediastino,D,CIE-10 OPS,1
D15.7,Tumor benigno de otros órganos intratorácicos,D,CIE-10 OPS,1
D15.9,Tumor benigno de órgano intratorácico no especificado,D,CIE-10 OPS,1
D16.0,Tumor benigno del omóplato y huesos largos del miembro,D,CIE-10 OPS,1
D16.1,Tumor benigno de los huesos cortos del miembro superior,D,CIE-10 OPS,1
D16.2,Tumor benigno de los huesos largos del miembro inferior,D,CIE-10 OPS,1
D16.3,Tumor benigno de los huesos cortos del miembro inferior,D,CIE-10 OPS,1
D16.4,Tumor benigno de los huesos del cráneo y de la cara,D,CIE-10 OPS,1
D16.5,Tumor benigno del maxilar inferior,D,CIE-10 OPS,1
D16.6,Tumor benigno de la columna vertebral,D,CIE-10 OPS,1
D16.7,"Tumor benigno de las costillas, esternón y clavícula",D,CIE-10 OPS,1
D16.8,"Tumor benigno de los huesos pélvicos, sacro y cóccix",D,CIE-10 OPS,1
D16.9,"Tumor benigno del hueso y del cartílago articular, sitio no",D,CIE-10 OPS,1
D17.0,Tumor benigno lipomatoso de piel y de tejido subcutáneo,D,CIE-10 OPS,1
D17.1,Tumor benigno lipomatoso de piel y de tejido subcutáneo,D,CIE-10 OPS,1
D17.2,Tumor benigno lipomatoso de piel y de tejido subcutáneo,D,CIE-10 OPS,1
D17.3,Tumor benigno lipomatoso de piel y de tejido subcutáneo,D,CIE-10 OPS,1
D17.4,Tumor benigno lipomatoso de los órganos intratorácicos,D,CIE-10 OPS,1
D17.5,Tumor benigno lipomatoso de los órganos,D,CIE-10 OPS,1
D17.6,Tumor benigno lipomatoso del cordón espermático,D,CIE-10 OPS,1
D17.7,Tumor benigno lipomatoso de otros sitios especificados,D,CIE-10 OPS,1
D17.9,"Tumor benigno lipomatoso, de sitio no especificado",D,CIE-10 OPS,1
D18.0,"Hemangioma, de cualquier sitio",D,CIE-10 OPS,1
D18.1,"Linfangioma, de cualquier sitio",D,CIE-10 OPS,1
D19.0,Tumor benigno del tejido mesotelial de la pleura,D,CIE-10 OPS,1
D19.1,Tumor benigno del tejido mesotelial del peritoneo,D,CIE-10 OPS,1
D19.7,Tumor benigno del tejido mesotelial de otros sitios,D,CIE-10 OPS,1
D19.9,"Tumor benigno del tejido mesotelial, de sitio no",D,CIE-10 OPS,1
D20.0,Tumor benigno del retroperitoneo,D,CIE-10 OPS,1
D20.1,Tumor benigno del peritoneo,D,CIE-10 OPS,1
D21.0,Tumor benigno del tejido conjuntivo y de otros tejidos,D,CIE-10 OPS,1
D21.1,Tumor benigno del tejido conjuntivo y de otros tejidos,D,CIE-10 OPS,1
D21.2,Tumor benigno del tejido conjuntivo y de otros tejidos,D,CIE-10 OPS,1
D21.3,Tumor benigno del tejido conjuntivo y de otros tejidos,D,CIE-10 OPS,1
D21.4,Tumor benigno del tejido conjuntivo y otros tejidos blandos,D,CIE-10 OPS,1
D21.5,Tumor benigno del tejido conjuntivo y otros tejidos blandos,D,CIE-10 OPS,1
D21.6,Tumor benigno del tejido conjuntivo y otros tejidos blandos,D,CIE-10 OPS,1
D21.9,Tumor benigno del tejido conjuntivo y otros tejidos,D,CIE-10 OPS,1
D22.0,Nevo melanocítico del labio,D,CIE-10 OPS,1
D22.1,"Nevo melanocítico del párpado, incluida la comisura",D,CIE-10 OPS,1
D22.2,Nevo melanocítico de la oreja y del conducto auditivo externo,D,CIE-10 OPS,1
D22.3,Nevo melanocítico de otras partes y de las no,D,CIE-10 OPS,1
D22.4,Nevo melanocítico del cuero cabelludo y del cuello,D,CIE-10 OPS,1
D22.5,Nevo melanocítico del tronco,D,CIE-10 OPS,1
D22.6,"Nevo melanocítico del miembro superior, incluido el",D,CIE-10 OPS,1
D22.7,"Nevo melanocítico del miembro inferior, incluida la cadera",D,CIE-10 OPS,1
D22.9,"Nevo melanocítico, sitio no especificado",D,CIE-10 OPS,1
D23.0,Tumor benigno de la piel del labio,D,CIE-10 OPS,1
D23.1,"Tumor benigno de la piel del párpado, incluida la comisura",D,CIE-10 OPS,1
D23.2,Tumor benigno de la piel de la oreja y del conducto,D,CIE-10 OPS,1
D23.3,Tumor benigno de la piel de otras partes y de las no,D,CIE-10 OPS,1
D23.4,Tumor benigno de la piel del cuero cabelludo y del cuello,D,CIE-10 OPS,1
D23.5,Tumor benigno de la piel del tronco,D,CIE-10 OPS,1
D23.6,"Tumor benigno de la piel del miembro superior, incluido el",D,CIE-10 OPS,1
D23.7,"Tumor benigno de la piel del miembro inferior, incluida la",D,CIE-10 OPS,1
D23.9,"Tumor benigno de la piel, sitio no especificado",D,CIE-10 OPS,1
D25.0,Leiomioma submucoso del útero,D,CIE-10 OPS,1
D25.1,Leiomioma intramural del útero,D,CIE-10 OPS,1
D25.2,Leiomioma subseroso del útero,D,CIE-10 OPS,1
D25.9,"Leiomioma del útero, sin otra especificación",D,CIE-10 OPS,1
D26.0,Tumor benigno del cuello del útero,D,CIE-10 OPS,1
D26.1,Tumor benigno del cuerpo del útero,D,CIE-10 OPS,1
D26.7,Tumor benigno de otras partes especificadas del útero,D,CIE-10 OPS,1
D26.9,"Tumor benigno del útero, parte no especificada",D,CIE-10 OPS,1
D28.0,Tumor benigno de la vulva,D,CIE-10 OPS,1
D28.1,Tumor benigno de la vagina,D,CIE-10 OPS,1
D28.2,Tumor benigno de la trompa de Falopio y de los ligamentos,D,CIE-10 OPS,1
D28.7,Tumor benigno de otros sitios especificados de los,D,CIE-10 OPS,1
D28.9,"Tumor benigno de órgano genital femenino, sitio no",D,CIE-10 OPS,1
D29.0,Tumor benigno del pene,D,CIE-10 OPS,1
D29.1,Tumor benigno de la próstata,D,CIE-10 OPS,1
D29.2,Tumor benigno de los testículos,D,CIE-10 OPS,1
D29.3,Tumor benigno del epidídimo,D,CIE-10 OPS,1
D29.4,Tumor benigno del escroto,D,CIE-10 OPS,1
D29.7,Tumor benigno de otros órganos genitales masculinos,D,CIE-10 OPS,1
D29.9,"Tumor benigno de órgano genital masculino, sitio no",D,CIE-10 OPS,1
D30.0,Tumor benigno del riñón,D,CIE-10 OPS,1
D30.1,Tumor benigno de la pelvis renal,D,CIE-10 OPS,1
D30.2,Tumor benigno del uréter,D,CIE-10 OPS,1
D30.3,Tumor benigno de la vejiga,D,CIE-10 OPS,1
D30.4,Tumor benigno de la uretra,D,CIE-10 OPS,1
D30.7,Tumor benigno de otros órganos urinarios,D,CIE-10 OPS,1
D30.9,Tumor benigno de órgano urinario no especificado,D,CIE-10 OPS,1
D31.0,Tumor benigno de la conjuntiva,D,CIE-10 OPS,1
D31.1,Tumor benigno de la córnea,D,CIE-10 OPS,1
D31.2,Tumor benigno de la retina,D,CIE-10 OPS,1
D31.3,Tumor benigno de la coroides,D,CIE-10 OPS,1
D31.4,Tumor benigno del cuerpo ciliar,D,CIE-10 OPS,1
D31.5,Tumor benigno de las glándulas y de los conductos,D,CIE-10 OPS,1
D31.6,"Tumor benigno de la órbita, parte no especificada",D,CIE-10 OPS,1
D31.9,"Tumor benigno del ojo, parte no especificada",D,CIE-10 OPS,1
D32.0,Tumor benigno de las meninges cerebrales,D,CIE-10 OPS,1
D32.1,Tumor benigno de las meninges raquídeas,D,CIE-10 OPS,1
D32.9,"Tumor benigno de las meninges, parte no especificada",D,CIE-10 OPS,1
D33.0,"Tumor benigno del encéfalo, supratentorial",D,CIE-10 OPS,1
D33.1,"Tumor benigno del encéfalo, infratentorial",D,CIE-10 OPS,1
D33.2,"Tumor benigno del encéfalo, parte no especificada",D,CIE-10 OPS,1
D33.3,Tumor benigno de los nervios craneales,D,CIE-10 OPS,1
D33.4,Tumor benigno de la médula espinal,D,CIE-10 OPS,1
D33.7,Tumor benigno de otras partes especificadas del sistema,D,CIE-10 OPS,1
D33.9,"Tumor benigno del sistema nervioso central, sitio no",D,CIE-10 OPS,1
D35.0,Tumor benigno de la glándula suprarrenal,D,CIE-10 OPS,1
D35.1,Tumor benigno de la glándula paratiroides,D,CIE-10 OPS,1
D35.2,Tumor benigno de la hipófisis,D,CIE-10 OPS,1
D35.3,Tumor benigno del conducto craneofaríngeo,D,CIE-10 OPS,1
D35.4,Tumor benigno de la glándula pineal,D,CIE-10 OPS,1
D35.5,Tumor benigno del cuerpo carotídeo,D,CIE-10 OPS,1
D35.6,Tumor benigno del cuerpo aórtico y de otros cuerpos,D,CIE-10 OPS,1
D35.7,Tumor benigno de otras glándulas endocrinas especificadas,D,CIE-10 OPS,1
D35.8,Tumor benigno pluriglandular,D,CIE-10 OPS,1
D35.9,Tumor benigno de glándula endocrina no especificada,D,CIE-10 OPS,1
D36.0,Tumor benigno de los ganglios linfáticos,D,CIE-10 OPS,1
D36.1,Tumor benigno de los nervios periféricos y del sistema,D,CIE-10 OPS,1
D36.7,Tumor benigno de otros sitios especificados,D,CIE-10 OPS,1
D36.9,Tumor benigno de sitio no especificado,D,CIE-10 OPS,1
D37.0,"Tumor de comportamiento incierto o desconocido del labio,",D,CIE-10 OPS,1
D37.1,Tumor de comportamiento incierto o desconocido del,D,CIE-10 OPS,1
D37.2,Tumor de comportamiento incierto o desconocido del,D,CIE-10 OPS,1
D37.3,Tumor de comportamiento incierto o desconocido del,D,CIE-10 OPS,1
D37.4,Tumor de comportamiento incierto o desconocido del colon,D,CIE-10 OPS,1
D37.5,Tumor de comportamiento incierto o desconocido del recto,D,CIE-10 OPS,1
D37.6,Tumor de comportamiento incierto o desconocido del,D,CIE-10 OPS,1
D37.7,Tumor de comportamiento incierto o desconocido de otros,D,CIE-10 OPS,1
D37.9,Tumor de comportamiento incierto o desconocido de,D,CIE-10 OPS,1
D38.0,Tumor de comportamiento incierto o desconocido de laringe,D,CIE-10 OPS,1
D38.1,Tumor de comportamiento incierto o desconocido de la,D,CIE-10 OPS,1
D38.2,Tumor de comportamiento incierto o desconocido de la,D,CIE-10 OPS,1
D38.3,Tumor de comportamiento incierto o desconocido del,D,CIE-10 OPS,1
D38.4,Tumor de comportamiento incierto o desconocido del timo,D,CIE-10 OPS,1
D38.5,Tumor de comportamiento incierto o desconocido de otros,D,CIE-10 OPS,1
D38.6,Tumor de comportamiento incierto o desconocido de,D,CIE-10 OPS,1
D39.0,Tumor de comportamiento incierto o desconocido del útero,D,CIE-10 OPS,1
D39.1,Tumor de comportamiento incierto o desconocido del ovario,D,CIE-10 OPS,1
D39.2,Tumor de comportamiento incierto o desconocido de la,D,CIE-10 OPS,1
D39.7,Tumor de comportamiento incierto o desconocido de otros,D,CIE-10 OPS,1
D39.9,Tumor de comportamiento incierto o desconocido de,D,CIE-10 OPS,1
D40.0,Tumor de comportamiento incierto o desconocido de la,D,CIE-10 OPS,1
D40.1,Tumor de comportamiento incierto o desconocido del,D,CIE-10 OPS,1
D40.7,Tumor de comportamiento incierto o desconocido de otros,D,CIE-10 OPS,1
D40.9,Tumor de comportamiento incierto o desconocido de,D,CIE-10 OPS,1
D41.0,Tumor de comportamiento incierto o desconocido del riñón,D,CIE-10 OPS,1
D41.1,Tumor de comportamiento incierto o desconocido de la,D,CIE-10 OPS,1
D41.2,Tumor de comportamiento incierto o desconocido del uréter,D,CIE-10 OPS,1
D41.3,Tumor de comportamiento incierto o desconocido de la uretra,D,CIE-10 OPS,1
D41.4,Tumor de comportamiento incierto o desconocido de la vejiga,D,CIE-10 OPS,1
D41.7,Tumor de comportamiento incierto o desconocido de otros,D,CIE-10 OPS,1
D41.9,Tumor de comportamiento incierto o desconocido de,D,CIE-10 OPS,1
D42.0,Tumor de comportamiento incierto o desconocido de las,D,CIE-10 OPS,1
D42.1,Tumor de comportamiento incierto o desconocido de las,D,CIE-10 OPS,1
D42.9,Tumor de comportamiento incierto o desconocido de las,D,CIE-10 OPS,1
D43.0,Tumor de comportamiento incierto o desconocido del,D,CIE-10 OPS,1
D43.1,Tumor de comportamiento incierto o desconocido del,D,CIE-10 OPS,1
D43.2,Tumor de comportamiento incierto o desconocido del,D,CIE-10 OPS,1
D43.3,Tumor de comportamiento incierto o desconocido de los,D,CIE-10 OPS,1
D43.4,Tumor de comportamiento incierto o desconocido de la,D,CIE-10 OPS,1
D43.7,Tumor de comportamiento incierto o desconocido de otras,D,CIE-10 OPS,1
D43.9,Tumor de comportamiento incierto o desconocido del,D,CIE-10 OPS,1
D44.0,Tumor de comportamiento incierto o desconocido de la,D,CIE-10 OPS,1
D44.1,Tumor de comportamiento incierto o desconocido de la,D,CIE-10 OPS,1
D44.2,Tumor de comportamiento incierto o desconocido de la,D,CIE-10 OPS,1
D44.3,Tumor de comportamiento incierto o desconocido de la,D,CIE-10 OPS,1
D44.4,Tumor de comportamiento incierto o desconocido del,D,CIE-10 OPS,1
D44.5,Tumor de comportamiento incierto o desconocido de la,D,CIE-10 OPS,1
D44.6,Tumor de comportamiento incierto o desconocido del,D,CIE-10 OPS,1
D44.7,Tumor de comportamiento incierto o desconocido del,D,CIE-10 OPS,1
D44.8,Tumor de comportamiento incierto o desconocido con,D,CIE-10 OPS,1
D44.9,Tumor de comportamiento incierto o desconocido de,D,CIE-10 OPS,1
D46.0,"Anemia refractaria sin sideroblastos, así descrita",D,CIE-10 OPS,1
D46.1,Anemia refractaria con sideroblastos,D,CIE-10 OPS,1
D46.2,Anemia refractaria con exceso de blastos,D,CIE-10 OPS,1
D46.3,Anemia refractaria con exceso de blastos con,D,CIE-10 OPS,1
D46.4,"Anemia refractaria, sin otra especificación",D,CIE-10 OPS,1
D46.7,Otros síndromes mielodisplásicos,D,CIE-10 OPS,1
D46.9,"Síndrome mielodisplásico, sin otra especificación",D,CIE-10 OPS,1
D47.0,Tumor de comportamiento incierto o desconocido de los,D,CIE-10 OPS,1
D47.1,Enfermedad mieloproliferativa crónica,D,CIE-10 OPS,1
D47.2,Gammopatía monoclonal,D,CIE-10 OPS,1
D47.3,Trombocitopenia (hemorrágica) esencial,D,CIE-10 OPS,1
D47.7,Otros tumores especificados de comportamiento incierto o,D,CIE-10 OPS,1
D47.9,Tumores de comportamiento incierto o desconocido del,D,CIE-10 OPS,1
D48.0,Tumor de comportamiento incierto o desconocido del,D,CIE-10 OPS,1
D48.1,Tumor de comportamiento incierto o desconocido del tejido,D,CIE-10 OPS,1
D48.2,Tumor de comportamiento incierto o desconocido de los,D,CIE-10 OPS,1
D48.3,Tumor de comportamiento incierto o desconocido del,D,CIE-10 OPS,1
D48.4,Tumor de comportamiento incierto o desconocido del,D,CIE-10 OPS,1
D48.5,Tumor de comportamiento incierto o desconocido de la piel,D,CIE-10 OPS,1
D48.6,Tumor de comportamiento incierto o desconocido de la,D,CIE-10 OPS,1
D48.7,Tumor de comportamiento incierto o desconocido de otros,D,CIE-10 OPS,1
D48.9,"Tumor de comportamiento incierto o desconocido, de sitio",D,CIE-10 OPS,1
D50.0,Anemia por deficiencia de hierro secundaria a pérdida de,D,CIE-10 OPS,1
D50.1,Disfagia sideropénica,D,CIE-10 OPS,1
D50.8,Otras anemias por deficiencia de hierro,D,CIE-10 OPS,1
D50.9,Anemia por deficiencia de hierro sin otra especificación,D,CIE-10 OPS,1
D51.0,Anemia por deficiencia de vitamina B debida a deficiencia,D,CIE-10 OPS,1
D51.1,Anemia por deficiencia de vitamina B debida a mala,D,CIE-10 OPS,1
D51.2,Deficiencia de trascobalamina II,D,CIE-10 OPS,1
D51.3,Otras anemias por deficiencia dietética de vitamina B,D,CIE-10 OPS,1
D51.8,Otras anemias por deficiencia de vitamina B,D,CIE-10 OPS,1
D51.9,"Anemia por deficiencia de vitamina B , sin otra",D,CIE-10 OPS,1
D52.0,Anemia por deficiencia dietética de folatos,D,CIE-10 OPS,1
D52.1,Anemia por deficiencia de folatos inducida por drogas,D,CIE-10 OPS,1
D52.8,Otras anemias por deficiencia de folatos,D,CIE-10 OPS,1
D52.9,"Anemia por deficiencia de folatos, sin otra especificación",D,CIE-10 OPS,1
D53.0,Anemia por deficiencia de proteínas,D,CIE-10 OPS,1
D53.1,"Otras anemias megaloblásticas, no clasificadas en otra",D,CIE-10 OPS,1
D53.2,Anemia escorbútica,D,CIE-10 OPS,1
D53.8,Otras anemias nutricionales especificadas,D,CIE-10 OPS,1
D53.9,"Anemia nutricional, no especificada",D,CIE-10 OPS,1
D55.0,Anemia debida a deficiencia de glucosa-6-fosfato,D,CIE-10 OPS,1
D55.1,Anemia debida a otros trastornos del metabolismo del,D,CIE-10 OPS,1
D55.2,Anemia debida a trastornos de las enzimas glucolíticas,D,CIE-10 OPS,1
D55.3,Anemia debida a trastornos del metabolismo de los,D,CIE-10 OPS,1
D55.8,Otras anemias debidas a trastornos enzimáticos,D,CIE-10 OPS,1
D55.9,"Anemia debida a trastornos enzimáticos, sin otra",D,CIE-10 OPS,1
D56.0,Alfa talasemia,D,CIE-10 OPS,1
D56.1,Beta talasemia,D,CIE-10 OPS,1
D56.2,Delta-beta talasemia,D,CIE-10 OPS,1
D56.3,Rasgo talasémico,D,CIE-10 OPS,1
D56.4,Persistencia hereditaria de la hemoglobina fetal [PHHF],D,CIE-10 OPS,1
D56.8,Otras talasemias,D,CIE-10 OPS,1
D56.9,"Talasemia, no especificada",D,CIE-10 OPS,1
D57.0,Anemia falciforme con crisis,D,CIE-10 OPS,1
D57.1,Anemia falciforme sin crisis,D,CIE-10 OPS,1
D57.2,Trastornos falciformes heterocigotos dobles,D,CIE-10 OPS,1
D57.3,Rasgo drepanocítico,D,CIE-10 OPS,1
D57.8,Otros trastornos falciformes,D,CIE-10 OPS,1
D58.0,Esferocitosis hereditaria,D,CIE-10 OPS,1
D58.1,Eliptocitosis hereditaria,D,CIE-10 OPS,1
D58.2,Otras hemoglobinopatías,D,CIE-10 OPS,1
D58.8,Otras anemias hemolíticas hereditarias especificadas,D,CIE-10 OPS,1
D58.9,"Anemia hemolítica hereditaria, sin otra especificación",D,CIE-10 OPS,1
D59.0,Anemia hemolítica autoinmune inducida por drogas,D,CIE-10 OPS,1
D59.1,Otras anemias hemolíticas autoinmunes,D,CIE-10 OPS,1
D59.2,Anemia hemolítica no autoinmune inducida por drogas,D,CIE-10 OPS,1
D59.3,Síndrome hemolítico-urémico,D,CIE-10 OPS,1
D59.4,Otras anemias hemolíticas no autoinmunes,D,CIE-10 OPS,1
D59.5,Hemoglobinuria paroxística nocturna [Marchiafava–Micheli],D,CIE-10 OPS,1
D59.6,Hemoglobinuria debida a hemólisis por otras causas,D,CIE-10 OPS,1
D59.8,Otras anemias hemolíticas adquiridas,D,CIE-10 OPS,1
D59.9,"Anemia hemolítica adquirida, sin otra especificación",D,CIE-10 OPS,1
D60.0,"Aplasia crónica adquirida, exclusiva de la serie roja",D,CIE-10 OPS,1
D60.1,"Aplasia transitoria adquirida, exclusiva de la serie roja",D,CIE-10 OPS,1
D60.8,"Otras aplasias adquiridas, exclusivas de la serie roja",D,CIE-10 OPS,1
D60.9,"Aplasia adquirida, exclusiva de la serie roja, no",D,CIE-10 OPS,1
D61.0,Anemia aplástica constitucional,D,CIE-10 OPS,1
D61.1,Anemia aplástica inducida por drogas,D,CIE-10 OPS,1
D61.2,Anemia aplástica debida a otros agentes externos,D,CIE-10 OPS,1
D61.3,Anemia aplástica idiopática,D,CIE-10 OPS,1
D61.8,Otras anemias aplásticas especificadas,D,CIE-10 OPS,1
D61.9,"Anemia aplástica, sin otra especificación",D,CIE-10 OPS,1
D64.0,Anemia sideroblástica hereditaria,D,CIE-10 OPS,1
D64.1,Anemia sideroblástica secundaria a otra enfermedad,D,CIE-10 OPS,1
D64.2,"Anemia sideroblástica secundaria, debida a drogas y",D,CIE-10 OPS,1
D64.3,Otras anemias sideroblásticas,D,CIE-10 OPS,1
D64.4,Anemia diseritropoyética congénita,D,CIE-10 OPS,1
D64.8,Otras anemias especificadas,D,CIE-10 OPS,1
D64.9,Anemia de tipo no especificado,D,CIE-10 OPS,1
D68.0,Enfermedad de von Willebrand,D,CIE-10 OPS,1
D68.1,Deficiencia hereditaria del factor XI,D,CIE-10 OPS,1
D68.2,Deficiencia hereditaria de otros factores de la coagulación,D,CIE-10 OPS,1
D68.3,Trastorno hemorrágico debido a anticoagulantes,D,CIE-10 OPS,1
D68.4,Deficiencia adquirida de factores de la coagulación,D,CIE-10 OPS,1
D68.8,Otros defectos especificados de la coagulación,D,CIE-10 OPS,1
D68.9,"Defecto de la coagulación, no especificado",D,CIE-10 OPS,1
D69.0,Púrpura alérgica,D,CIE-10 OPS,1
D69.1,Defectos cualitativos de las plaquetas,D,CIE-10 OPS,1
D69.2,Otras púrpuras no trombocitopénicas,D,CIE-10 OPS,1
D69.3,Púrpura trombocitopénica idiopática,D,CIE-10 OPS,1
D69.4,Otras trombocitopenias primarias,D,CIE-10 OPS,1
D69.5,Trombocitopenia secundaria,D,CIE-10 OPS,1
D69.6,Trombocitopenia no especificada,D,CIE-10 OPS,1
D69.8,Otras afecciones hemorrágicas especificadas,D,CIE-10 OPS,1
D69.9,"Afección hemorrágica, no especificada",D,CIE-10 OPS,1
D72.0,Anomalías genéticas de los leucocitos,D,CIE-10 OPS,1
D72.1,Eosinofilia,D,CIE-10 OPS,1
D72.8,Otros trastornos especificados de los leucocitos,D,CIE-10 OPS,1
D72.9,"Trastorno de los leucocitos, no especificado",D,CIE-10 OPS,1
D73.0,Hipoesplenismo,D,CIE-10 OPS,1
D73.1,Hiperesplenismo,D,CIE-10 OPS,1
D73.2,Esplenomegalia congestiva crónica,D,CIE-10 OPS,1
D73.3,Absceso del bazo,D,CIE-10 OPS,1
D73.4,Quiste del bazo,D,CIE-10 OPS,1
D73.5,Infarto del bazo,D,CIE-10 OPS,1
D73.8,Otras enfermedades del bazo,D,CIE-10 OPS,1
D73.9,"Enfermedad del bazo, no especificada",D,CIE-10 OPS,1
D74.0,Metahemoglobinemia congénita,D,CIE-10 OPS,1
D74.8,Otras metahemoglobinemias,D,CIE-10 OPS,1
D74.9,"Metahemoglobinemia, no especificada",D,CIE-10 OPS,1
D75.0,Eritrocitosis familiar,D,CIE-10 OPS,1
D75.1,Policitemia secundaria,D,CIE-10 OPS,1
D75.2,Trombocitosis esencial,D,CIE-10 OPS,1
D75.8,Otras enfermedades especificadas de la sangre y de los,D,CIE-10 OPS,1
D75.9,Enfermedad de la sangre y de los órganos,D,CIE-10 OPS,1
D76.0,"Histiocitosis de las células de Langerhans, no clasificada",D,CIE-10 OPS,1
D76.1,Linfohistiocitosis hemofagocítica,D,CIE-10 OPS,1
D76.2,Síndrome hemofagocítico asociado a infección,D,CIE-10 OPS,1
D76.3,Otros síndromes histiocíticos,D,CIE-10 OPS,1
D80.0,Hipogammaglobulinemia hereditaria,D,CIE-10 OPS,1
D80.1,Hipogammaglobulinemia no familiar,D,CIE-10 OPS,1
D80.2,Deficiencia selectiva de inmunoglobulina A[IgA],D,CIE-10 OPS,1
D80.3,Deficiencia selectiva de subclases de la inmunoglobulina G,D,CIE-10 OPS,1
D80.4,Deficiencia selectiva de inmunoglobulina M [IgM],D,CIE-10 OPS,1
D80.5,Inmunodeficiencia con incremento de inmunoglobulina M,D,CIE-10 OPS,1
D80.6,Deficiencia de anticuerpos con inmunoglobulinas casi,D,CIE-10 OPS,1
D80.7,Hipogammaglobulinemia transitoria de la infancia,D,CIE-10 OPS,1
D80.8,Otras inmunodeficiencias con predominio de defectos de,D,CIE-10 OPS,1
D80.9,Inmunodeficiencia con predominio de defectos de los,D,CIE-10 OPS,1
D81.0,Inmunodeficiencia combinada severa [IDCS] con,D,CIE-10 OPS,1
D81.1,Inmunodeficiencia combinada severa [IDCS] con,D,CIE-10 OPS,1
D81.2,Inmunodeficiencia combinada severa [IDCS] con cifra baja,D,CIE-10 OPS,1
D81.3,Deficiencia de la adenosina deaminasa [ADA],D,CIE-10 OPS,1
D81.4,Síndrome de Nezelof,D,CIE-10 OPS,1
D81.5,Deficiencia de la fosforilasa purinonucleósida [FPN],D,CIE-10 OPS,1
D81.6,Deficiencia de la clase I del complejo de,D,CIE-10 OPS,1
D81.7,Deficiencia de la clase II del complejo de,D,CIE-10 OPS,1
D81.8,Otras inmunodeficiencias combinadas,D,CIE-10 OPS,1
D81.9,"Inmunodeficiencia combinada, no especificada",D,CIE-10 OPS,1
D82.0,Síndrome de Wiskott–Aldrich,D,CIE-10 OPS,1
D82.1,Síndrome de Di George,D,CIE-10 OPS,1
D82.2,Inmunodeficiencia con enanismo micromélico [miembros,D,CIE-10 OPS,1
D82.3,Inmunodeficiencia consecutiva a respuesta defectuosa,D,CIE-10 OPS,1
D82.4,Síndrome de hiperinmunoglobulina E [IgE],D,CIE-10 OPS,1
D82.8,Inmunodeficiencia asociada con otros defectos mayores,D,CIE-10 OPS,1
D82.9,Inmunodeficiencia asociada con defectos mayores no,D,CIE-10 OPS,1
D83.0,Inmunodeficiencia variable común con predominio de,D,CIE-10 OPS,1
D83.1,Inmunodeficiencia variable común con predominio de,D,CIE-10 OPS,1
D83.2,Inmunodeficiencia variable común con autoanticuerpos,D,CIE-10 OPS,1
D83.8,Otras inmunodeficiencias variables comunes,D,CIE-10 OPS,1
D83.9,"Inmunodeficiencia variable común, no especificada",D,CIE-10 OPS,1
D84.0,Defecto de la función del antígeno-1 del linfocito [LFA-1],D,CIE-10 OPS,1
D84.1,Defecto del sistema del complemento,D,CIE-10 OPS,1
D84.8,Otras inmunodeficiencias especificadas,D,CIE-10 OPS,1
D84.9,"Inmunodeficiencia, no especificada",D,CIE-10 OPS,1
D86.0,Sarcoidosis del pulmón,D,CIE-10 OPS,1
D86.1,Sarcoidosis de los ganglios linfáticos,D,CIE-10 OPS,1
D86.2,Sarcoidosis del pulmón y de los ganglios linfáticos,D,CIE-10 OPS,1
D86.3,Sarcoidosis de la piel,D,CIE-10 OPS,1
D86.8,Sarcoidosis de otros sitios especificados o de sitios,D,CIE-10 OPS,1
D86.9,Sarcoidosis de sitio no especificado,D,CIE-10 OPS,1
D89.0,Hipergammaglobulinemia policlonal,D,CIE-10 OPS,1
D89.1,Crioglobulinemia,D,CIE-10 OPS,1
D89.2,"Hipergammaglobulinemia, no especificada",D,CIE-10 OPS,1
D89.8,Otros trastornos especificados que afectan el mecanismo,D,CIE-10 OPS,1
D89.9,"Trastorno que afecta al mecanismo de la inmunidad, no",D,CIE-10 OPS,1
E00.0,"Síndrome congénito de deficiencia de yodo, tipo",E,CIE-10 OPS,1
E00.1,"Síndrome de deficiencia congénita de yodo, tipo",E,CIE-10 OPS,1
E00.2,"Síndrome congénito de deficiencia de yodo, tipo mixto",E,CIE-10 OPS,1
E00.9,"Síndrome congénito de deficiencia de yodo, no",E,CIE-10 OPS,1
E01.0,Bocio difuso (endémico) relacionado con deficiencia de,E,CIE-10 OPS,1
E01.1,Bocio multinodular (endémico) relacionado con deficiencia,E,CIE-10 OPS,1
E01.2,"Bocio (endémico) relacionado con deficiencia de yodo, no",E,CIE-10 OPS,1
E01.8,Otros trastornos de la tiroides relacionados con deficiencia,E,CIE-10 OPS,1
E03.0,Hipotiroidismo congénito con bocio difuso,E,CIE-10 OPS,1
E03.1,Hipotiroidismo congénito sin bocio,E,CIE-10 OPS,1
E03.2,Hipotiroidismo debido a medicamentos y a otras,E,CIE-10 OPS,1
E03.3,Hipotiroidismo postinfeccioso,E,CIE-10 OPS,1
E03.4,Atrofia de tiroides (adquirida),E,CIE-10 OPS,1
E03.5,Coma mixedematoso,E,CIE-10 OPS,1
E03.8,Otros hipotiroidismos especificados,E,CIE-10 OPS,1
E03.9,"Hipotiroidismo, no especificado",E,CIE-10 OPS,1
E04.0,Bocio difuso no tóxico,E,CIE-10 OPS,1
E04.1,Nódulo tiroideo solitario no tóxico,E,CIE-10 OPS,1
E04.2,Bocio multinodular no tóxico,E,CIE-10 OPS,1
E04.8,Otros bocios no tóxicos especificados,E,CIE-10 OPS,1
E04.9,"Bocio no tóxico, no especificado",E,CIE-10 OPS,1
E05.0,Tirotoxicosis con bocio difuso,E,CIE-10 OPS,1
E05.1,Tirotoxicosis con nódulo solitario tiroideo tóxico,E,CIE-10 OPS,1
E05.2,Tirotoxicosis con bocio multinodular tóxico,E,CIE-10 OPS,1
E05.3,Tirotoxicosis por tejido tiroideo ectópico,E,CIE-10 OPS,1
E05.4,Tirotoxicosis facticia,E,CIE-10 OPS,1
E05.5,Crisis o tormenta tirotóxica,E,CIE-10 OPS,1
E05.8,Otras tirotoxicosis,E,CIE-10 OPS,1
E05.9,"Tirotoxicosis, no especificada",E,CIE-10 OPS,1
E06.0,Tiroiditis aguda,E,CIE-10 OPS,1
E06.1,Tiroiditis subaguda,E,CIE-10 OPS,1
E06.2,Tiroiditis crónica con tirotoxicosis transitoria,E,CIE-10 OPS,1
E06.3,Tiroiditis autoinmune,E,CIE-10 OPS,1
E06.4,Tiroiditis inducida por drogas,E,CIE-10 OPS,1
E06.5,Otras tiroiditis crónicas,E,CIE-10 OPS,1
E06.9,"Tiroiditis, no especificada",E,CIE-10 OPS,1
E07.0,Hipersecreción de calcitonina,E,CIE-10 OPS,1
E07.1,Bocio dishormogenético,E,CIE-10 OPS,1
E07.8,Otros trastornos especificados de la glándula tiroides,E,CIE-10 OPS,1
E07.9,"Trastorno de la glándula tiroides, no especificado",E,CIE-10 OPS,1
E16.0,"Hipoglicemia sin coma, inducida por drogas",E,CIE-10 OPS,1
E16.1,Otras hipoglicemias,E,CIE-10 OPS,1
E16.2,"Hipoglicemia, no especificada",E,CIE-10 OPS,1
E16.3,Secreción exagerada del glucagón,E,CIE-10 OPS,1
E16.4,Secreción anormal de gastrina,E,CIE-10 OPS,1
E16.8,Otros trastornos especificados de la secreción interna del,E,CIE-10 OPS,1
E16.9,"Trastornos de la secreción interna del páncreas, sin otra",E,CIE-10 OPS,1
E20.0,Hipoparatiroidismo idiopático,E,CIE-10 OPS,1
E20.1,Pseudohipoparatiroidismo,E,CIE-10 OPS,1
E20.8,Otros tipos de hipoparatiroidismo,E,CIE-10 OPS,1
E20.9,"Hipoparatiroidismo, no especificado",E,CIE-10 OPS,1
E21.0,Hiperparatiroidismo primario,E,CIE-10 OPS,1
E21.1,Hiperparatiroidismo secundario no clasificado en otra parte,E,CIE-10 OPS,1
E21.2,Otros tipos de hiperparatiroidismo,E,CIE-10 OPS,1
E21.3,"Hiperparatiroidismo, sin otra especificación",E,CIE-10 OPS,1
E21.4,Otros trastornos especificados de la glándula paratiroides,E,CIE-10 OPS,1
E21.5,"Trastorno de la glándula paratiroides, no especificado",E,CIE-10 OPS,1
E22.0,Acromegalia y gigantismo hipofisario,E,CIE-10 OPS,1
E22.1,Hiperprolactinemia,E,CIE-10 OPS,1
E22.2,Síndrome de secreción inapropiada de hormona,E,CIE-10 OPS,1
E22.8,Otras hiperfunciones de la glándula hipófisis,E,CIE-10 OPS,1
E22.9,"Hiperfunción de la glándula hipófisis, no especificada",E,CIE-10 OPS,1
E23.0,Hipopituitarismo,E,CIE-10 OPS,1
E23.1,Hipopituitarismo inducido por drogas,E,CIE-10 OPS,1
E23.2,Diabetes insípida,E,CIE-10 OPS,1
E23.3,"Disfunción hipotalámica, no clasificada en otra parte",E,CIE-10 OPS,1
E23.6,Otros trastornos de la glándula hipófisis,E,CIE-10 OPS,1
E23.7,"Trastorno de la glándula hipófisis, no especificado",E,CIE-10 OPS,1
E24.0,Enfermedad de Cushing dependiente de la hipófisis,E,CIE-10 OPS,1
E24.1,Síndrome de Nelson,E,CIE-10 OPS,1
E24.2,Síndrome de Cushing inducido por drogas,E,CIE-10 OPS,1
E24.3,Síndrome de ACTH ectópico,E,CIE-10 OPS,1
E24.4,Síndrome de seudo–Cushing inducido por alcohol,E,CIE-10 OPS,1
E24.8,Otros tipos de síndrome de Cushing,E,CIE-10 OPS,1
E24.9,"Síndrome de Cushing, no especificado",E,CIE-10 OPS,1
E25.0,Trastornos adrenogenitales congénitos con deficiencia,E,CIE-10 OPS,1
E25.8,Otros trastornos adrenogenitales,E,CIE-10 OPS,1
E25.9,"Trastorno adrenogenital, no especificado",E,CIE-10 OPS,1
E26.0,Hiperaldosteronismo primario,E,CIE-10 OPS,1
E26.1,Hiperaldosteronismo secundario,E,CIE-10 OPS,1
E26.8,Otros tipos de hiperaldosteronismo,E,CIE-10 OPS,1
E26.9,"Hiperaldosteronismo, no especificado",E,CIE-10 OPS,1
E27.0,Otra hiperactividad corticosuprarrenal,E,CIE-10 OPS,1
E27.1,Insuficiencia corticosuprarrenal primaria,E,CIE-10 OPS,1
E27.2,Crisis addisoniana,E,CIE-10 OPS,1
E27.3,Insuficiencia corticosuprarrenal inducida por drogas,E,CIE-10 OPS,1
E27.4,Otras insuficiencias corticosuprarrenales y las no,E,CIE-10 OPS,1
E27.5,Hiperfunción de la médula suprarrenal,E,CIE-10 OPS,1
E27.8,Otros trastornos especificados de la glándula suprarrenal,E,CIE-10 OPS,1
E27.9,"Trastorno de la glándula suprarrenal, no especificado",E,CIE-10 OPS,1
E28.0,Exceso de estrógenos,E,CIE-10 OPS,1
E28.1,Exceso de andrógenos,E,CIE-10 OPS,1
E28.2,Síndrome de ovario poliquístico,E,CIE-10 OPS,1
E28.3,Insuficiencia ovárica primaria,E,CIE-10 OPS,1
E28.8,Otras disfunciones ováricas,E,CIE-10 OPS,1
E28.9,"Disfunción ovárica, no especificada",E,CIE-10 OPS,1
E29.0,Hiperfunción testicular,E,CIE-10 OPS,1
E29.1,Hipofunción testicular,E,CIE-10 OPS,1
E29.8,Otras disfunciones testiculares,E,CIE-10 OPS,1
E29.9,"Disfunción testicular, no especificada",E,CIE-10 OPS,1
E30.0,Pubertad retardada,E,CIE-10 OPS,1
E30.1,Pubertad precoz,E,CIE-10 OPS,1
E30.8,Otros trastornos de la pubertad,E,CIE-10 OPS,1
E30.9,"Trastorno de la pubertad, no especificado",E,CIE-10 OPS,1
E31.0,Insuficiencia poliglandular autoinmune,E,CIE-10 OPS,1
E31.1,Hiperfunción poliglandular,E,CIE-10 OPS,1
E31.8,Otras disfunciones poliglandulares,E,CIE-10 OPS,1
E31.9,"Disfunción poliglandular, no especificada",E,CIE-10 OPS,1
E32.0,Hiperplasia persistente del timo,E,CIE-10 OPS,1
E32.1,Absceso del timo,E,CIE-10 OPS,1
E32.8,Otras enfermedades del timo,E,CIE-10 OPS,1
E32.9,"Enfermedad del timo, no especificada",E,CIE-10 OPS,1
E34.0,Síndrome carcinoide,E,CIE-10 OPS,1
E34.1,Otras hipersecreciones de hormonas intestinales,E,CIE-10 OPS,1
E34.2,"Secreción hormonal ectópica, no clasificada en otra parte",E,CIE-10 OPS,1
E34.3,"Enanismo, no clasificado en otra parte",E,CIE-10 OPS,1
E34.4,Estatura alta constitucional,E,CIE-10 OPS,1
E34.5,Síndrome de resistencia androgénica,E,CIE-10 OPS,1
E34.8,Otros trastornos endocrinos especificados,E,CIE-10 OPS,1
E34.9,"Trastorno endocrino, no especificado",E,CIE-10 OPS,1
E44.0,Desnutrición proteicocalórica moderada,E,CIE-10 OPS,1
E44.1,Desnutrición proteicocalórica leve,E,CIE-10 OPS,1
E50.0,Deficiencia de vitamina Acon xerosis conjuntival,E,CIE-10 OPS,1
E50.1,Deficiencia de vitamina Acon mancha de Bitot y xerosis,E,CIE-10 OPS,1
E50.2,Deficiencia de vitamina Acon xerosis corneal,E,CIE-10 OPS,1
E50.3,Deficiencia de vitamina Acon ulceración corneal y xerosis,E,CIE-10 OPS,1
E50.4,Deficiencia de vitamina Acon queratomalacia,E,CIE-10 OPS,1
E50.5,Deficiencia de vitamina Acon ceguera nocturna,E,CIE-10 OPS,1
E50.6,Deficiencia de vitamina Acon cicatrices xeroftálmicas de la,E,CIE-10 OPS,1
E50.7,Otras manifestaciones oculares de deficiencia de,E,CIE-10 OPS,1
E50.8,Otras manifestaciones de deficiencia de vitamina A,E,CIE-10 OPS,1
E50.9,"Deficiencia de vitamina A, no especificada",E,CIE-10 OPS,1
E51.1,Beriberi,E,CIE-10 OPS,1
E51.2,Encefalopatía de Wernicke,E,CIE-10 OPS,1
E51.8,Otras manifestaciones de la deficiencia de tiamina,E,CIE-10 OPS,1
E51.9,"Deficiencia de tiamina, no especificada",E,CIE-10 OPS,1
E53.0,Deficiencia de riboflavina,E,CIE-10 OPS,1
E53.1,Deficiencia de piridoxina,E,CIE-10 OPS,1
E53.8,Deficiencia de otras vitaminas del grupo B,E,CIE-10 OPS,1
E53.9,"Deficiencia de vitamina B, no especificada",E,CIE-10 OPS,1
E55.0,Raquitismo activo,E,CIE-10 OPS,1
E55.9,"Deficiencia de vitamina D, no especificada",E,CIE-10 OPS,1
E56.0,Deficiencia de vitamina E,E,CIE-10 OPS,1
E56.1,Deficiencia de vitamina K,E,CIE-10 OPS,1
E56.8,Deficiencia de otras vitaminas,E,CIE-10 OPS,1
E56.9,"Deficiencia de vitamina, no especificada",E,CIE-10 OPS,1
E61.0,Deficiencia de cobre,E,CIE-10 OPS,1
E61.1,Deficiencia de hierro,E,CIE-10 OPS,1
E61.2,Deficiencia de magnesio,E,CIE-10 OPS,1
E61.3,Deficiencia de manganeso,E,CIE-10 OPS,1
E61.4,Deficiencia de cromo,E,CIE-10 OPS,1
E61.5,Deficiencia de molibdeno,E,CIE-10 OPS,1
E61.6,Deficiencia de vanadio,E,CIE-10 OPS,1
E61.7,Deficiencia de múltiples elementos nutricionales,E,CIE-10 OPS,1
E61.8,Deficiencia de otros elementos nutricionales especificados,E,CIE-10 OPS,1
E61.9,"Deficiencia de otro elemento nutricional, no especificado",E,CIE-10 OPS,1
E63.0,Deficiencia de ácidos grasos esenciales [AGE],E,CIE-10 OPS,1
E63.1,Desequilibrio de los constituyentes en la dieta,E,CIE-10 OPS,1
E63.8,Otras deficiencias nutricionales especificadas,E,CIE-10 OPS,1
E63.9,"Deficiencia nutricional, no especificada",E,CIE-10 OPS,1
E64.0,Secuelas de la desnutrición proteicocalórica,E,CIE-10 OPS,1
E64.1,Secuelas de la deficiencia de vitamina A,E,CIE-10 OPS,1
E64.2,Secuelas de la deficiencia de vitamina C,E,CIE-10 OPS,1
E64.3,Secuelas del raquitismo,E,CIE-10 OPS,1
E64.8,Secuelas de otras deficiencias nutricionales,E,CIE-10 OPS,1
E64.9,Secuelas de la deficiencia nutricional no especificada,E,CIE-10 OPS,1
E66.0,Obesidad debida a exceso de calorías,E,CIE-10 OPS,1
E66.1,Obesidad inducida por drogas,E,CIE-10 OPS,1
E66.2,Obesidad extrema con hipoventilación alveolar,E,CIE-10 OPS,1
E66.8,Otros tipos de obesidad,E,CIE-10 OPS,1
E66.9,"Obesidad, no especificada",E,CIE-10 OPS,1
E67.0,Hipervitaminosis A,E,CIE-10 OPS,1
E67.1,Hipercarotinemia,E,CIE-10 OPS,1
E67.2,Síndrome de megavitamina B,E,CIE-10 OPS,1
E67.3,Hipervitaminosis D,E,CIE-10 OPS,1
E67.8,Otros tipos de hiperalimentación especificados,E,CIE-10 OPS,1
E70.0,Fenilcetonuria clásica,E,CIE-10 OPS,1
E70.1,Otras hiperfenilalaninemias,E,CIE-10 OPS,1
E70.2,Trastornos del metabolismo de la tirosina,E,CIE-10 OPS,1
E70.3,Albinismo,E,CIE-10 OPS,1
E70.8,Otros trastornos del metabolismo de los aminoácidos,E,CIE-10 OPS,1
E70.9,"Trastorno del metabolismo de los aminoácidos aromáticos,",E,CIE-10 OPS,1
E71.0,Enfermedad de la orina en jarabe de arce,E,CIE-10 OPS,1
E71.1,Otros trastornos del metabolismo de los aminoácidos de,E,CIE-10 OPS,1
E71.2,Otros trastornos del metabolismo de los aminoácidos de,E,CIE-10 OPS,1
E71.3,Trastornos del metabolismo de los ácidos grasos,E,CIE-10 OPS,1
E72.0,Trastornos del transporte de los aminoácidos,E,CIE-10 OPS,1
E72.1,Trastornos del metabolismo de los aminoácidos azufrados,E,CIE-10 OPS,1
E72.2,Trastornos del metabolismo del ciclo de la urea,E,CIE-10 OPS,1
E72.3,Trastornos del metabolismo de la lisina y la hidroxilisina,E,CIE-10 OPS,1
E72.4,Trastornos del metabolismo de la ornitina,E,CIE-10 OPS,1
E72.5,Trastornos del metabolismo de la glicina,E,CIE-10 OPS,1
E72.8,Otros trastornos especificados del metabolismo de los,E,CIE-10 OPS,1
E72.9,"Trastorno del metabolismo de los aminoácidos, no",E,CIE-10 OPS,1
E73.0,Deficiencia congénita de lactasa,E,CIE-10 OPS,1
E73.1,Deficiencia secundaria de lactasa,E,CIE-10 OPS,1
E73.8,Otros tipos de intolerancia a la lactosa,E,CIE-10 OPS,1
E73.9,"Intolerancia a la lactosa, no especificada",E,CIE-10 OPS,1
E74.0,Enfermedad del almacenamiento de glucógeno,E,CIE-10 OPS,1
E74.1,Trastornos del metabolismo de la fructosa,E,CIE-10 OPS,1
E74.2,Trastorno del metabolismo de la galactosa,E,CIE-10 OPS,1
E74.3,Otros trastornos de la absorción intestinal de,E,CIE-10 OPS,1
E74.4,Trastornos del metabolismo del piruvato y de la,E,CIE-10 OPS,1
E74.8,Otros trastornos especificados del metabolismo de los,E,CIE-10 OPS,1
E74.9,"Trastorno del metabolismo de los carbohidratos, no",E,CIE-10 OPS,1
E75.0,Gangliosidosis GM,E,CIE-10 OPS,1
E75.1,Otras gangliosidosis,E,CIE-10 OPS,1
E75.2,Otras esfingolipidosis,E,CIE-10 OPS,1
E75.3,"Esfingolipidosis, no especificada",E,CIE-10 OPS,1
E75.4,Lipofuscinosis ceroide neuronal,E,CIE-10 OPS,1
E75.5,Otros trastornos del almacenamiento de lípidos,E,CIE-10 OPS,1
E75.6,"Trastorno del almacenamiento de lípidos, no especificado",E,CIE-10 OPS,1
E76.0,Mucopolisacaridosis tipo I,E,CIE-10 OPS,1
E76.1,Mucopolisacaridosis tipo II,E,CIE-10 OPS,1
E76.2,Otras mucopolisacaridosis,E,CIE-10 OPS,1
E76.3,Mucopolisacaridosis no especificada,E,CIE-10 OPS,1
E76.8,Otros trastornos del metabolismo de los,E,CIE-10 OPS,1
E76.9,"Trastorno del metabolismo de los glucosaminoglicanos, no",E,CIE-10 OPS,1
E77.0,Defectos en la modificación postraslacional de enzimas,E,CIE-10 OPS,1
E77.1,Defectos de la degradación de glucoproteínas,E,CIE-10 OPS,1
E77.8,Otros trastornos del metabolismo de las glucoproteínas,E,CIE-10 OPS,1
E77.9,"Trastorno del metabolismo de las glucoproteínas, no",E,CIE-10 OPS,1
E78.0,Hipercolesterolemia pura,E,CIE-10 OPS,1
E78.1,Hipergliceridemia pura,E,CIE-10 OPS,1
E78.2,Hiperlipidemia mixta,E,CIE-10 OPS,1
E78.3,Hiperquilomicronemia,E,CIE-10 OPS,1
E78.4,Otra hiperlipidemia,E,CIE-10 OPS,1
E78.5,Hiperlipidemia no especificada,E,CIE-10 OPS,1
E78.6,Deficiencia de lipoproteínas,E,CIE-10 OPS,1
E78.8,Otros trastornos del metabolismo de las lipoproteínas,E,CIE-10 OPS,1
E78.9,"Trastorno del metabolismo de las lipoproteínas, no",E,CIE-10 OPS,1
E79.0,Hiperuricemia sin signos de artritis inflamatoria y,E,CIE-10 OPS,1
E79.1,Síndrome de Lesch–Nyhan,E,CIE-10 OPS,1
E79.8,Otros trastornos del metabolismo de las purinas y de las,E,CIE-10 OPS,1
E79.9,Trastorno del metabolismo de las purinas y de las,E,CIE-10 OPS,1
E80.0,Porfiria eritropoyética hereditaria,E,CIE-10 OPS,1
E80.1,Porfiria cutánea tardía,E,CIE-10 OPS,1
E80.2,Otras porfirias:,E,CIE-10 OPS,1
E80.3,Defectos de catalasa y peroxidasa,E,CIE-10 OPS,1
E80.4,Síndrome de Gilbert,E,CIE-10 OPS,1
E80.5,Síndrome de Crigler–Najjar,E,CIE-10 OPS,1
E80.6,Otros trastornos del metabolismo de la bilirrubina,E,CIE-10 OPS,1
E80.7,"Trastorno del metabolismo de la bilirrubina, no",E,CIE-10 OPS,1
E83.0,Trastornos del metabolismo del cobre,E,CIE-10 OPS,1
E83.1,Trastornos del metabolismo del hierro,E,CIE-10 OPS,1
E83.2,Trastornos del metabolismo del zinc,E,CIE-10 OPS,1
E83.3,Trastornos del metabolismo del fósforo,E,CIE-10 OPS,1
E83.4,Trastornos del metabolismo del magnesio,E,CIE-10 OPS,1
E83.5,Trastornos del metabolismo del calcio,E,CIE-10 OPS,1
E83.8,Otros trastornos del metabolismo de los minerales,E,CIE-10 OPS,1
E83.9,"Trastorno del metabolismo de los minerales, no",E,CIE-10 OPS,1
E84.0,Fibrosis quística con manifestaciones pulmonares,E,CIE-10 OPS,1
E84.1,Fibrosis quística con manifestaciones intestinales,E,CIE-10 OPS,1
E84.8,Fibrosis quística con otras manifestaciones,E,CIE-10 OPS,1
E84.9,"Fibrosis quística, sin otra especificación",E,CIE-10 OPS,1
E85.0,Amiloidosis heredofamiliar no neuropática,E,CIE-10 OPS,1
E85.1,Amiloidosis heredofamiliar neuropática,E,CIE-10 OPS,1
E85.2,Amiloidosis heredofamiliar no especificada,E,CIE-10 OPS,1
E85.3,Amiloidosis sistémica secundaria,E,CIE-10 OPS,1
E85.4,Amiloidosis limitada a un órgano,E,CIE-10 OPS,1
E85.8,Otras amiloidosis,E,CIE-10 OPS,1
E85.9,"Amiloidosis, no especificada",E,CIE-10 OPS,1
E87.0,Hiperosmolaridad e hipernatremia,E,CIE-10 OPS,1
E87.1,Hiposmolaridad e hiponatremia,E,CIE-10 OPS,1
E87.2,Acidosis,E,CIE-10 OPS,1
E87.3,Alcalosis:,E,CIE-10 OPS,1
E87.4,Trastornos mixtos del balance ácido-básico,E,CIE-10 OPS,1
E87.5,Hiperpotasemia,E,CIE-10 OPS,1
E87.6,Hipopotasmia,E,CIE-10 OPS,1
E87.7,Sobrecarga de líquidos,E,CIE-10 OPS,1
E87.8,Otros trastornos del equilibrio de los electrólitos y de los,E,CIE-10 OPS,1
E88.0,"Trastornos del metabolismo de las proteínas plasmáticas,",E,CIE-10 OPS,1
E88.1,"Lipodistrofia, no clasificada en otra parte",E,CIE-10 OPS,1
E88.2,"Lipomatosis, no clasificada en otra parte",E,CIE-10 OPS,1
E88.8,Otros trastornos especificados del metabolismo,E,CIE-10 OPS,1
E88.9,"Trastorno metabólico, no especificado",E,CIE-10 OPS,1
E89.0,Hipotiroidismo consecutivo a procedimientos,E,CIE-10 OPS,1
E89.1,Hipoinsulinemia consecutiva a procedimientos,E,CIE-10 OPS,1
E89.2,Hipoparatiroidismo consecutivo a procedimientos,E,CIE-10 OPS,1
E89.3,Hipopituitarismo consecutivo a procedimientos,E,CIE-10 OPS,1
E89.4,Insuficiencia ovárica consecutiva a procedimientos,E,CIE-10 OPS,1
E89.5,Hipofunción testicular consecutiva a procedimientos,E,CIE-10 OPS,1
E89.6,Hipofunción adrenocortical [médula suprarrenal],E,CIE-10 OPS,1
E89.8,Otros trastornos metabólicos y endocrinos consecutivos a,E,CIE-10 OPS,1
E89.9,Trastorno endocrino y metabólico consecutivo a,E,CIE-10 OPS,1
F01.0,Demencia vascular de comienzo agudo,F,CIE-10 OPS,1
F01.1,Demencia vascular por infartos múltiples,F,CIE-10 OPS,1
F01.2,Demencia vascular subcortical,F,CIE-10 OPS,1
F01.3,"Demencia vascular mixta, cortical y subcortical",F,CIE-10 OPS,1
F01.8,Otras demencias vasculares,F,CIE-10 OPS,1
F01.9,"Demencia vascular, no especificada",F,CIE-10 OPS,1
F05.0,"Delirio no superpuesto a un cuadro de demencia, así",F,CIE-10 OPS,1
F05.1,Delirio superpuesto a un cuadro de demencia,F,CIE-10 OPS,1
F05.8,Otros delirios,F,CIE-10 OPS,1
F05.9,"Delirio, no especificado",F,CIE-10 OPS,1
F06.0,Alucinosis orgánica,F,CIE-10 OPS,1
F06.1,"Trastorno catatónico, orgánico",F,CIE-10 OPS,1
F06.2,"Trastorno delirante [esquizofreniforme], orgánico",F,CIE-10 OPS,1
F06.3,"Trastornos del humor [afectivos], orgánicos",F,CIE-10 OPS,1
F06.4,"Trastorno de ansiedad, orgánico",F,CIE-10 OPS,1
F06.5,"Trastorno disociativo, orgánico",F,CIE-10 OPS,1
F06.6,"Trastorno de labilidad emocional [asténico], orgánico",F,CIE-10 OPS,1
F06.7,Trastorno cognoscitivo leve,F,CIE-10 OPS,1
F06.8,Otros trastornos mentales especificados debidos a lesión,F,CIE-10 OPS,1
F06.9,Trastorno mental no especificado debido a lesión,F,CIE-10 OPS,1
F07.0,"Trastorno de la personalidad, orgánico",F,CIE-10 OPS,1
F07.1,Síndrome postencefalítico,F,CIE-10 OPS,1
F07.2,Síndrome postconcusional,F,CIE-10 OPS,1
F07.8,Otros trastornos orgánicos de la personalidad y del,F,CIE-10 OPS,1
F07.9,Trastorno orgánico de la personalidad y del,F,CIE-10 OPS,1
F20.0,Esquizofrenia paranoide,F,CIE-10 OPS,1
F20.1,Esquizofrenia hebefrénica,F,CIE-10 OPS,1
F20.2,Esquizofrenia catatónica,F,CIE-10 OPS,1
F20.3,Esquizofrenia indiferenciada,F,CIE-10 OPS,1
F20.4,Depresión postesquizofrénica,F,CIE-10 OPS,1
F20.5,Esquizofrenia residual,F,CIE-10 OPS,1
F20.6,Esquizofrenia simple,F,CIE-10 OPS,1
F20.8,Otras esquizofrenias,F,CIE-10 OPS,1
F20.9,"Esquizofrenia, no especificada",F,CIE-10 OPS,1
F22.0,Trastorno delirante,F,CIE-10 OPS,1
F22.8,Otros trastornos delirantes persistentes,F,CIE-10 OPS,1
F22.9,"Trastorno delirante persistente, no especificado",F,CIE-10 OPS,1
F23.0,"Trastorno psicótico agudo polimorfo, sin síntomas de",F,CIE-10 OPS,1
F23.1,"Trastorno psicótico agudo polimorfo, con síntomas de",F,CIE-10 OPS,1
F23.2,Trastorno psicótico agudo de tipo esquizofrénico,F,CIE-10 OPS,1
F23.3,"Otro trastorno psicótico agudo, con predominio de ideas",F,CIE-10 OPS,1
F23.8,Otros trastornos psicóticos agudos y transitorios,F,CIE-10 OPS,1
F23.9,"Trastorno psicótico agudo y transitorio, no especificado",F,CIE-10 OPS,1
F25.0,Trastorno esquizoafectivo de tipo maníaco,F,CIE-10 OPS,1
F25.1,Trastorno esquizoafectivo de tipo depresivo,F,CIE-10 OPS,1
F25.2,Trastorno esquizoafectivo de tipo mixto,F,CIE-10 OPS,1
F25.8,Otros trastornos esquizoafectivos,F,CIE-10 OPS,1
F25.9,"Trastorno esquizoafectivo, no especificado",F,CIE-10 OPS,1
F30.0,Hipomanía,F,CIE-10 OPS,1
F30.1,Manía sin síntomas psicóticos,F,CIE-10 OPS,1
F30.2,Manía con síntomas psicóticos,F,CIE-10 OPS,1
F30.8,Otros episodios maníacos,F,CIE-10 OPS,1
F30.9,"Episodio maníaco, no especificado",F,CIE-10 OPS,1
F31.0,"Trastorno afectivo bipolar, episodio hipomaníaco presente",F,CIE-10 OPS,1
F31.1,"Trastorno afectivo bipolar, episodio maníaco presente sin",F,CIE-10 OPS,1
F31.2,"Trastorno afectivo bipolar, episodio maníaco presente con",F,CIE-10 OPS,1
F31.3,"Trastorno afectivo bipolar, episodio depresivo presente",F,CIE-10 OPS,1
F31.4,"Trastorno afectivo bipolar, episodio depresivo grave",F,CIE-10 OPS,1
F31.5,"Trastorno afectivo bipolar, episodio depresivo grave",F,CIE-10 OPS,1
F31.6,"Trastorno afectivo bipolar, episodio mixto presente",F,CIE-10 OPS,1
F31.7,"Trastorno afectivo bipolar, actualmente en remisión",F,CIE-10 OPS,1
F31.8,Otros trastornos afectivos bipolares,F,CIE-10 OPS,1
F31.9,"Trastorno afectivo bipolar, no especificado",F,CIE-10 OPS,1
F32.0,Episodio depresivo leve,F,CIE-10 OPS,1
F32.1,Episodio depresivo moderado,F,CIE-10 OPS,1
F32.2,Episodio depresivo grave sin síntomas psicóticos,F,CIE-10 OPS,1
F32.3,Episodio depresivo grave con síntomas psicóticos,F,CIE-10 OPS,1
F32.8,Otros episodios depresivos,F,CIE-10 OPS,1
F32.9,"Episodio depresivo, no especificado",F,CIE-10 OPS,1
F33.0,"Trastorno depresivo recurrente, episodio leve presente",F,CIE-10 OPS,1
F33.1,"Trastorno depresivo recurrente, episodio moderado",F,CIE-10 OPS,1
F33.2,"Trastorno depresivo recurrente, episodio depresivo grave",F,CIE-10 OPS,1
F33.3,"Trastorno depresivo recurrente, episodio depresivo grave",F,CIE-10 OPS,1
F33.4,Trastorno depresivo recurrente actualmente en remisión,F,CIE-10 OPS,1
F33.8,Otros trastornos depresivos recurrentes,F,CIE-10 OPS,1
F33.9,"Trastorno depresivo recurrente, no especificado",F,CIE-10 OPS,1
F34.0,Ciclotimia,F,CIE-10 OPS,1
F34.1,Distimia,F,CIE-10 OPS,1
F34.8,Otros trastornos del humor [afectivos] persistentes,F,CIE-10 OPS,1
F34.9,"Trastorno persistente del humor [afectivo], no especificado",F,CIE-10 OPS,1
F38.0,"Otros trastornos del humor [afectivos], aislados",F,CIE-10 OPS,1
F38.1,"Otros trastornos del humor [afectivos], recurrentes",F,CIE-10 OPS,1
F38.8,"Otros trastornos del humor [afectivos], especificados",F,CIE-10 OPS,1
F40.0,Agorafobia,F,CIE-10 OPS,1
F40.1,Fobias sociales,F,CIE-10 OPS,1
F40.2,Fobias específicas (aisladas),F,CIE-10 OPS,1
F40.8,Otros trastornos fóbicos de ansiedad,F,CIE-10 OPS,1
F40.9,"Trastorno fóbico de ansiedad, no especificado",F,CIE-10 OPS,1
F41.0,Trastorno de pánico [ansiedad paroxística episódica],F,CIE-10 OPS,1
F41.1,Trastorno de ansiedad generalizada,F,CIE-10 OPS,1
F41.2,Trastorno mixto de ansiedad y depresión,F,CIE-10 OPS,1
F41.3,Otros trastornos de ansiedad mixtos,F,CIE-10 OPS,1
F41.8,Otros trastornos de ansiedad especificados,F,CIE-10 OPS,1
F41.9,"Trastorno de ansiedad, no especificado",F,CIE-10 OPS,1
F42.0,Predominio de pensamientos o rumiaciones obsesivas,F,CIE-10 OPS,1
F42.1,Predominio de actos compulsivos [rituales obsesivos],F,CIE-10 OPS,1
F42.2,Actos e ideas obsesivas mixtos,F,CIE-10 OPS,1
F42.8,Otros trastornos obsesivo-compulsivos,F,CIE-10 OPS,1
F42.9,"Trastorno obsesivo-compulsivo, no especificado",F,CIE-10 OPS,1
F43.0,Reacción al estrés agudo,F,CIE-10 OPS,1
F43.1,Trastorno de estrés postraumático,F,CIE-10 OPS,1
F43.2,Trastornos de adaptación,F,CIE-10 OPS,1
F43.8,Otras reacciones al estrés grave,F,CIE-10 OPS,1
F43.9,"Reacción al estrés grave, no especificada",F,CIE-10 OPS,1
F44.0,Amnesia disociativa,F,CIE-10 OPS,1
F44.1,Fuga disociativa,F,CIE-10 OPS,1
F44.2,Estupor disociativo,F,CIE-10 OPS,1
F44.3,Trastornos de trance y de posesión,F,CIE-10 OPS,1
F44.4,Trastornos disociativos del movimiento,F,CIE-10 OPS,1
F44.5,Convulsiones disociativas,F,CIE-10 OPS,1
F44.6,Anestesia disociativa y pérdida sensorial,F,CIE-10 OPS,1
F44.7,Trastornos disociativos mixtos [y de conversión],F,CIE-10 OPS,1
F44.8,Otros trastornos disociativos [de conversión],F,CIE-10 OPS,1
F44.9,"Trastorno disociativo [de conversión], no especificado",F,CIE-10 OPS,1
F45.0,Trastorno de somatización,F,CIE-10 OPS,1
F45.1,Trastorno somatomorfo indiferenciado,F,CIE-10 OPS,1
F45.2,Trastorno hipocondríaco,F,CIE-10 OPS,1
F45.3,Disfunción autonómica somatomorfa,F,CIE-10 OPS,1
F45.4,Trastorno de dolor persistente somatomorfo,F,CIE-10 OPS,1
F45.8,Otros trastornos somatomorfos,F,CIE-10 OPS,1
F45.9,"Trastorno somatomorfo, no especificado",F,CIE-10 OPS,1
F48.0,Neurastenia,F,CIE-10 OPS,1
F48.1,Síndrome de despersonalización y desvinculación de la,F,CIE-10 OPS,1
F48.8,Otros trastornos neuróticos especificados,F,CIE-10 OPS,1
F48.9,"Trastorno neurótico, no especificado",F,CIE-10 OPS,1
F50.0,Anorexia nerviosa,F,CIE-10 OPS,1
F50.1,Anorexia nerviosa atípica,F,CIE-10 OPS,1
F50.2,Bulimia nerviosa,F,CIE-10 OPS,1
F50.3,Bulimia nerviosa atípica,F,CIE-10 OPS,1
F50.4,Hiperfagia asociada con otras alteraciones psicológicas,F,CIE-10 OPS,1
F50.5,Vómitos asociados con otras alteraciones psicológicas,F,CIE-10 OPS,1
F50.8,Otros trastornos de la ingestión de alimentos,F,CIE-10 OPS,1
F50.9,"Trastorno de la ingestión de alimentos, no especificado",F,CIE-10 OPS,1
F51.0,Insomnio no orgánico,F,CIE-10 OPS,1
F51.1,Hipersomnio no orgánico,F,CIE-10 OPS,1
F51.2,Trastorno no orgánico del ciclo sueño-vigilia,F,CIE-10 OPS,1
F51.3,Sonambulismo,F,CIE-10 OPS,1
F51.4,Terrores del sueño [terrores nocturnos],F,CIE-10 OPS,1
F51.5,Pesadillas,F,CIE-10 OPS,1
F51.8,Otros trastornos no orgánicos del sueño,F,CIE-10 OPS,1
F51.9,"Trastorno no orgánico del sueño, no especificado",F,CIE-10 OPS,1
F52.0,Falta o pérdida del deseo sexual,F,CIE-10 OPS,1
F52.1,Aversión al sexo y falta de goce sexual,F,CIE-10 OPS,1
F52.2,Falla de la respuesta genital,F,CIE-10 OPS,1
F52.3,Disfunción orgásmica,F,CIE-10 OPS,1
F52.4,Eyaculación precoz,F,CIE-10 OPS,1
F52.5,Vaginismo no orgánico,F,CIE-10 OPS,1
F52.6,Dispareunia no orgánica,F,CIE-10 OPS,1
F52.7,Impulso sexual excesivo,F,CIE-10 OPS,1
F52.8,"Otras disfunciones sexuales, no ocasionadas por trastorno",F,CIE-10 OPS,1
F52.9,Disfunción sexual no ocasionada por trastorno ni por,F,CIE-10 OPS,1
F53.0,"Trastornos mentales y del comportamiento leves,",F,CIE-10 OPS,1
F53.1,"Trastornos mentales y del comportamiento graves,",F,CIE-10 OPS,1
F53.8,Otros trastornos mentales y del comportamiento asociados,F,CIE-10 OPS,1
F53.9,"Trastorno mental puerperal, no especificado",F,CIE-10 OPS,1
F60.0,Trastorno paranoide de la personalidad,F,CIE-10 OPS,1
F60.1,Trastorno esquizoide de la personalidad,F,CIE-10 OPS,1
F60.2,Trastorno asocial de la personalidad,F,CIE-10 OPS,1
F60.3,Trastorno de la personalidad emocionalmente inestable,F,CIE-10 OPS,1
F60.4,Trastorno histriónico de la personalidad,F,CIE-10 OPS,1
F60.5,Trastorno anancástico de la personalidad,F,CIE-10 OPS,1
F60.6,"Trastorno de la personalidad ansiosa (evasiva, elusiva)",F,CIE-10 OPS,1
F60.7,Trastorno de la personalidad dependiente,F,CIE-10 OPS,1
F60.8,Otros trastornos específicos de la personalidad,F,CIE-10 OPS,1
F60.9,"Trastorno de la personalidad, no especificado",F,CIE-10 OPS,1
F62.0,Cambio perdurable de la personalidad después de una,F,CIE-10 OPS,1
F62.1,Cambio perdurable de la personalidad consecutivo a una,F,CIE-10 OPS,1
F62.8,Otros cambios perdurables de la personalidad,F,CIE-10 OPS,1
F62.9,"Cambio perdurable de la personalidad, no especificado",F,CIE-10 OPS,1
F63.0,Juego patológico,F,CIE-10 OPS,1
F63.1,Piromanía,F,CIE-10 OPS,1
F63.2,Hurto patológico [cleptomanía],F,CIE-10 OPS,1
F63.3,Tricotilomanía,F,CIE-10 OPS,1
F63.8,Otros trastornos de los hábitos y de los impulsos,F,CIE-10 OPS,1
F63.9,"Trastorno de los hábitos y de los impulsos, no especificado",F,CIE-10 OPS,1
F64.0,Transexualismo,F,CIE-10 OPS,1
F64.1,Transvestismo de rol dual,F,CIE-10 OPS,1
F64.2,Trastorno de la identidad de género en la niñez,F,CIE-10 OPS,1
F64.8,Otros trastornos de la identidad de género,F,CIE-10 OPS,1
F64.9,"Trastorno de la identidad de género, no especificado",F,CIE-10 OPS,1
F65.0,Fetichismo,F,CIE-10 OPS,1
F65.1,Transvestismo fetichista,F,CIE-10 OPS,1
F65.2,Exhibicionismo,F,CIE-10 OPS,1
F65.3,Voyeurismo,F,CIE-10 OPS,1
F65.4,Pedofilia,F,CIE-10 OPS,1
F65.5,Sadomasoquismo,F,CIE-10 OPS,1
F65.6,Trastornos múltiples de la preferencia sexual,F,CIE-10 OPS,1
F65.8,Otros trastornos de la preferencia sexual,F,CIE-10 OPS,1
F65.9,"Trastorno de la preferencia sexual, no especificado",F,CIE-10 OPS,1
F66.0,Trastorno de la maduración sexual,F,CIE-10 OPS,1
F66.1,Orientación sexual egodistónica,F,CIE-10 OPS,1
F66.2,Trastorno de la relación sexual,F,CIE-10 OPS,1
F66.8,Otros trastornos del desarrollo psicosexual,F,CIE-10 OPS,1
F66.9,"Trastorno del desarrollo psicosexual, no especificado",F,CIE-10 OPS,1
F68.0,Elaboración de síntomas físicos por causas psicológicas,F,CIE-10 OPS,1
F68.1,Producción intencional o simulación de síntomas o de,F,CIE-10 OPS,1
F68.8,Otros trastornos especificados de la personalidad y del,F,CIE-10 OPS,1
F80.0,Trastorno específico de la pronunciación,F,CIE-10 OPS,1
F80.1,Trastorno del lenguaje expresivo,F,CIE-10 OPS,1
F80.2,Trastorno de la recepción del lenguaje,F,CIE-10 OPS,1
F80.3,Afasia adquirida con epilepsia [Landau-Kleffner],F,CIE-10 OPS,1
F80.8,Otros trastornos del desarrollo del habla y del lenguaje,F,CIE-10 OPS,1
F80.9,Trastorno del desarrollo del habla y del lenguaje no,F,CIE-10 OPS,1
F81.0,Trastorno específico de la lectura,F,CIE-10 OPS,1
F81.1,Trastorno específico del deletreo [ortografía],F,CIE-10 OPS,1
F81.2,Trastorno específico de las habilidades aritméticas,F,CIE-10 OPS,1
F81.3,Trastorno mixto de las habilidades escolares,F,CIE-10 OPS,1
F81.8,Otros trastornos del desarrollo de las habilidades escolares,F,CIE-10 OPS,1
F81.9,"Trastorno del desarrollo de las habilidades escolares, no",F,CIE-10 OPS,1
F84.0,Autismo en la niñez,F,CIE-10 OPS,1
F84.1,Autismo atípico,F,CIE-10 OPS,1
F84.2,Síndrome de Rett,F,CIE-10 OPS,1
F84.3,Otro trastorno desintegrativo de la niñez,F,CIE-10 OPS,1
F84.4,Trastorno hiperactivo asociado con retraso mental y,F,CIE-10 OPS,1
F84.5,Síndrome de Asperger,F,CIE-10 OPS,1
F84.8,Otros trastornos generalizados del desarrollo,F,CIE-10 OPS,1
F84.9,Trastorno generalizado del desarrollo no especificado,F,CIE-10 OPS,1
F90.0,Perturbación de la actividad y de la atención,F,CIE-10 OPS,1
F90.1,Trastorno hipercinético de la conducta,F,CIE-10 OPS,1
F90.8,Otros trastornos hipercinéticos,F,CIE-10 OPS,1
F90.9,"Trastorno hipercinético, no especificado",F,CIE-10 OPS,1
F91.0,Trastorno de la conducta limitado al contexto familiar,F,CIE-10 OPS,1
F91.1,Trastorno de la conducta insociable,F,CIE-10 OPS,1
F91.2,Trastorno de la conducta sociable,F,CIE-10 OPS,1
F91.3,Trastorno opositor desafiante,F,CIE-10 OPS,1
F91.8,Otros trastornos de la conducta,F,CIE-10 OPS,1
F91.9,"Trastorno de la conducta, no especificado",F,CIE-10 OPS,1
F92.0,Trastorno depresivo de la conducta,F,CIE-10 OPS,1
F92.8,Otros trastornos mixtos de la conducta y de las emociones,F,CIE-10 OPS,1
F92.9,"Trastorno mixto de la conducta y de las emociones, no",F,CIE-10 OPS,1
F93.0,Trastorno de ansiedad de separación en la niñez,F,CIE-10 OPS,1
F93.1,Trastorno de ansiedad fóbica en la niñez,F,CIE-10 OPS,1
F93.2,Trastorno de ansiedad social en la niñez,F,CIE-10 OPS,1
F93.3,Trastorno de rivalidad entre hermanos,F,CIE-10 OPS,1
F93.8,Otros trastornos emocionales en la niñez,F,CIE-10 OPS,1
F93.9,"Trastorno emocional en la niñez, no especificado",F,CIE-10 OPS,1
F94.0,Mutismo electivo,F,CIE-10 OPS,1
F94.1,Trastorno de vinculación reactiva en la niñez,F,CIE-10 OPS,1
F94.2,Trastorno de vinculación desinhibida en la niñez,F,CIE-10 OPS,1
F94.8,Otros trastornos del comportamiento social en la niñez,F,CIE-10 OPS,1
F94.9,"Trastorno del comportamiento social en la niñez, no",F,CIE-10 OPS,1
F95.0,Trastorno por tic transitorio,F,CIE-10 OPS,1
F95.1,Trastorno por tic motor o vocal crónico,F,CIE-10 OPS,1
F95.2,Trastorno por tics motores y vocales múltiples combinados,F,CIE-10 OPS,1
F95.8,Otros trastornos por tics,F,CIE-10 OPS,1
F95.9,"Trastorno por tic, no especificado",F,CIE-10 OPS,1
F98.0,Enuresis no orgánica,F,CIE-10 OPS,1
F98.1,Encopresis no orgánica,F,CIE-10 OPS,1
F98.2,Trastorno de la ingestión alimentaria en la infancia y la,F,CIE-10 OPS,1
F98.3,Pica en la infancia y la niñez,F,CIE-10 OPS,1
F98.4,Trastornos de los movimientos estereotipados,F,CIE-10 OPS,1
F98.5,Tartamudez [espasmofemia],F,CIE-10 OPS,1
F98.6,Farfulleo,F,CIE-10 OPS,1
F98.8,Otros trastornos emocionales y del comportamiento que,F,CIE-10 OPS,1
F98.9,"Trastornos no especificados, emocionales y del",F,CIE-10 OPS,1
G00.0,Meningitis por hemófilos,G,CIE-10 OPS,1
G00.1,Meningitis neumocócica,G,CIE-10 OPS,1
G00.2,Meningitis estreptocócica,G,CIE-10 OPS,1
G00.3,Meningitis estafilocócica,G,CIE-10 OPS,1
G00.8,Otras meningitis bacterianas,G,CIE-10 OPS,1
G00.9,"Meningitis bacteriana, no especificada",G,CIE-10 OPS,1
G03.0,Meningitis apiógena,G,CIE-10 OPS,1
G03.1,Meningitis crónica,G,CIE-10 OPS,1
G03.2,Meningitis recurrente benigna [Mollaret],G,CIE-10 OPS,1
G03.8,Meningitis debidas a otras causas especificadas,G,CIE-10 OPS,1
G03.9,"Meningitis, no especificada",G,CIE-10 OPS,1
G04.0,Encefalitis aguda diseminada,G,CIE-10 OPS,1
G04.1,Paraplejía espástica tropical,G,CIE-10 OPS,1
G04.2,"Meningoencefalitis y meningomielitis bacterianas, no",G,CIE-10 OPS,1
G04.8,"Otras encefalitis, mielitis y encefalomielitis",G,CIE-10 OPS,1
G04.9,"Encefalitis, mielitis y encefalomielitis, no especificadas",G,CIE-10 OPS,1
G06.0,Absceso y granuloma intracraneal,G,CIE-10 OPS,1
G06.1,Absceso y granuloma intrarraquídeo,G,CIE-10 OPS,1
G06.2,"Absceso extradural y subdural, no especificado",G,CIE-10 OPS,1
G11.0,Ataxia congénita no progresiva,G,CIE-10 OPS,1
G11.1,Ataxia cerebelosa de iniciación temprana,G,CIE-10 OPS,1
G11.2,Ataxia cerebelosa de iniciación tardía,G,CIE-10 OPS,1
G11.3,Ataxia cerebelosa con reparación defectuosa del ADN,G,CIE-10 OPS,1
G11.4,Paraplejía espástica hereditaria,G,CIE-10 OPS,1
G11.8,Otras ataxias hereditarias,G,CIE-10 OPS,1
G11.9,"Ataxia hereditaria, no especificada",G,CIE-10 OPS,1
G12.0,"Atrofia muscular espinal infantil, tipo I [Werdnig–Hoffman]",G,CIE-10 OPS,1
G12.1,Otras atrofias musculares espinales hereditarias,G,CIE-10 OPS,1
G12.2,Enfermedades de las neuronas motoras,G,CIE-10 OPS,1
G12.8,Otras atrofias musculares espinales y síndromes afines,G,CIE-10 OPS,1
G12.9,"Atrofia muscular espinal, sin otra especificación",G,CIE-10 OPS,1
G21.0,Síndrome neuroléptico maligno,G,CIE-10 OPS,1
G21.1,Otro parkinsonismo secundario inducido por drogas,G,CIE-10 OPS,1
G21.2,Parkinsonismo secundario debido a otros agentes externos,G,CIE-10 OPS,1
G21.3,Parkinsonismo postencefalítico,G,CIE-10 OPS,1
G21.8,Otros tipos de parkinsonismo secundario,G,CIE-10 OPS,1
G21.9,"Parkinsonismo secundario, no especificado",G,CIE-10 OPS,1
G23.0,Enfermedad de Hallervorden–Spatz,G,CIE-10 OPS,1
G23.1,Oftalmoplejía supranuclear progresiva,G,CIE-10 OPS,1
G23.2,Degeneración nigroestriada,G,CIE-10 OPS,1
G23.8,Otras enfermedades degenerativas específicas de los,G,CIE-10 OPS,1
G23.9,"Enfermedad degenerativa de los núcleos de la base, no",G,CIE-10 OPS,1
G24.0,Distonía inducida por drogas,G,CIE-10 OPS,1
G24.1,Distonía idiopática familiar,G,CIE-10 OPS,1
G24.2,Distonía idiopática no familiar,G,CIE-10 OPS,1
G24.3,Tortícolis espasmódica,G,CIE-10 OPS,1
G24.4,Distonía bucofacial idiopática,G,CIE-10 OPS,1
G24.5,Blefarospasmo,G,CIE-10 OPS,1
G24.8,Otras distonías,G,CIE-10 OPS,1
G24.9,"Distonía, no especificada",G,CIE-10 OPS,1
G25.0,Temblor esencial,G,CIE-10 OPS,1
G25.1,Temblor inducido por drogas,G,CIE-10 OPS,1
G25.2,Otras formas especificadas de temblor,G,CIE-10 OPS,1
G25.3,Mioclonía,G,CIE-10 OPS,1
G25.4,Corea inducida por drogas,G,CIE-10 OPS,1
G25.5,Otras coreas,G,CIE-10 OPS,1
G25.6,Tics inducidos por drogas y otros tics de origen orgánico,G,CIE-10 OPS,1
G25.8,Otros trastornos extrapiramidales y del movimiento,G,CIE-10 OPS,1
G25.9,"Trastorno extrapiramidal y del movimiento, no especificado",G,CIE-10 OPS,1
G30.0,Enfermedad de Alzheimer de comienzo temprano,G,CIE-10 OPS,1
G30.1,Enfermedad de Alzheimer de comienzo tardío,G,CIE-10 OPS,1
G30.8,Otros tipos de enfermedad de Alzheimer,G,CIE-10 OPS,1
G30.9,"Enfermedad de Alzheimer, no especificada",G,CIE-10 OPS,1
G31.0,Atrofia cerebral circunscrita,G,CIE-10 OPS,1
G31.1,Degeneración cerebral senil no clasificada en otra parte,G,CIE-10 OPS,1
G31.2,Degeneración del sistema nervioso debida al alcohol,G,CIE-10 OPS,1
G31.8,Otras enfermedades degenerativas especificadas del,G,CIE-10 OPS,1
G31.9,"Degeneración del sistema nervioso, no especificada",G,CIE-10 OPS,1
G36.0,Neuromielitis óptica [Devic],G,CIE-10 OPS,1
G36.1,Leucoencefalitis hemorrágica aguda y subaguda [Hurst],G,CIE-10 OPS,1
G36.8,Otras desmielinizaciones agudas diseminadas,G,CIE-10 OPS,1
G36.9,"Desmielinización diseminada aguda, sin otra especificación",G,CIE-10 OPS,1
G37.0,Esclerosis difusa,G,CIE-10 OPS,1
G37.1,Desmielinización central del cuerpo calloso,G,CIE-10 OPS,1
G37.2,Mielinólisis central pontina,G,CIE-10 OPS,1
G37.3,Mielitis transversa aguda en enfermedad desmielinizante,G,CIE-10 OPS,1
G37.4,Mielitis necrotizante subaguda,G,CIE-10 OPS,1
G37.5,Esclerosis concéntrica [Baló],G,CIE-10 OPS,1
G37.8,Otras enfermedades desmielinizantes del sistema nervioso,G,CIE-10 OPS,1
G37.9,"Enfermedad desmielinizante del sistema nervioso central,",G,CIE-10 OPS,1
G40.0,Epilepsia y síndromes epilépticos idiopáticos relacionados,G,CIE-10 OPS,1
G40.1,Epilepsia y síndromes epilépticos sintomáticos,G,CIE-10 OPS,1
G40.2,Epilepsia y síndromes epilépticos sintomáticos,G,CIE-10 OPS,1
G40.3,Epilepsia y síndromes epilépticos idiopáticos generalizados,G,CIE-10 OPS,1
G40.4,Otras epilepsias y síndromes epilépticos generalizados,G,CIE-10 OPS,1
G40.5,Síndromes epilépticos especiales,G,CIE-10 OPS,1
G40.6,"Ataques de gran mal, no especificados (con o sin pequeño",G,CIE-10 OPS,1
G40.7,"Pequeño mal, no especificado (sin ataque de gran mal)",G,CIE-10 OPS,1
G40.8,Otras epilepsias,G,CIE-10 OPS,1
G40.9,"Epilepsia, tipo no especificado",G,CIE-10 OPS,1
G41.0,Estado de gran mal epiléptico,G,CIE-10 OPS,1
G41.1,Estado de pequeño mal epiléptico,G,CIE-10 OPS,1
G41.2,Estado de mal epiléptico parcial complejo,G,CIE-10 OPS,1
G41.8,Otros estados epilépticos,G,CIE-10 OPS,1
G41.9,Estado de mal epiléptico de tipo no especificado,G,CIE-10 OPS,1
G43.0,Migraña sin aura [migraña común],G,CIE-10 OPS,1
G43.1,Migraña con aura [migraña clásica],G,CIE-10 OPS,1
G43.2,Estado migrañoso,G,CIE-10 OPS,1
G43.3,Migraña complicada,G,CIE-10 OPS,1
G43.8,Otras migrañas,G,CIE-10 OPS,1
G43.9,"Migraña, no especificada",G,CIE-10 OPS,1
G44.0,Síndrome de cefalea en racimos,G,CIE-10 OPS,1
G44.1,"Cefalea vascular, NCOP",G,CIE-10 OPS,1
G44.2,Cefalea debida a tensión,G,CIE-10 OPS,1
G44.3,Cefalea postraumática crónica,G,CIE-10 OPS,1
G44.4,"Cefalea inducida por drogas, no clasificada en otra parte",G,CIE-10 OPS,1
G44.8,Otros síndromes de cefalea especificados,G,CIE-10 OPS,1
G45.0,Síndrome arterial vértebro-basilar,G,CIE-10 OPS,1
G45.1,Síndrome de la arteria carótida (hemisférico),G,CIE-10 OPS,1
G45.2,Síndromes arteriales precerebrales bilaterales y múltiples,G,CIE-10 OPS,1
G45.3,Amaurosis fugaz,G,CIE-10 OPS,1
G45.4,Amnesia global transitoria,G,CIE-10 OPS,1
G45.8,Otras isquemias cerebrales transitorias y síndromes afines,G,CIE-10 OPS,1
G45.9,"Isquemia cerebral transitoria, sin otra especificación",G,CIE-10 OPS,1
G47.0,Trastornos del inicio y del mantenimiento del sueño,G,CIE-10 OPS,1
G47.1,Trastornos de somnolencia excesiva [hipersomnios],G,CIE-10 OPS,1
G47.2,Trastornos del ritmo nictameral,G,CIE-10 OPS,1
G47.3,Apnea del sueño,G,CIE-10 OPS,1
G47.4,Narcolepsia y cataplexia,G,CIE-10 OPS,1
G47.8,Otros trastornos del sueño,G,CIE-10 OPS,1
G47.9,"Trastorno del sueño, no especificado",G,CIE-10 OPS,1
G50.0,Neuralgia del trigémino,G,CIE-10 OPS,1
G50.1,Dolor facial atípico,G,CIE-10 OPS,1
G50.8,Otros trastornos del trigémino,G,CIE-10 OPS,1
G50.9,"Trastorno del trigémino, no especificado",G,CIE-10 OPS,1
G51.0,Parálisis de Bell,G,CIE-10 OPS,1
G51.1,Ganglionitis geniculada,G,CIE-10 OPS,1
G51.2,Síndrome de Melkersson,G,CIE-10 OPS,1
G51.3,Espasmo hemifacial clónico,G,CIE-10 OPS,1
G51.4,Mioquimia facial,G,CIE-10 OPS,1
G51.8,Otros trastornos del nervio facial,G,CIE-10 OPS,1
G51.9,"Trastorno del nervio facial, no especificado",G,CIE-10 OPS,1
G52.0,Trastornos del nervio olfatorio,G,CIE-10 OPS,1
G52.1,Trastornos del nervio glosofaríngeo,G,CIE-10 OPS,1
G52.2,Trastornos del nervio vago,G,CIE-10 OPS,1
G52.3,Trastornos del nervio hipogloso,G,CIE-10 OPS,1
G52.7,Trastornos de múltiples nervios craneales,G,CIE-10 OPS,1
G52.8,Trastornos de otros nervios craneales especificados,G,CIE-10 OPS,1
G52.9,"Trastorno de nervio craneal, no especificado",G,CIE-10 OPS,1
G54.0,Trastornos del plexo braquial,G,CIE-10 OPS,1
G54.1,Trastornos del plexo lumbosacro,G,CIE-10 OPS,1
G54.2,"Trastornos de la raíz cervical, no clasificados en otra parte",G,CIE-10 OPS,1
G54.3,"Trastornos de la raíz torácica, no clasificados en otra parte",G,CIE-10 OPS,1
G54.4,"Trastornos de la raíz lumbosacra, no clasificados en otra",G,CIE-10 OPS,1
G54.5,Amiotrofia neurálgica,G,CIE-10 OPS,1
G54.6,Síndrome del miembro fantasma con dolor,G,CIE-10 OPS,1
G54.7,Síndrome del miembro fantasma sin dolor,G,CIE-10 OPS,1
G54.8,Otros trastornos de las raíces y plexos nerviosos,G,CIE-10 OPS,1
G54.9,"Trastorno de la raíz y plexos nerviosos, no especificado",G,CIE-10 OPS,1
G56.0,Síndrome del túnel carpiano,G,CIE-10 OPS,1
G56.1,Otras lesiones del nervio mediano,G,CIE-10 OPS,1
G56.2,Lesión del nervio cubital,G,CIE-10 OPS,1
G56.3,Lesión del nervio radial,G,CIE-10 OPS,1
G56.4,Causalgia,G,CIE-10 OPS,1
G56.8,Otras mononeuropatías del miembro superior,G,CIE-10 OPS,1
G56.9,"Mononeuropatía del miembro superior, sin otra",G,CIE-10 OPS,1
G57.0,Lesión del nervio ciático,G,CIE-10 OPS,1
G57.1,Meralgia parestésica,G,CIE-10 OPS,1
G57.2,Lesión del nervio crural,G,CIE-10 OPS,1
G57.3,Lesión del nervio ciático poplíteo externo,G,CIE-10 OPS,1
G57.4,Lesión del nervio ciático poplíteo interno,G,CIE-10 OPS,1
G57.5,Síndrome del túnel calcáneo,G,CIE-10 OPS,1
G57.6,Lesión del nervio plantar,G,CIE-10 OPS,1
G57.8,Otras mononeuropatías del miembro inferior,G,CIE-10 OPS,1
G57.9,"Mononeuropatía del miembro inferior, sin otra",G,CIE-10 OPS,1
G58.0,Neuropatía intercostal,G,CIE-10 OPS,1
G58.7,Mononeuritis múltiple,G,CIE-10 OPS,1
G58.8,Otras mononeuropatías especificadas,G,CIE-10 OPS,1
G58.9,"Mononeuropatía, no especificada",G,CIE-10 OPS,1
G60.0,Neuropatía hereditaria motora y sensorial,G,CIE-10 OPS,1
G60.1,Enfermedad de Refsum,G,CIE-10 OPS,1
G60.2,Neuropatía asociada con ataxia hereditaria,G,CIE-10 OPS,1
G60.3,Neuropatía progresiva idiopática,G,CIE-10 OPS,1
G60.8,Otras neuropatías hereditarias e idiopáticas,G,CIE-10 OPS,1
G60.9,"Neuropatía hereditaria e idiopática, sin otra especificación",G,CIE-10 OPS,1
G61.0,Síndrome de Guillain–Barré,G,CIE-10 OPS,1
G61.1,Neuropatía al suero,G,CIE-10 OPS,1
G61.8,Otras polineuropatías inflamatorias,G,CIE-10 OPS,1
G61.9,"Polineuropatía inflamatoria, no especificada",G,CIE-10 OPS,1
G62.0,Polineuropatía inducida por drogas,G,CIE-10 OPS,1
G62.1,Polineuropatía alcohólica,G,CIE-10 OPS,1
G62.2,Polineuropatía debida a otro agente tóxico,G,CIE-10 OPS,1
G62.8,Otras polineuropatías especificadas,G,CIE-10 OPS,1
G62.9,"Polineuropatía, no especificada",G,CIE-10 OPS,1
G70.0,Miastenia gravis,G,CIE-10 OPS,1
G70.1,Trastornos tóxicos neuromusculares,G,CIE-10 OPS,1
G70.2,Miastenia congénita o del desarrollo,G,CIE-10 OPS,1
G70.8,Otros trastornos neuromusculares especificados,G,CIE-10 OPS,1
G70.9,"Trastorno neuromuscular, no especificado",G,CIE-10 OPS,1
G71.0,Distrofia muscular,G,CIE-10 OPS,1
G71.1,Trastornos miotónicos,G,CIE-10 OPS,1
G71.2,Miopatías congénitas,G,CIE-10 OPS,1
G71.3,"Miopatía mitocóndrica, no clasificada en otra parte",G,CIE-10 OPS,1
G71.8,Otros trastornos primarios de los músculos,G,CIE-10 OPS,1
G71.9,"Trastorno primario del músculo, tipo no especificado",G,CIE-10 OPS,1
G72.0,Miopatía inducida por drogas,G,CIE-10 OPS,1
G72.1,Miopatía alcohólica,G,CIE-10 OPS,1
G72.2,Miopatía debida a otros agentes tóxicos,G,CIE-10 OPS,1
G72.3,Parálisis periódica,G,CIE-10 OPS,1
G72.4,"Miopatía inflamatoria, no clasificada en otra parte",G,CIE-10 OPS,1
G72.8,Otras miopatías especificadas,G,CIE-10 OPS,1
G72.9,"Miopatía, no especificada",G,CIE-10 OPS,1
G80.0,Parálisis cerebral espástica cuadripléjica,G,CIE-10 OPS,1
G80.1,Parálisis cerebral espástica dipléjica,G,CIE-10 OPS,1
G80.2,Parálisis cerebral espástica hemipléjica,G,CIE-10 OPS,1
G80.3,Parálisis cerebral discinética,G,CIE-10 OPS,1
G80.4,Parálisis cerebral atáxica,G,CIE-10 OPS,1
G80.8,Otros tipos de parálisis cerebral,G,CIE-10 OPS,1
G80.9,"Parálisis cerebral, sin otra especificación",G,CIE-10 OPS,1
G81.0,Hemiplejía flácida,G,CIE-10 OPS,1
G81.1,Hemiplejía espástica,G,CIE-10 OPS,1
G81.9,"Hemiplejía, no especificada",G,CIE-10 OPS,1
G82.0,Paraplejía flácida,G,CIE-10 OPS,1
G82.1,Paraplejía espástica,G,CIE-10 OPS,1
G82.2,"Paraplejía, no especificada",G,CIE-10 OPS,1
G82.3,Cuadriplejía flácida,G,CIE-10 OPS,1
G82.4,Cuadriplejía espástica,G,CIE-10 OPS,1
G82.5,"Cuadriplejía, no especificada",G,CIE-10 OPS,1
G83.0,Diplejía de los miembros superiores,G,CIE-10 OPS,1
G83.1,Monoplejía de miembro inferior,G,CIE-10 OPS,1
G83.2,Monoplejía de miembro superior,G,CIE-10 OPS,1
G83.3,"Monoplejía, no especificada",G,CIE-10 OPS,1
G83.4,Síndrome de la cola de caballo,G,CIE-10 OPS,1
G83.8,Otros síndromes paralíticos especificados,G,CIE-10 OPS,1
G83.9,"Síndrome paralítico, no especificado",G,CIE-10 OPS,1
G90.0,Neuropatía autónoma periférica idiopática,G,CIE-10 OPS,1
G90.1,Disautonomía familiar [Síndrome de Riley–Day],G,CIE-10 OPS,1
G90.2,Síndrome de Horner,G,CIE-10 OPS,1
G90.3,Degeneración de sistemas múltiples,G,CIE-10 OPS,1
G90.4,Disreflexia autonómica,G,CIE-10 OPS,1
G90.8,Otros trastornos del sistema nervioso autónomo,G,CIE-10 OPS,1
G90.9,"Trastorno del sistema nervioso autónomo, no especificado",G,CIE-10 OPS,1
G91.0,Hidrocéfalo comunicante,G,CIE-10 OPS,1
G91.1,Hidrocéfalo obstructivo,G,CIE-10 OPS,1
G91.2,Hidrocéfalo de presión normal,G,CIE-10 OPS,1
G91.3,"Hidrocéfalo postraumático, sin otra especificación",G,CIE-10 OPS,1
G91.8,Otros tipos de hidrocéfalo,G,CIE-10 OPS,1
G91.9,"Hidrocéfalo, no especificado",G,CIE-10 OPS,1
G93.0,Quiste cerebral,G,CIE-10 OPS,1
G93.1,"Lesión cerebral anóxica, no clasificada en otra parte",G,CIE-10 OPS,1
G93.2,Hipertensión intracraneal benigna,G,CIE-10 OPS,1
G93.3,Síndrome de fatiga postviral,G,CIE-10 OPS,1
G93.4,Encefalopatía no especificada,G,CIE-10 OPS,1
G93.5,Compresión del encéfalo,G,CIE-10 OPS,1
G93.6,Edema cerebral,G,CIE-10 OPS,1
G93.7,Síndrome de Reye,G,CIE-10 OPS,1
G93.8,Otros trastornos especificados del encéfalo,G,CIE-10 OPS,1
G93.9,"Trastorno del encéfalo, no especificado",G,CIE-10 OPS,1
G95.0,Siringomielia y siringobulbia,G,CIE-10 OPS,1
G95.1,Mielopatías vasculares,G,CIE-10 OPS,1
G95.2,"Compresión medular, no especificada",G,CIE-10 OPS,1
G95.8,Otras enfermedades especificadas de la médula espinal,G,CIE-10 OPS,1
G95.9,"Enfermedad de la médula espinal, no especificada",G,CIE-10 OPS,1
G96.0,Pérdida de líquido cefalorraquídeo,G,CIE-10 OPS,1
G96.1,"Trastornos de las meninges, no clasificados en otra parte",G,CIE-10 OPS,1
G96.8,Otros trastornos especificados del sistema nervioso central,G,CIE-10 OPS,1
G96.9,"Trastorno del sistema nervioso central, no especificado",G,CIE-10 OPS,1
G97.0,Pérdida de líquido cefalorraquídeo por punción espinal,G,CIE-10 OPS,1
G97.1,Otra reacción a la punción espinal y lumbar,G,CIE-10 OPS,1
G97.2,Hipotensión intracraneal posterior a anastomosis,G,CIE-10 OPS,1
G97.8,Otros trastornos del sistema nervioso consecutivos a,G,CIE-10 OPS,1
G97.9,"Trastornos no especificados del sistema nervioso,",G,CIE-10 OPS,1
H00.0,Orzuelo y otras inflamaciones profundas del párpado,H,CIE-10 OPS,1
H00.1,Calacio [chalazión],H,CIE-10 OPS,1
H01.0,Blefaritis,H,CIE-10 OPS,1
H01.1,Dermatosis no infecciosa del párpado,H,CIE-10 OPS,1
H01.8,Otras inflamaciones especificadas del párpado,H,CIE-10 OPS,1
H01.9,"Inflamación del párpado, no especificada",H,CIE-10 OPS,1
H02.0,Entropión y triquiasis palpebral,H,CIE-10 OPS,1
H02.1,Ectropión del párpado,H,CIE-10 OPS,1
H02.2,Lagoftalmos,H,CIE-10 OPS,1
H02.3,Blefarocalasia,H,CIE-10 OPS,1
H02.4,Blefaroptosis,H,CIE-10 OPS,1
H02.5,Otros trastornos funcionales del párpado,H,CIE-10 OPS,1
H02.6,Xantelasma del párpado,H,CIE-10 OPS,1
H02.7,Otros trastornos degenerativos del párpado y del área,H,CIE-10 OPS,1
H02.8,Otros trastornos especificados del párpado,H,CIE-10 OPS,1
H02.9,"Trastorno del párpado, no especificado",H,CIE-10 OPS,1
H04.0,Dacrioadenitis,H,CIE-10 OPS,1
H04.1,Otros trastornos de la glándula lagrimal,H,CIE-10 OPS,1
H04.2,Epífora,H,CIE-10 OPS,1
H04.3,Inflamación aguda y la no especificada de las vías,H,CIE-10 OPS,1
H04.4,Inflamación crónica de las vías lagrimales,H,CIE-10 OPS,1
H04.5,Estenosis e insuficiencia de las vías lagrimales,H,CIE-10 OPS,1
H04.6,Otros cambios de las vías lagrimales,H,CIE-10 OPS,1
H04.8,Otros trastornos especificados del aparato lagrimal,H,CIE-10 OPS,1
H04.9,"Trastorno del aparato lagrimal, no especificado",H,CIE-10 OPS,1
H05.0,Inflamación aguda de la órbita,H,CIE-10 OPS,1
H05.1,Trastornos inflamatorios crónicos de la órbita,H,CIE-10 OPS,1
H05.2,Afecciones exoftálmicas,H,CIE-10 OPS,1
H05.3,Deformidad de la órbita,H,CIE-10 OPS,1
H05.4,Enoftalmia,H,CIE-10 OPS,1
H05.5,"Retención de cuerpo extraño (antiguo), consecutiva a",H,CIE-10 OPS,1
H05.8,Otros trastornos de la órbita,H,CIE-10 OPS,1
H05.9,"Trastorno de la órbita, no especificado",H,CIE-10 OPS,1
H10.0,Conjuntivitis mucopurulenta,H,CIE-10 OPS,1
H10.1,Conjuntivitis atópica aguda,H,CIE-10 OPS,1
H10.2,Otras conjuntivitis agudas,H,CIE-10 OPS,1
H10.3,"Conjuntivitis aguda, no especificada",H,CIE-10 OPS,1
H10.4,Conjuntivitis crónica,H,CIE-10 OPS,1
H10.5,Blefaroconjuntivitis,H,CIE-10 OPS,1
H10.8,Otras conjuntivitis,H,CIE-10 OPS,1
H10.9,"Conjuntivitis, no especificada",H,CIE-10 OPS,1
H11.0,Pterigión,H,CIE-10 OPS,1
H11.1,Degeneraciones y depósitos conjuntivales,H,CIE-10 OPS,1
H11.2,Cicatrices conjuntivales,H,CIE-10 OPS,1
H11.3,Hemorragia conjuntival,H,CIE-10 OPS,1
H11.4,Otros trastornos vasculares y quistes conjuntivales,H,CIE-10 OPS,1
H11.8,Otros trastornos especificados de la conjuntiva,H,CIE-10 OPS,1
H11.9,"Trastorno de la conjuntiva, no especificado",H,CIE-10 OPS,1
H15.0,Escleritis,H,CIE-10 OPS,1
H15.1,Episcleritis,H,CIE-10 OPS,1
H15.8,Otros trastornos de la esclerótica,H,CIE-10 OPS,1
H15.9,"Trastorno de la esclerótica, no especificado",H,CIE-10 OPS,1
H16.0,Úlcera de la córnea,H,CIE-10 OPS,1
H16.1,Otras queratitis superficiales sin conjuntivitis,H,CIE-10 OPS,1
H16.2,Queratoconjuntivitis,H,CIE-10 OPS,1
H16.3,Queratitis intersticial y profunda,H,CIE-10 OPS,1
H16.4,Neovascularización de la córnea,H,CIE-10 OPS,1
H16.8,Otras queratitis,H,CIE-10 OPS,1
H16.9,"Queratitis, no especificada",H,CIE-10 OPS,1
H17.0,Leucoma adherente,H,CIE-10 OPS,1
H17.1,Otras opacidades centrales de la córnea,H,CIE-10 OPS,1
H17.8,Otras opacidades o cicatrices de la córnea,H,CIE-10 OPS,1
H17.9,"Cicatriz u opacidad de la córnea, no especificada",H,CIE-10 OPS,1
H18.0,Pigmentaciones y depósitos en la córnea,H,CIE-10 OPS,1
H18.1,Queratopatía vesicular,H,CIE-10 OPS,1
H18.2,Otros edemas de la córnea,H,CIE-10 OPS,1
H18.3,Cambios en las membranas de la córnea,H,CIE-10 OPS,1
H18.4,Degeneración de la córnea,H,CIE-10 OPS,1
H18.5,Distrofia hereditaria de la córnea,H,CIE-10 OPS,1
H18.6,Queratocono,H,CIE-10 OPS,1
H18.7,Otras deformidades de la córnea,H,CIE-10 OPS,1
H18.8,Otros trastornos especificados de la córnea,H,CIE-10 OPS,1
H18.9,"Trastorno de la córnea, no especificado",H,CIE-10 OPS,1
H20.0,Iridociclitis aguda y subaguda,H,CIE-10 OPS,1
H20.1,Iridociclitis crónica,H,CIE-10 OPS,1
H20.2,Iridociclitis inducida por trastorno del cristalino,H,CIE-10 OPS,1
H20.8,Otras iridociclitis especificadas,H,CIE-10 OPS,1
H20.9,"Iridociclitis, no especificada",H,CIE-10 OPS,1
H21.0,Hifema,H,CIE-10 OPS,1
H21.1,Otros trastornos vasculares del iris y del cuerpo ciliar,H,CIE-10 OPS,1
H21.2,Degeneración del iris y del cuerpo ciliar,H,CIE-10 OPS,1
H21.3,"Quiste del iris, del cuerpo ciliar y de la cámara anterior",H,CIE-10 OPS,1
H21.4,Membranas pupilares,H,CIE-10 OPS,1
H21.5,Otras adherencias y desgarros del iris y del cuerpo ciliar,H,CIE-10 OPS,1
H21.8,Otros trastornos especificados del iris y del cuerpo ciliar,H,CIE-10 OPS,1
H21.9,"Trastorno del iris y del cuerpo ciliar, no especificado",H,CIE-10 OPS,1
H25.0,Catarata senil incipiente,H,CIE-10 OPS,1
H25.1,Catarata senil nuclear,H,CIE-10 OPS,1
H25.2,"Catarata senil, tipo morgagnian",H,CIE-10 OPS,1
H25.8,Otras cataratas seniles,H,CIE-10 OPS,1
H25.9,"Catarata senil, no especificada",H,CIE-10 OPS,1
H26.0,"Catarata infantil, juvenil y presenil",H,CIE-10 OPS,1
H26.1,Catarata traumática,H,CIE-10 OPS,1
H26.2,Catarata complicada,H,CIE-10 OPS,1
H26.3,Catarata inducida por drogas,H,CIE-10 OPS,1
H26.4,Catarata residual,H,CIE-10 OPS,1
H26.8,Otras formas especificadas de catarata,H,CIE-10 OPS,1
H26.9,"Catarata, no especificada",H,CIE-10 OPS,1
H27.0,Afaquia,H,CIE-10 OPS,1
H27.1,Luxación del cristalino,H,CIE-10 OPS,1
H27.8,Otros trastornos especificados del cristalino,H,CIE-10 OPS,1
H27.9,"Trastorno del cristalino, no especificado",H,CIE-10 OPS,1
H30.0,Coriorretinitis focal,H,CIE-10 OPS,1
H30.1,Coriorretinitis diseminada,H,CIE-10 OPS,1
H30.2,Ciclitis posterior,H,CIE-10 OPS,1
H30.8,Otras coriorretinitis,H,CIE-10 OPS,1
H30.9,"Coriorretinitis, no especificada",H,CIE-10 OPS,1
H31.0,Cicatrices coriorretinianas,H,CIE-10 OPS,1
H31.1,Degeneración coroidea,H,CIE-10 OPS,1
H31.2,Distrofia coroidea hereditaria,H,CIE-10 OPS,1
H31.3,Hemorragia y ruptura de la coroides,H,CIE-10 OPS,1
H31.4,Desprendimiento de la coroides,H,CIE-10 OPS,1
H31.8,Otros trastornos especificados de la coroides,H,CIE-10 OPS,1
H31.9,"Trastorno de la coroides, no especificado",H,CIE-10 OPS,1
H33.0,Desprendimiento de la retina con ruptura,H,CIE-10 OPS,1
H33.1,Retinosquisis y quistes de la retina,H,CIE-10 OPS,1
H33.2,Desprendimiento seroso de la retina,H,CIE-10 OPS,1
H33.3,Desgarro de la retina sin desprendimiento,H,CIE-10 OPS,1
H33.4,Desprendimiento de la retina por tracción,H,CIE-10 OPS,1
H33.5,Otros desprendimientos de la retina,H,CIE-10 OPS,1
H34.0,Oclusión arterial transitoria de la retina,H,CIE-10 OPS,1
H34.1,Oclusión de la arteria central de la retina,H,CIE-10 OPS,1
H34.2,Otras formas de oclusión de la arteria de la retina,H,CIE-10 OPS,1
H34.8,Otras oclusiones vasculares retinianas,H,CIE-10 OPS,1
H34.9,"Oclusión vascular retiniana, sin otra especificación",H,CIE-10 OPS,1
H35.0,Retinopatías del fondo y cambios vasculares retinianos,H,CIE-10 OPS,1
H35.1,Retinopatía de la prematuridad,H,CIE-10 OPS,1
H35.2,Otras retinopatías proliferativas,H,CIE-10 OPS,1
H35.3,Degeneración de la mácula y del polo posterior del ojo,H,CIE-10 OPS,1
H35.4,Degeneración periférica de la retina,H,CIE-10 OPS,1
H35.5,Distrofia hereditaria de la retina,H,CIE-10 OPS,1
H35.6,Hemorragia retiniana,H,CIE-10 OPS,1
H35.7,Separación de las capas de la retina,H,CIE-10 OPS,1
H35.8,Otros trastornos especificados de la retina,H,CIE-10 OPS,1
H35.9,"Trastorno de la retina, no especificado",H,CIE-10 OPS,1
H40.0,Sospecha de glaucoma,H,CIE-10 OPS,1
H40.1,Glaucoma primario de ángulo abierto,H,CIE-10 OPS,1
H40.2,Glaucoma primario de ángulo cerrado,H,CIE-10 OPS,1
H40.3,Glaucoma secundario a traumatismo ocular,H,CIE-10 OPS,1
H40.4,Glaucoma secundario a inflamación ocular,H,CIE-10 OPS,1
H40.5,Glaucoma secundario a otros trastornos del ojo,H,CIE-10 OPS,1
H40.6,Glaucoma secundario a drogas,H,CIE-10 OPS,1
H40.8,Otros glaucomas,H,CIE-10 OPS,1
H40.9,"Glaucoma, no especificado",H,CIE-10 OPS,1
H43.0,Prolapso del vítreo,H,CIE-10 OPS,1
H43.1,Hemorragia del vítreo,H,CIE-10 OPS,1
H43.2,Depósitos cristalinos en el cuerpo vítreo,H,CIE-10 OPS,1
H43.3,Otras opacidades vítreas,H,CIE-10 OPS,1
H43.8,Otros trastornos del cuerpo vítreo,H,CIE-10 OPS,1
H43.9,"Trastorno del cuerpo vítreo, no especificado",H,CIE-10 OPS,1
H44.0,Endoftalmitis purulenta,H,CIE-10 OPS,1
H44.1,Otras endoftalmitis,H,CIE-10 OPS,1
H44.2,Miopía degenerativa,H,CIE-10 OPS,1
H44.3,Otros trastornos degenerativos del globo ocular,H,CIE-10 OPS,1
H44.4,Hipotonía ocular,H,CIE-10 OPS,1
H44.5,Afecciones degenerativas del globo ocular,H,CIE-10 OPS,1
H44.6,Retención intraocular de cuerpo extraño magnético,H,CIE-10 OPS,1
H44.7,Retención intraocular de cuerpo extraño no magnético,H,CIE-10 OPS,1
H44.8,Otros trastornos del globo ocular,H,CIE-10 OPS,1
H44.9,"Trastorno del globo ocular, no especificado",H,CIE-10 OPS,1
H47.0,"Trastornos del nervio óptico, no clasificados en otra parte",H,CIE-10 OPS,1
H47.1,"Papiledema, no especificado",H,CIE-10 OPS,1
H47.2,Atrofia óptica,H,CIE-10 OPS,1
H47.3,Otros trastornos del disco óptico,H,CIE-10 OPS,1
H47.4,Trastornos del quiasma óptico,H,CIE-10 OPS,1
H47.5,Trastornos de otras vías ópticas,H,CIE-10 OPS,1
H47.6,Trastornos de la corteza visual,H,CIE-10 OPS,1
H47.7,"Trastorno de las vías ópticas, no especificado",H,CIE-10 OPS,1
H49.0,Parálisis del nervio motor ocular común [III par],H,CIE-10 OPS,1
H49.1,Parálisis del nervio patético [IV par],H,CIE-10 OPS,1
H49.2,Parálisis del nervio motor ocular externo [VI par],H,CIE-10 OPS,1
H49.3,Oftalmoplejía total (externa),H,CIE-10 OPS,1
H49.4,Oftalmoplejía externa progresiva,H,CIE-10 OPS,1
H49.8,Otros estrabismos paralíticos,H,CIE-10 OPS,1
H49.9,"Estrabismo paralítico, no especificado",H,CIE-10 OPS,1
H50.0,Estrabismo concomitante convergente,H,CIE-10 OPS,1
H50.1,Estrabismo concomitante divergente,H,CIE-10 OPS,1
H50.2,Estrabismo vertical,H,CIE-10 OPS,1
H50.3,Heterotropía intermitente,H,CIE-10 OPS,1
H50.4,Otras heterotropías o las no especificadas,H,CIE-10 OPS,1
H50.5,Heteroforia,H,CIE-10 OPS,1
H50.6,Estrabismo mecánico,H,CIE-10 OPS,1
H50.8,Otros estrabismos especificados,H,CIE-10 OPS,1
H50.9,"Estrabismo, no especificado",H,CIE-10 OPS,1
H51.0,Parálisis de la conjugación de la mirada,H,CIE-10 OPS,1
H51.1,Exceso e insuficiencia de la convergencia ocular,H,CIE-10 OPS,1
H51.2,Oftalmoplejía internuclear,H,CIE-10 OPS,1
H51.8,Otros trastornos especificados de los movimientos,H,CIE-10 OPS,1
H51.9,"Trastorno del movimiento binocular, no especificado",H,CIE-10 OPS,1
H52.0,Hipermetropía,H,CIE-10 OPS,1
H52.1,Miopía,H,CIE-10 OPS,1
H52.2,Astigmatismo,H,CIE-10 OPS,1
H52.3,Anisometropía y aniseiconía,H,CIE-10 OPS,1
H52.4,Presbicia,H,CIE-10 OPS,1
H52.5,Trastornos de la acomodación,H,CIE-10 OPS,1
H52.6,Otros trastornos de la refracción,H,CIE-10 OPS,1
H52.7,"Trastorno de la refracción, no especificado",H,CIE-10 OPS,1
H53.0,Ambliopía ex anopsia,H,CIE-10 OPS,1
H53.1,Alteraciones visuales subjetivas,H,CIE-10 OPS,1
H53.2,Diplopía,H,CIE-10 OPS,1
H53.3,Otros trastornos de la visión binocular,H,CIE-10 OPS,1
H53.4,Defectos del campo visual,H,CIE-10 OPS,1
H53.5,Deficiencia de la visión cromática,H,CIE-10 OPS,1
H53.6,Ceguera nocturna,H,CIE-10 OPS,1
H53.8,Otras alteraciones visuales,H,CIE-10 OPS,1
H53.9,"Alteración visual, no especificada",H,CIE-10 OPS,1
H54.0,Ceguera de ambos ojos,H,CIE-10 OPS,1
H54.1,"Ceguera de un ojo, visión subnormal del otro",H,CIE-10 OPS,1
H54.2,Visión subnormal de ambos ojos,H,CIE-10 OPS,1
H54.3,Disminución indeterminada de la agudeza visual en ambos,H,CIE-10 OPS,1
H54.4,Ceguera de un ojo,H,CIE-10 OPS,1
H54.5,Visión subnormal de un ojo,H,CIE-10 OPS,1
H54.6,Disminución indeterminada de la agudeza visual de un ojo,H,CIE-10 OPS,1
H54.7,"Disminución de la agudeza visual, sin especificación",H,CIE-10 OPS,1
H57.0,Anomalías de la función pupilar,H,CIE-10 OPS,1
H57.1,Dolor ocular,H,CIE-10 OPS,1
H57.8,Otros trastornos especificados del ojo y sus anexos,H,CIE-10 OPS,1
H57.9,"Trastorno del ojo y sus anexos, no especificado",H,CIE-10 OPS,1
H59.0,Queratopatía (bullosa afáquica) consecutiva a cirugía de,H,CIE-10 OPS,1
H59.8,"Otros trastornos del ojo y sus anexos, consecutivos a",H,CIE-10 OPS,1
H59.9,"Trastorno no especificado del ojo y sus anexos,",H,CIE-10 OPS,1
H60.0,Absceso del oído externo,H,CIE-10 OPS,1
H60.1,Celulitis del oído externo,H,CIE-10 OPS,1
H60.2,Otitis externa maligna,H,CIE-10 OPS,1
H60.3,Otras otitis externas infecciosas,H,CIE-10 OPS,1
H60.4,Colesteatoma del oído externo,H,CIE-10 OPS,1
H60.5,"Otitis externa aguda, no infecciosa",H,CIE-10 OPS,1
H60.8,Otras otitis externas,H,CIE-10 OPS,1
H60.9,"Otitis externa, sin otra especificación",H,CIE-10 OPS,1
H61.0,Pericondritis del oído externo,H,CIE-10 OPS,1
H61.1,Afecciones no infecciosas del pabellón auditivo,H,CIE-10 OPS,1
H61.2,Cerumen impactado,H,CIE-10 OPS,1
H61.3,Estenosis adquirida del conducto auditivo externo,H,CIE-10 OPS,1
H61.8,Otros trastornos especificados del oído externo,H,CIE-10 OPS,1
H61.9,"Trastorno del oído externo, no especificado",H,CIE-10 OPS,1
H65.0,Otitis media aguda serosa,H,CIE-10 OPS,1
H65.1,"Otra otitis media aguda, no supurativa",H,CIE-10 OPS,1
H65.2,Otitis media crónica serosa,H,CIE-10 OPS,1
H65.3,Otitis media crónica mucoide,H,CIE-10 OPS,1
H65.4,Otras otitis medias crónicas no supurativas,H,CIE-10 OPS,1
H65.9,"Otitis media no supurativa, sin otra especificación",H,CIE-10 OPS,1
H66.0,Otitis media supurativa aguda,H,CIE-10 OPS,1
H66.1,Otitis media tubotimpánica supurativa crónica,H,CIE-10 OPS,1
H66.2,Otitis media supurativa crónica aticoantral,H,CIE-10 OPS,1
H66.3,Otras otitis medias crónicas supurativas,H,CIE-10 OPS,1
H66.4,"Otitis media supurativa, sin otra especificación",H,CIE-10 OPS,1
H66.9,"Otitis media, no especificada",H,CIE-10 OPS,1
H68.0,Salpingitis eustaquiana,H,CIE-10 OPS,1
H68.1,Obstrucción de la trompa de Eustaquio,H,CIE-10 OPS,1
H69.0,Distensión de la trompa de Eustaquio,H,CIE-10 OPS,1
H69.8,Otros trastornos especificados de la trompa de Eustaquio,H,CIE-10 OPS,1
H69.9,"Trastorno de la trompa de Eustaquio, no especificado",H,CIE-10 OPS,1
H70.0,Mastoiditis aguda,H,CIE-10 OPS,1
H70.1,Mastoiditis crónica,H,CIE-10 OPS,1
H70.2,Petrositis,H,CIE-10 OPS,1
H70.8,Otras mastoiditis y afecciones relacionadas,H,CIE-10 OPS,1
H70.9,"Mastoiditis, no especificada",H,CIE-10 OPS,1
H72.0,Perforación central de la membrana timpánica,H,CIE-10 OPS,1
H72.1,Perforación ática de la membrana timpánica,H,CIE-10 OPS,1
H72.2,Otras perforaciones marginales de la membrana timpánica,H,CIE-10 OPS,1
H72.8,Otras perforaciones de la membrana timpánica,H,CIE-10 OPS,1
H72.9,"Perforación de la membrana timpánica, sin otra",H,CIE-10 OPS,1
H73.0,Miringitis aguda,H,CIE-10 OPS,1
H73.1,Miringitis crónica,H,CIE-10 OPS,1
H73.8,Otros trastornos especificados de la membrana timpánica,H,CIE-10 OPS,1
H73.9,"Trastorno de la membrana timpánica, no especificado",H,CIE-10 OPS,1
H74.0,Timpanosclerosis,H,CIE-10 OPS,1
H74.1,Enfermedad adhesiva del oído medio,H,CIE-10 OPS,1
H74.2,Discontinuidad y dislocación de los huesecillos del oído,H,CIE-10 OPS,1
H74.3,Otras anormalidades adquiridas de los huesecillos del oído,H,CIE-10 OPS,1
H74.4,Pólipo del oído medio,H,CIE-10 OPS,1
H74.8,Otros trastornos especificados del oído medio y de la,H,CIE-10 OPS,1
H74.9,"Trastorno del oído medio y de la apófisis mastoides, no",H,CIE-10 OPS,1
H80.0,"Otosclerosis que afecta la ventana oval, no obliterante",H,CIE-10 OPS,1
H80.1,"Otosclerosis que afecta la ventana oval, obliterante",H,CIE-10 OPS,1
H80.2,Otosclerosis coclear,H,CIE-10 OPS,1
H80.8,Otras otosclerosis,H,CIE-10 OPS,1
H80.9,"Otosclerosis, no especificada",H,CIE-10 OPS,1
H81.0,Enfermedad de Ménière,H,CIE-10 OPS,1
H81.1,Vértigo paroxístico benigno,H,CIE-10 OPS,1
H81.2,Neuronitis vestibular,H,CIE-10 OPS,1
H81.3,Otros vértigos periféricos,H,CIE-10 OPS,1
H81.4,Vértigo de origen central,H,CIE-10 OPS,1
H81.8,Otros trastornos de la función vestibular,H,CIE-10 OPS,1
H81.9,"Trastorno de la función vestibular, no especificado",H,CIE-10 OPS,1
H83.0,Laberintitis,H,CIE-10 OPS,1
H83.1,Fístula del laberinto,H,CIE-10 OPS,1
H83.2,Disfunción del laberinto,H,CIE-10 OPS,1
H83.3,Efectos del ruido sobre el oído interno,H,CIE-10 OPS,1
H83.8,Otros trastornos especificados del oído interno,H,CIE-10 OPS,1
H83.9,"Trastorno del oído interno, no especificado",H,CIE-10 OPS,1
H90.0,Hipoacusia conductiva bilateral,H,CIE-10 OPS,1
H90.1,"Hipoacusia conductiva, unilateral con audición irrestricta",H,CIE-10 OPS,1
H90.2,"Hipoacusia conductiva, sin otra especificación",H,CIE-10 OPS,1
H90.3,"Hipoacusia neurosensorial, bilateral",H,CIE-10 OPS,1
H90.4,"Hipoacusia neurosensorial, unilateral con audición",H,CIE-10 OPS,1
H90.5,"Hipoacusia neurosensorial, sin otra especificación",H,CIE-10 OPS,1
H90.6,"Hipoacusia mixta conductiva y neurosensorial, bilateral",H,CIE-10 OPS,1
H90.7,"Hipoacusia mixta conductiva y neurosensorial, unilateral",H,CIE-10 OPS,1
H90.8,"Hipoacusia mixta conductiva y neurosensorial, no",H,CIE-10 OPS,1
H91.0,Hipoacusia ototóxica,H,CIE-10 OPS,1
H91.1,Presbiacusia,H,CIE-10 OPS,1
H91.2,Hipoacusia súbita idiopática,H,CIE-10 OPS,1
H91.3,"Sordomudez, no clasificada en otra parte",H,CIE-10 OPS,1
H91.8,Otras hipoacusias especificadas,H,CIE-10 OPS,1
H91.9,"Hipoacusia, no especificada",H,CIE-10 OPS,1
H92.0,Otalgia,H,CIE-10 OPS,1
H92.1,Otorrea,H,CIE-10 OPS,1
H92.2,Otorragia,H,CIE-10 OPS,1
H93.0,Trastornos degenerativos y vasculares del oído,H,CIE-10 OPS,1
H93.1,Tinnitus,H,CIE-10 OPS,1
H93.2,Otras percepciones auditivas anormales,H,CIE-10 OPS,1
H93.3,Trastornos del nervio auditivo,H,CIE-10 OPS,1
H93.8,Otros trastornos especificados del oído,H,CIE-10 OPS,1
H93.9,"Trastorno del oído, no especificado",H,CIE-10 OPS,1
H95.0,Colesteatoma recurrente de la cavidad resultante de la,H,CIE-10 OPS,1
H95.1,Otros trastornos posteriores a la mastoidectomía,H,CIE-10 OPS,1
H95.8,"Otros trastornos del oído y de la apófisis mastoides,",H,CIE-10 OPS,1
H95.9,Trastornos no especificados del oído y de la apófisis,H,CIE-10 OPS,1
I01.0,Pericarditis reumática aguda,I,CIE-10 OPS,1
I01.1,Endocarditis reumática aguda,I,CIE-10 OPS,1
I01.2,Miocarditis reumática aguda,I,CIE-10 OPS,1
I01.8,Otras enfermedades reumáticas agudas del corazón,I,CIE-10 OPS,1
I01.9,"Enfermedad reumática aguda del corazón, no especificada",I,CIE-10 OPS,1
I02.0,Corea reumática con complicación cardíaca,I,CIE-10 OPS,1
I02.9,Corea reumática sin mención de complicación cardíaca,I,CIE-10 OPS,1
I05.0,Estenosis mitral,I,CIE-10 OPS,1
I05.1,Insuficiencia mitral reumática,I,CIE-10 OPS,1
I05.2,Estenosis mitral con insuficiencia,I,CIE-10 OPS,1
I05.8,Otras enfermedades de la válvula mitral,I,CIE-10 OPS,1
I05.9,"Enfermedad valvular mitral, no especificada",I,CIE-10 OPS,1
I06.0,Estenosis aórtica reumática,I,CIE-10 OPS,1
I06.1,Insuficiencia aórtica reumática,I,CIE-10 OPS,1
I06.2,Estenosis aórtica reumática con insuficiencia,I,CIE-10 OPS,1
I06.8,Otras enfermedades reumáticas de la válvula aórtica,I,CIE-10 OPS,1
I06.9,"Enfermedad valvular aórtica reumática, no especificada",I,CIE-10 OPS,1
I07.0,Estenosis tricúspide,I,CIE-10 OPS,1
I07.1,Insuficiencia tricúspide,I,CIE-10 OPS,1
I07.2,Estenosis e insuficiencia tricúspide,I,CIE-10 OPS,1
I07.8,Otras enfermedades de la válvula tricúspide,I,CIE-10 OPS,1
I07.9,"Enfermedad de la válvula tricúspide, no especificada",I,CIE-10 OPS,1
I08.0,Trastornos de las válvulas mitral y aórtica,I,CIE-10 OPS,1
I08.1,Trastornos de las válvulas mitral y tricúspide,I,CIE-10 OPS,1
I08.2,Trastornos de las válvulas aórtica y tricúspide,I,CIE-10 OPS,1
I08.3,"Trastornos combinados de las válvulas mitral, tricúspide y",I,CIE-10 OPS,1
I08.8,Otras enfermedades de múltiples válvulas,I,CIE-10 OPS,1
I08.9,"Enfermedad de múltiples válvulas, no especificada",I,CIE-10 OPS,1
I09.0,Miocarditis reumática,I,CIE-10 OPS,1
I09.1,"Enfermedades reumáticas del endocardio, válvula no",I,CIE-10 OPS,1
I09.2,Pericarditis reumática crónica,I,CIE-10 OPS,1
I09.8,Otras enfermedades reumáticas especificadas del corazón,I,CIE-10 OPS,1
I09.9,"Enfermedad reumática del corazón, no especificada",I,CIE-10 OPS,1
I11.0,Enfermedad cardíaca hipertensiva con insuficiencia,I,CIE-10 OPS,1
I11.9,Enfermedad cardíaca hipertensiva sin insuficiencia,I,CIE-10 OPS,1
I12.0,Enfermedad renal hipertensiva con insuficiencia renal,I,CIE-10 OPS,1
I12.9,Enfermedad renal hipertensiva sin insuficiencia renal,I,CIE-10 OPS,1
I13.0,Enfermedad cardiorrenal hipertensiva con insuficiencia,I,CIE-10 OPS,1
I13.1,Enfermedad cardiorrenal hipertensiva con insuficiencia,I,CIE-10 OPS,1
I13.2,Enfermedad cardiorrenal hipertensiva con insuficiencia,I,CIE-10 OPS,1
I13.9,"Enfermedad cardiorrenal hipertensiva, no especificada",I,CIE-10 OPS,1
I15.0,Hipertensión renovascular,I,CIE-10 OPS,1
I15.1,Hipertensión secundaria a otros trastornos renales,I,CIE-10 OPS,1
I15.2,Hipertensión secundaria a trastornos endocrinos,I,CIE-10 OPS,1
I15.8,Otros tipos de hipertensión secundaria,I,CIE-10 OPS,1
I15.9,"Hipertensión secundaria, no especificada",I,CIE-10 OPS,1
I20.0,Angina inestable,I,CIE-10 OPS,1
I20.1,Angina de pecho con espasmo documentado,I,CIE-10 OPS,1
I20.8,Otras formas especificadas de angina de pecho,I,CIE-10 OPS,1
I20.9,"Angina de pecho, no especificada",I,CIE-10 OPS,1
I21.0,Infarto transmural agudo del miocardio de la pared anterior,I,CIE-10 OPS,1
I21.1,Infarto transmural agudo del miocardio de la pared inferior,I,CIE-10 OPS,1
I21.2,Infarto agudo transmural del miocardio de otros sitios,I,CIE-10 OPS,1
I21.3,"Infarto transmural agudo del miocardio, de sitio no",I,CIE-10 OPS,1
I21.4,Infarto subendocárdico agudo del miocardio,I,CIE-10 OPS,1
I21.9,"Infarto agudo del miocardio, sin otra especificación",I,CIE-10 OPS,1
I22.0,Infarto subsecuente del miocardio de la pared anterior,I,CIE-10 OPS,1
I22.1,Infarto subsecuente del miocardio de la pared inferior,I,CIE-10 OPS,1
I22.8,Infarto subsecuente del miocardio de otros sitios,I,CIE-10 OPS,1
I22.9,"Infarto subsecuente del miocardio, de parte no especificada",I,CIE-10 OPS,1
I23.0,Hemopericardio como complicación presente posterior al,I,CIE-10 OPS,1
I23.1,Defecto del tabique auricular como complicación presente,I,CIE-10 OPS,1
I23.2,Defecto del tabique ventricular como complicación,I,CIE-10 OPS,1
I23.3,Ruptura de la pared cardíaca sin hemopericardio como,I,CIE-10 OPS,1
I23.4,Ruptura de las cuerdas tendinosas como complicación,I,CIE-10 OPS,1
I23.5,Ruptura de músculo papilar como complicación presente,I,CIE-10 OPS,1
I23.6,"Trombosis de la aurícula, apéndice auricular y ventrículo",I,CIE-10 OPS,1
I23.8,Otras complicaciones presentes posteriores al infarto,I,CIE-10 OPS,1
I24.0,Trombosis coronaria que no resulta en infarto del miocardio,I,CIE-10 OPS,1
I24.1,Síndrome de Dressler,I,CIE-10 OPS,1
I24.8,Otras formas de enfermedad isquémica aguda del corazón,I,CIE-10 OPS,1
I24.9,"Enfermedad isquémica aguda del corazón, no especificada",I,CIE-10 OPS,1
I25.0,"Enfermedad cardiovascular aterosclerótica, así descrita",I,CIE-10 OPS,1
I25.1,Enfermedad aterosclerótica del corazón,I,CIE-10 OPS,1
I25.2,Infarto antiguo del miocardio,I,CIE-10 OPS,1
I25.3,Aneurisma cardíaco,I,CIE-10 OPS,1
I25.4,Aneurisma de arteria coronaria,I,CIE-10 OPS,1
I25.5,Cardiomiopatía isquémica,I,CIE-10 OPS,1
I25.6,Isquemia silente del miocardio,I,CIE-10 OPS,1
I25.8,Otras formas de enfermedad isquémica crónica del corazón,I,CIE-10 OPS,1
I25.9,"Enfermedad isquémica crónica del corazón, no especificada",I,CIE-10 OPS,1
I26.0,Embolia pulmonar con mención de corazón pulmonar,I,CIE-10 OPS,1
I26.9,Embolia pulmonar sin mención de corazón pulmonar agudo,I,CIE-10 OPS,1
I27.0,Hipertensión pulmonar primaria,I,CIE-10 OPS,1
I27.1,Enfermedad cifoscoliótica del corazón,I,CIE-10 OPS,1
I27.2,Otras hipertensiones pulmonares secundarias,I,CIE-10 OPS,1
I27.8,Otras enfermedades cardiopulmonares especificadas,I,CIE-10 OPS,1
I27.9,"Enfermedad pulmonar del corazón, no especificada",I,CIE-10 OPS,1
I28.0,Fístula arteriovenosa de los vasos pulmonares,I,CIE-10 OPS,1
I28.1,Aneurisma de la arteria pulmonar,I,CIE-10 OPS,1
I28.8,Otras enfermedades especificadas de los vasos,I,CIE-10 OPS,1
I28.9,"Enfermedad de los vasos pulmonares, no especificada",I,CIE-10 OPS,1
I30.0,Pericarditis idiopática aguda inespecífica,I,CIE-10 OPS,1
I30.1,Pericarditis infecciosa,I,CIE-10 OPS,1
I30.8,Otras formas de pericarditis aguda,I,CIE-10 OPS,1
I30.9,"Pericarditis aguda, no especificada",I,CIE-10 OPS,1
I31.0,Pericarditis crónica adhesiva,I,CIE-10 OPS,1
I31.1,Pericarditis constrictiva crónica,I,CIE-10 OPS,1
I31.2,"Hemopericardio, no clasificado en otra parte",I,CIE-10 OPS,1
I31.3,Derrame pericárdico (no inflamatorio),I,CIE-10 OPS,1
I31.8,Otras enfermedades especificadas del pericardio,I,CIE-10 OPS,1
I31.9,"Enfermedad del pericardio, no especificada",I,CIE-10 OPS,1
I33.0,Endocarditis infecciosa aguda y subaguda,I,CIE-10 OPS,1
I33.9,"Endocarditis aguda, no especificada",I,CIE-10 OPS,1
I34.0,Insuficiencia (de la válvula) mitral,I,CIE-10 OPS,1
I34.1,Prolapso (de la válvula) mitral,I,CIE-10 OPS,1
I34.2,"Estenosis (de la válvula) mitral, no reumática",I,CIE-10 OPS,1
I34.8,Otros trastornos no reumáticos de la válvula mitral,I,CIE-10 OPS,1
I34.9,"Trastorno mitral no reumático, no especificado",I,CIE-10 OPS,1
I35.0,Estenosis (de la válvula) aórtica,I,CIE-10 OPS,1
I35.1,Insuficiencia (de la válvula) aórtica,I,CIE-10 OPS,1
I35.2,Estenosis (de la válvula) aórtica con insuficiencia,I,CIE-10 OPS,1
I35.8,Otros trastornos de la válvula aórtica,I,CIE-10 OPS,1
I35.9,"Trastorno de la válvula aórtica, no especificado",I,CIE-10 OPS,1
I36.0,Estenosis no reumática (de la válvula) tricúspide,I,CIE-10 OPS,1
I36.1,Insuficiencia no reumática (de la válvula) tricúspide,I,CIE-10 OPS,1
I36.2,Estenosis con insuficiencia no reumática (de la válvula),I,CIE-10 OPS,1
I36.8,Otros trastornos no reumáticos de la válvula tricúspide,I,CIE-10 OPS,1
I36.9,"Trastorno no reumático de la válvula tricúspide, no",I,CIE-10 OPS,1
I37.0,Estenosis de la válvula pulmonar,I,CIE-10 OPS,1
I37.1,Insuficiencia de la válvula pulmonar,I,CIE-10 OPS,1
I37.2,Estenosis de la válvula pulmonar con insuficiencia,I,CIE-10 OPS,1
I37.8,Otros trastornos de la válvula pulmonar,I,CIE-10 OPS,1
I37.9,"Trastorno de la válvula pulmonar, no especificado",I,CIE-10 OPS,1
I40.0,Miocarditis infecciosa,I,CIE-10 OPS,1
I40.1,Miocarditis aislada,I,CIE-10 OPS,1
I40.8,Otras miocarditis agudas,I,CIE-10 OPS,1
I40.9,"Miocarditis aguda, no especificada",I,CIE-10 OPS,1
I42.0,Cardiomiopatía dilatada,I,CIE-10 OPS,1
I42.1,Cardiomiopatía hipertrófica obstructiva,I,CIE-10 OPS,1
I42.2,Otras cardiomiopatías hipertróficas,I,CIE-10 OPS,1
I42.3,Enfermedad endomiocárdica (eosinofílica),I,CIE-10 OPS,1
I42.4,Fibroelastosis endocárdica,I,CIE-10 OPS,1
I42.5,Otras cardiomiopatías restrictivas,I,CIE-10 OPS,1
I42.6,Cardiomiopatía alcohólica,I,CIE-10 OPS,1
I42.7,Cardiomiopatía debida a drogas y otros agentes externos,I,CIE-10 OPS,1
I42.8,Otras cardiomiopatías,I,CIE-10 OPS,1
I42.9,"Cardiomiopatía, no especificada",I,CIE-10 OPS,1
I44.0,Bloqueo auriculoventricular de primer grado,I,CIE-10 OPS,1
I44.1,Bloqueo auriculoventricular de segundo grado,I,CIE-10 OPS,1
I44.2,Bloqueo auriculoventricular completo,I,CIE-10 OPS,1
I44.3,Otros tipos de bloqueo auriculoventricular y los no,I,CIE-10 OPS,1
I44.4,Bloqueo fascicular anterior izquierdo,I,CIE-10 OPS,1
I44.5,Bloqueo fascicular posterior izquierdo,I,CIE-10 OPS,1
I44.6,Otros tipos de bloqueo fascicular y los no especificados,I,CIE-10 OPS,1
I44.7,"Bloqueo de rama izquierda del haz, sin otra especificación",I,CIE-10 OPS,1
I45.0,Bloqueo fascicular derecho,I,CIE-10 OPS,1
I45.1,Otros tipos de bloqueo de rama derecha del haz y los no,I,CIE-10 OPS,1
I45.2,Bloqueo bifascicular,I,CIE-10 OPS,1
I45.3,Bloqueo trifascicular,I,CIE-10 OPS,1
I45.4,Bloqueo intraventricular no especificado,I,CIE-10 OPS,1
I45.5,Otros tipos especificados de bloqueo del corazón,I,CIE-10 OPS,1
I45.6,Síndrome de preexcitación,I,CIE-10 OPS,1
I45.8,Otros trastornos especificados de la conducción,I,CIE-10 OPS,1
I45.9,"Trastorno de la conducción, no especificado",I,CIE-10 OPS,1
I46.0,Paro cardíaco con resucitación exitosa,I,CIE-10 OPS,1
I46.1,"Muerte cardíaca súbita, así descrita",I,CIE-10 OPS,1
I46.9,"Paro cardíaco, no especificado",I,CIE-10 OPS,1
I47.0,Arritmia por reentrada ventricular,I,CIE-10 OPS,1
I47.1,Taquicardia supraventricular,I,CIE-10 OPS,1
I47.2,Taquicardia ventricular,I,CIE-10 OPS,1
I47.9,"Taquicardia paroxística, no especificada",I,CIE-10 OPS,1
I49.0,Fibrilación y aleteo ventricular,I,CIE-10 OPS,1
I49.1,Despolarización auricular prematura,I,CIE-10 OPS,1
I49.2,Despolarización prematura nodal,I,CIE-10 OPS,1
I49.3,Despolarización ventricular prematura,I,CIE-10 OPS,1
I49.4,Otros tipos de despolarización prematura y los no,I,CIE-10 OPS,1
I49.5,Síndrome del seno enfermo,I,CIE-10 OPS,1
I49.8,Otras arritmias cardíacas especificadas,I,CIE-10 OPS,1
I49.9,"Arritmia cardíaca, no especificada",I,CIE-10 OPS,1
I50.0,Insuficiencia cardíaca congestiva,I,CIE-10 OPS,1
I50.1,Insuficiencia ventricular izquierda,I,CIE-10 OPS,1
I50.9,"Insuficiencia cardíaca, no especificada",I,CIE-10 OPS,1
I51.0,"Defecto del tabique cardíaco, adquirido",I,CIE-10 OPS,1
I51.1,"Ruptura de cuerda tendinosa, no clasificada en otra parte",I,CIE-10 OPS,1
I51.2,"Ruptura de músculo papilar, no clasificada en otra parte",I,CIE-10 OPS,1
I51.3,"Trombosis intracardíaca, no clasificada en otra parte",I,CIE-10 OPS,1
I51.4,"Miocarditis, no especificada",I,CIE-10 OPS,1
I51.5,Degeneración miocárdica,I,CIE-10 OPS,1
I51.6,"Enfermedad cardiovascular, no especificada",I,CIE-10 OPS,1
I51.7,Cardiomegalia,I,CIE-10 OPS,1
I51.8,Otras enfermedades cardíacas mal definidas,I,CIE-10 OPS,1
I51.9,"Enfermedad cardíaca, no especificada",I,CIE-10 OPS,1
I60.0,Hemorragia subaracnoidea de sifón y bifurcación carotídea,I,CIE-10 OPS,1
I60.1,Hemorragia subaracnoidea de arteria cerebral media,I,CIE-10 OPS,1
I60.2,Hemorragia subaracnoidea de arteria comunicante anterior,I,CIE-10 OPS,1
I60.3,Hemorragia subaracnoidea de arteria comunicante,I,CIE-10 OPS,1
I60.4,Hemorragia subaracnoidea de arteria basilar,I,CIE-10 OPS,1
I60.5,Hemorragia subaracnoidea de arteria vertebral,I,CIE-10 OPS,1
I60.6,Hemorragia subaracnoidea de otras arterias intracraneales,I,CIE-10 OPS,1
I60.7,Hemorragia subaracnoidea de arteria intracraneal no,I,CIE-10 OPS,1
I60.8,Otras hemorragias subaracnoideas,I,CIE-10 OPS,1
I60.9,"Hemorragia subaracnoidea, no especificada",I,CIE-10 OPS,1
I61.0,"Hemorragia intracerebral en hemisferio, subcortical",I,CIE-10 OPS,1
I61.1,"Hemorragia intracerebral en hemisferio, cortical",I,CIE-10 OPS,1
I61.2,"Hemorragia intracerebral en hemisferio, no especificada",I,CIE-10 OPS,1
I61.3,Hemorragia intraencefálica en tallo cerebral,I,CIE-10 OPS,1
I61.4,Hemorragia intraencefálica en cerebelo,I,CIE-10 OPS,1
I61.5,"Hemorragia intraencefálica, intraventricular",I,CIE-10 OPS,1
I61.6,Hemorragia intraencefálica de localizaciones múltiples,I,CIE-10 OPS,1
I61.8,Otras hemorragias intraencefálicas,I,CIE-10 OPS,1
I61.9,"Hemorragia intraencefálica, no especificada",I,CIE-10 OPS,1
I62.0,Hemorragia subdural (aguda) (no traumática),I,CIE-10 OPS,1
I62.1,Hemorragia extradural no traumática,I,CIE-10 OPS,1
I62.9,"Hemorragia intracraneal (no traumática), no especificada",I,CIE-10 OPS,1
I63.0,Infarto cerebral debido a trombosis de arterias,I,CIE-10 OPS,1
I63.1,Infarto cerebral debido a embolia de arterias precerebrales,I,CIE-10 OPS,1
I63.2,Infarto cerebral debido a oclusión o estenosis no,I,CIE-10 OPS,1
I63.3,Infarto cerebral debido a trombosis de arterias cerebrales,I,CIE-10 OPS,1
I63.4,Infarto cerebral debido a embolia de arterias cerebrales,I,CIE-10 OPS,1
I63.5,Infarto cerebral debido a oclusión o estenosis no,I,CIE-10 OPS,1
I63.6,"Infarto cerebral debido a trombosis de venas cerebrales, no",I,CIE-10 OPS,1
I63.8,Otros infartos cerebrales,I,CIE-10 OPS,1
I63.9,"Infarto cerebral, no especificado",I,CIE-10 OPS,1
I65.0,Oclusión y estenosis de arteria vertebral,I,CIE-10 OPS,1
I65.1,Oclusión y estenosis de arteria basilar,I,CIE-10 OPS,1
I65.2,Oclusión y estenosis de arteria carótida,I,CIE-10 OPS,1
I65.3,Oclusión y estenosis múltiple bilateral de arterias,I,CIE-10 OPS,1
I65.8,Oclusión y estenosis de otras arterias precerebrales,I,CIE-10 OPS,1
I65.9,Oclusión y estenosis de arteria precerebral no especificada,I,CIE-10 OPS,1
I66.0,Oclusión y estenosis de la arteria cerebral media,I,CIE-10 OPS,1
I66.1,Oclusión y estenosis de la arteria cerebral anterior,I,CIE-10 OPS,1
I66.2,Oclusión y estenosis de la arteria cerebral posterior,I,CIE-10 OPS,1
I66.3,Oclusión y estenosis de arterias cerebelosas,I,CIE-10 OPS,1
I66.4,Oclusión y estenosis múltiple bilateral de arterias,I,CIE-10 OPS,1
I66.8,Oclusión y estenosis de otras arterias cerebrales,I,CIE-10 OPS,1
I66.9,Oclusión y estenosis de arteria cerebral no especificada,I,CIE-10 OPS,1
I67.0,"Disección de arterias cerebrales, sin ruptura",I,CIE-10 OPS,1
I67.1,"Aneurisma cerebral, sin ruptura",I,CIE-10 OPS,1
I67.2,Aterosclerosis cerebral,I,CIE-10 OPS,1
I67.3,Leucoencefalopatía vascular progresiva,I,CIE-10 OPS,1
I67.4,Encefalopatía hipertensiva,I,CIE-10 OPS,1
I67.5,Enfermedad de Moyamoya,I,CIE-10 OPS,1
I67.6,Trombosis apiógena del sistema venoso intracraneal,I,CIE-10 OPS,1
I67.7,"Arteritis cerebral, no clasificada en otra parte",I,CIE-10 OPS,1
I67.8,Otras enfermedades cerebrovasculares especificadas,I,CIE-10 OPS,1
I67.9,"Enfermedad cerebrovascular, no especificada",I,CIE-10 OPS,1
I69.0,Secuelas de hemorragia subaracnoidea,I,CIE-10 OPS,1
I69.1,Secuelas de hemorragia intraencefálica,I,CIE-10 OPS,1
I69.2,Secuelas de otras hemorragias intracraneales no,I,CIE-10 OPS,1
I69.3,Secuelas de infarto cerebral,I,CIE-10 OPS,1
I69.4,"Secuelas de accidente vascular encefálico, no especificado",I,CIE-10 OPS,1
I69.8,Secuelas de otras enfermedades cerebrovasculares y de,I,CIE-10 OPS,1
I70.0,Aterosclerosis de la aorta,I,CIE-10 OPS,1
I70.1,Aterosclerosis de la arteria renal,I,CIE-10 OPS,1
I70.2,Aterosclerosis de las arterias de los miembros,I,CIE-10 OPS,1
I70.8,Aterosclerosis de otras arterias,I,CIE-10 OPS,1
I70.9,Aterosclerosis generalizada y la no especificada,I,CIE-10 OPS,1
I71.0,Disección de aorta (cualquier parte),I,CIE-10 OPS,1
I71.1,Ruptura de aneurisma de la aorta torácica,I,CIE-10 OPS,1
I71.2,"Aneurisma de la aorta torácica, sin mención de ruptura",I,CIE-10 OPS,1
I71.3,Ruptura de aneurisma de la aorta abdominal,I,CIE-10 OPS,1
I71.4,"Aneurisma de la aorta abdominal, sin mención de ruptura",I,CIE-10 OPS,1
I71.5,Ruptura de aneurisma de la aorta toracoabdominal,I,CIE-10 OPS,1
I71.6,"Aneurisma de la aorta toracoabdominal, sin mención de",I,CIE-10 OPS,1
I71.8,"Ruptura de aneurisma aórtico, sitio no especificado",I,CIE-10 OPS,1
I71.9,"Aneurisma de la aorta, sitio no especificado, sin mención",I,CIE-10 OPS,1
I72.0,Aneurisma de la arteria carótida,I,CIE-10 OPS,1
I72.1,Aneurisma de arteria del miembro superior,I,CIE-10 OPS,1
I72.2,Aneurisma de arteria renal,I,CIE-10 OPS,1
I72.3,Aneurisma de arteria iliaca,I,CIE-10 OPS,1
I72.4,Aneurisma de arteria del miembro inferior,I,CIE-10 OPS,1
I72.8,Aneurisma de otras arterias especificadas,I,CIE-10 OPS,1
I72.9,Aneurisma de sitio no especificado,I,CIE-10 OPS,1
I73.0,Síndrome de Raynaud,I,CIE-10 OPS,1
I73.1,Tromboangeítis obliterante [Buerger],I,CIE-10 OPS,1
I73.8,Otras enfermedades vasculares periféricas especificadas,I,CIE-10 OPS,1
I73.9,"Enfermedad vascular periférica, no especificada",I,CIE-10 OPS,1
I74.0,Embolia y trombosis de la aorta abdominal,I,CIE-10 OPS,1
I74.1,Embolia y trombosis de otras porciones y las no,I,CIE-10 OPS,1
I74.2,Embolia y trombosis de arterias de los miembros,I,CIE-10 OPS,1
I74.3,Embolia y trombosis de arterias de los miembros inferiores,I,CIE-10 OPS,1
I74.4,"Embolia y trombosis de arterias de los miembros, no",I,CIE-10 OPS,1
I74.5,Embolia y trombosis de arteria iliaca,I,CIE-10 OPS,1
I74.8,Embolia y trombosis de otras arterias,I,CIE-10 OPS,1
I74.9,Embolia y trombosis de arteria no especificada,I,CIE-10 OPS,1
I77.0,"Fístula arteriovenosa, adquirida",I,CIE-10 OPS,1
I77.1,Estrechez arterial,I,CIE-10 OPS,1
I77.2,Ruptura arterial,I,CIE-10 OPS,1
I77.3,Displasia fibromuscular arterial,I,CIE-10 OPS,1
I77.4,Síndrome de compresión del tronco celíaco,I,CIE-10 OPS,1
I77.5,Necrosis arterial,I,CIE-10 OPS,1
I77.6,"Arteritis, no especificada",I,CIE-10 OPS,1
I77.8,Otros trastornos especificados de arterias y arteriolas,I,CIE-10 OPS,1
I77.9,"Trastorno de arterias y arteriolas, no especificado",I,CIE-10 OPS,1
I78.0,Telangiectasia hemorrágica hereditaria,I,CIE-10 OPS,1
I78.1,"Nevo, no neoplásico",I,CIE-10 OPS,1
I78.8,Otras enfermedades de los capilares,I,CIE-10 OPS,1
I78.9,"Enfermedad de los vasos capilares, no especificada",I,CIE-10 OPS,1
I80.0,Flebitis y tromboflebitis de vasos superficiales de los,I,CIE-10 OPS,1
I80.1,Flebitis y tromboflebitis de la vena femoral,I,CIE-10 OPS,1
I80.2,Flebitis y tromboflebitis de otros vasos profundos de los,I,CIE-10 OPS,1
I80.3,"Flebitis y tromboflebitis de los miembros inferiores, no",I,CIE-10 OPS,1
I80.8,Flebitis y tromboflebitis de otros sitios,I,CIE-10 OPS,1
I80.9,Flebitis y tromboflebitis de sitio no especificado,I,CIE-10 OPS,1
I82.0,Síndrome de Budd–Chiari,I,CIE-10 OPS,1
I82.1,Tromboflebitis migratoria,I,CIE-10 OPS,1
I82.2,Embolia y trombosis de vena cava,I,CIE-10 OPS,1
I82.3,Embolia y trombosis de vena renal,I,CIE-10 OPS,1
I82.8,Embolia y trombosis de otras venas especificadas,I,CIE-10 OPS,1
I82.9,Embolia y trombosis de vena no especificada,I,CIE-10 OPS,1
I83.0,Venas varicosas de los miembros inferiores con úlcera,I,CIE-10 OPS,1
I83.1,Venas varicosas de los miembros inferiores con inflamación,I,CIE-10 OPS,1
I83.2,Venas varicosas de los miembros inferiores con úlcera e,I,CIE-10 OPS,1
I83.9,Venas varicosas de los miembros inferiores sin úlcera ni,I,CIE-10 OPS,1
I84.0,Hemorroides internas trombosadas,I,CIE-10 OPS,1
I84.1,Hemorroides internas con otras complicaciones,I,CIE-10 OPS,1
I84.2,Hemorroides internas sin complicación,I,CIE-10 OPS,1
I84.3,Hemorroides externas trombosadas,I,CIE-10 OPS,1
I84.4,Hemorroides externas con otras complicaciones,I,CIE-10 OPS,1
I84.5,Hemorroides externas sin complicación,I,CIE-10 OPS,1
I84.6,"Prominencias cutáneas, residuo de hemorroides",I,CIE-10 OPS,1
I84.7,Hemorroides trombosadas no especificadas,I,CIE-10 OPS,1
I84.8,"Hemorroides no especificadas, con otras complicaciones",I,CIE-10 OPS,1
I84.9,"Hemorroides no especificadas, sin complicación",I,CIE-10 OPS,1
I85.0,Várices esofágicas con hemorragia,I,CIE-10 OPS,1
I85.9,Várices esofágicas sin hemorragia,I,CIE-10 OPS,1
I86.0,Várices sublinguales,I,CIE-10 OPS,1
I86.1,Várices escrotales,I,CIE-10 OPS,1
I86.2,Várices pélvicas,I,CIE-10 OPS,1
I86.3,Várices de la vulva,I,CIE-10 OPS,1
I86.4,Várices gástricas,I,CIE-10 OPS,1
I86.8,Várices en otros sitios especificados,I,CIE-10 OPS,1
I87.0,Síndrome postflebítico,I,CIE-10 OPS,1
I87.1,Compresión de vena,I,CIE-10 OPS,1
I87.2,Insuficiencia venosa (crónica) (periférica),I,CIE-10 OPS,1
I87.8,Otros trastornos venosos especificados,I,CIE-10 OPS,1
I87.9,"Trastorno venoso, no especificado",I,CIE-10 OPS,1
I88.0,Linfadenitis mesentérica inespecífica,I,CIE-10 OPS,1
I88.1,"Linfadenitis crónica, excepto la mesentérica",I,CIE-10 OPS,1
I88.8,Otras linfadenitis inespecíficas,I,CIE-10 OPS,1
I88.9,Linfadenitis inespecífica no especificada,I,CIE-10 OPS,1
I89.0,"Linfedema, no clasificado en otra parte",I,CIE-10 OPS,1
I89.1,Linfangitis,I,CIE-10 OPS,1
I89.8,Otros trastornos especificados no infecciosos de los vasos,I,CIE-10 OPS,1
I89.9,"Trastorno no infeccioso de vasos y ganglios linfáticos, no",I,CIE-10 OPS,1
I95.0,Hipotensión idiopática,I,CIE-10 OPS,1
I95.1,Hipotensión ortostática,I,CIE-10 OPS,1
I95.2,Hipotensión debida a drogas,I,CIE-10 OPS,1
I95.8,Otros tipos de hipotensión,I,CIE-10 OPS,1
I95.9,"Hipotensión, no especificada",I,CIE-10 OPS,1
I97.0,Síndrome de postcardiotomía,I,CIE-10 OPS,1
I97.1,Otras alteraciones funcionales consecutivas a cirugía,I,CIE-10 OPS,1
I97.2,Síndrome de linfedema postmastectomía,I,CIE-10 OPS,1
I97.8,Otros trastornos del sistema circulatorio consecutivos a,I,CIE-10 OPS,1
I97.9,Trastorno no especificado del sistema circulatorio,I,CIE-10 OPS,1
J01.0,Sinusitis maxilar aguda,J,CIE-10 OPS,1
J01.1,Sinusitis frontal aguda,J,CIE-10 OPS,1
J01.2,Sinusitis etmoidal aguda,J,CIE-10 OPS,1
J01.3,Sinusitis esfenoidal aguda,J,CIE-10 OPS,1
J01.4,Pansinusitis aguda,J,CIE-10 OPS,1
J01.8,Otras sinusitis agudas,J,CIE-10 OPS,1
J01.9,"Sinusitis aguda, no especificada",J,CIE-10 OPS,1
J02.0,Faringitis estreptocócica,J,CIE-10 OPS,1
J02.8,Faringitis aguda debida a otros microorganismos,J,CIE-10 OPS,1
J02.9,"Faringitis aguda, no especificada",J,CIE-10 OPS,1
J03.0,Amigdalitis estreptocócica,J,CIE-10 OPS,1
J03.8,Amigdalitis aguda debida a otros microorganismos,J,CIE-10 OPS,1
J03.9,"Amigdalitis aguda, no especificada",J,CIE-10 OPS,1
J04.0,Laringitis aguda,J,CIE-10 OPS,1
J04.1,Traqueítis aguda,J,CIE-10 OPS,1
J04.2,Laringotraqueítis aguda,J,CIE-10 OPS,1
J05.0,"Laringitis obstructiva, aguda [crup]",J,CIE-10 OPS,1
J05.1,Epiglotitis aguda,J,CIE-10 OPS,1
J06.0,Laringofaringitis aguda,J,CIE-10 OPS,1
J06.8,Otras infecciones agudas de sitios múltiples de las vías,J,CIE-10 OPS,1
J06.9,"Infección aguda de las vías respiratorias superiores, no",J,CIE-10 OPS,1
J10.0,"Influenza con neumonía, debida a otro virus de la influenza",J,CIE-10 OPS,1
J10.1,"Influenza con otras manifestaciones respiratorias, debida a",J,CIE-10 OPS,1
J10.8,"Influenza, con otras manifestaciones, debida a otro virus de",J,CIE-10 OPS,1
J11.0,"Influenza con neumonía, virus no identificado",J,CIE-10 OPS,1
J11.1,"Influenza con otras manifestaciones respiratorias, virus no",J,CIE-10 OPS,1
J11.8,"Influenza con otras manifestaciones, virus no identificado",J,CIE-10 OPS,1
J12.0,Neumonía debida a adenovirus,J,CIE-10 OPS,1
J12.1,Neumonía debida a virus sincitial respiratorio,J,CIE-10 OPS,1
J12.2,Neumonía debida a virus parainfluenza,J,CIE-10 OPS,1
J12.8,Neumonía debida a otros virus,J,CIE-10 OPS,1
J12.9,"Neumonía viral, no especificada",J,CIE-10 OPS,1
J15.0,Neumonía debida a Klebsiella pneumoniae,J,CIE-10 OPS,1
J15.1,Neumonía debida a Pseudomonas,J,CIE-10 OPS,1
J15.2,Neumonía debida a estafilococos,J,CIE-10 OPS,1
J15.3,Neumonía debida a estreptococos del grupo B,J,CIE-10 OPS,1
J15.4,Neumonía debida a otros estreptococos,J,CIE-10 OPS,1
J15.5,Neumonía debida a Escherichia coli,J,CIE-10 OPS,1
J15.6,Neumonía debida a otras bacterias aeróbicas,J,CIE-10 OPS,1
J15.7,Neumonía debida a Mycoplasma pneumoniae,J,CIE-10 OPS,1
J15.8,Otras neumonías bacterianas,J,CIE-10 OPS,1
J15.9,"Neumonía bacteriana, no especificada",J,CIE-10 OPS,1
J16.0,Neumonía debida a clamidias,J,CIE-10 OPS,1
J16.8,Neumonía debida a otros microorganismos infecciosos,J,CIE-10 OPS,1
J18.0,"Bronconeumonía, no especificada",J,CIE-10 OPS,1
J18.1,"Neumonía lobar, no especificada",J,CIE-10 OPS,1
J18.2,"Neumonía hipostática, no especificada",J,CIE-10 OPS,1
J18.8,"Otras neumonías, de microorganismo no especificado",J,CIE-10 OPS,1
J18.9,"Neumonía, no especificada",J,CIE-10 OPS,1
J20.0,Bronquitis aguda debida a Mycoplasma pneumoniae,J,CIE-10 OPS,1
J20.1,Bronquitis aguda debida a Haemophilus influenzae,J,CIE-10 OPS,1
J20.2,Bronquitis aguda debida a estreptococos,J,CIE-10 OPS,1
J20.3,Bronquitis aguda debida a virus Coxsackie,J,CIE-10 OPS,1
J20.4,Bronquitis aguda debida a virus parainfluenza,J,CIE-10 OPS,1
J20.5,Bronquitis aguda debida a virus sincitial respiratorio,J,CIE-10 OPS,1
J20.6,Bronquitis aguda debida a rinovirus,J,CIE-10 OPS,1
J20.7,Bronquitis aguda debida a virus ECHO,J,CIE-10 OPS,1
J20.8,Bronquitis aguda debida a otros microorganismos,J,CIE-10 OPS,1
J20.9,"Bronquitis aguda, no especificada",J,CIE-10 OPS,1
J21.0,Bronquiolitis aguda debida a virus sincitial respiratorio,J,CIE-10 OPS,1
J21.8,Bronquiolitis aguda debida a otros microorganismos,J,CIE-10 OPS,1
J21.9,"Bronquiolitis aguda, no especificada",J,CIE-10 OPS,1
J30.0,Rinitis vasomotora,J,CIE-10 OPS,1
J30.1,Rinitis alérgica debida al polen,J,CIE-10 OPS,1
J30.2,Otra rinitis alérgica estacional,J,CIE-10 OPS,1
J30.3,Otras rinitis alérgicas,J,CIE-10 OPS,1
J30.4,"Rinitis alérgica, no especificada",J,CIE-10 OPS,1
J31.0,Rinitis crónica,J,CIE-10 OPS,1
J31.1,Rinofaringitis crónica,J,CIE-10 OPS,1
J31.2,Faringitis crónica,J,CIE-10 OPS,1
J32.0,Sinusitis maxilar crónica,J,CIE-10 OPS,1
J32.1,Sinusitis frontal crónica,J,CIE-10 OPS,1
J32.2,Sinusitis etmoidal crónica,J,CIE-10 OPS,1
J32.3,Sinusitis esfenoidal crónica,J,CIE-10 OPS,1
J32.4,Pansinusitis crónica,J,CIE-10 OPS,1
J32.8,Otras sinusitis crónicas,J,CIE-10 OPS,1
J32.9,"Sinusitis crónica, no especificada",J,CIE-10 OPS,1
J33.0,Pólipo de la cavidad nasal,J,CIE-10 OPS,1
J33.1,Degeneración polipoide de seno paranasal,J,CIE-10 OPS,1
J33.8,Otros pólipos de los senos paranasales,J,CIE-10 OPS,1
J33.9,"Pólipo nasal, no especificado",J,CIE-10 OPS,1
J34.0,"Absceso, furúnculo y ántrax de la nariz",J,CIE-10 OPS,1
J34.1,Quiste y mucocele de la nariz y del seno paranasal,J,CIE-10 OPS,1
J34.2,Desviación del tabique nasal,J,CIE-10 OPS,1
J34.3,Hipertrofia de los cornetes nasales,J,CIE-10 OPS,1
J34.8,Otros trastornos especificados de la nariz y de los senos,J,CIE-10 OPS,1
J35.0,Amigdalitis crónica,J,CIE-10 OPS,1
J35.1,Hipertrofia de las amígdalas,J,CIE-10 OPS,1
J35.2,Hipertrofia de las adenoides,J,CIE-10 OPS,1
J35.3,Hipertrofia de las amígdalas con hipertrofia de las,J,CIE-10 OPS,1
J35.8,Otras enfermedades crónicas de las amígdalas y de las,J,CIE-10 OPS,1
J35.9,"Enfermedad crónica de las amígdalas y de las adenoides,",J,CIE-10 OPS,1
J37.0,Laringitis crónica,J,CIE-10 OPS,1
J37.1,Laringotraqueítis crónica,J,CIE-10 OPS,1
J38.0,Parálisis de las cuerdas vocales y de la laringe,J,CIE-10 OPS,1
J38.1,Pólipo de las cuerdas vocales y de la laringe,J,CIE-10 OPS,1
J38.2,Nódulos de las cuerdas vocales,J,CIE-10 OPS,1
J38.3,Otras enfermedades de las cuerdas vocales,J,CIE-10 OPS,1
J38.4,Edema de laringe,J,CIE-10 OPS,1
J38.5,Espasmo laríngeo,J,CIE-10 OPS,1
J38.6,Estenosis laríngea,J,CIE-10 OPS,1
J38.7,Otras enfermedades de la laringe,J,CIE-10 OPS,1
J39.0,Absceso retrofaríngeo y parafaríngeo,J,CIE-10 OPS,1
J39.1,Otros abscesos de la faringe,J,CIE-10 OPS,1
J39.2,Otras enfermedades de la faringe,J,CIE-10 OPS,1
J39.3,Reacción de hipersensibilidad de las vías respiratorias,J,CIE-10 OPS,1
J39.8,Otras enfermedades especificadas de las vías respiratorias,J,CIE-10 OPS,1
J39.9,"Enfermedad de las vías respiratorias superiores, no",J,CIE-10 OPS,1
J41.0,Bronquitis crónica simple,J,CIE-10 OPS,1
J41.1,Bronquitis crónica mucopurulenta,J,CIE-10 OPS,1
J41.8,Bronquitis crónica mixta simple y mucopurulenta,J,CIE-10 OPS,1
J43.0,Síndrome de MacLeod,J,CIE-10 OPS,1
J43.1,Enfisema panlobular,J,CIE-10 OPS,1
J43.2,Enfisema centrolobular,J,CIE-10 OPS,1
J43.8,Otros tipos de enfisema,J,CIE-10 OPS,1
J43.9,"Enfisema, no especificado",J,CIE-10 OPS,1
J44.0,Enfermedad pulmonar obstructiva crónica con infección,J,CIE-10 OPS,1
J44.1,Enfermedad pulmonar obstructiva crónica con,J,CIE-10 OPS,1
J44.8,Otras enfermedades pulmonares obstructivas crónicas,J,CIE-10 OPS,1
J44.9,"Enfermedad pulmonar obstructiva crónica, no especificada",J,CIE-10 OPS,1
J45.0,Asma predominantemente alérgica,J,CIE-10 OPS,1
J45.1,Asma no alérgica,J,CIE-10 OPS,1
J45.8,Asma mixta,J,CIE-10 OPS,1
J45.9,"Asma, no especificada",J,CIE-10 OPS,1
J62.0,Neumoconiosis debida a polvo de talco,J,CIE-10 OPS,1
J62.8,Neumoconiosis debida a otros polvos que contienen sílice,J,CIE-10 OPS,1
J63.0,Aluminosis (del pulmón),J,CIE-10 OPS,1
J63.1,Fibrosis (del pulmón) debida a bauxita,J,CIE-10 OPS,1
J63.2,Beriliosis,J,CIE-10 OPS,1
J63.3,Fibrosis (del pulmón) debida a grafito,J,CIE-10 OPS,1
J63.4,Siderosis,J,CIE-10 OPS,1
J63.5,Estañosis,J,CIE-10 OPS,1
J63.8,Neumoconiosis debida a otros polvos inorgánicos,J,CIE-10 OPS,1
J66.0,Bisinosis,J,CIE-10 OPS,1
J66.1,Enfermedad de los trabajadores del lino,J,CIE-10 OPS,1
J66.2,Canabinosis,J,CIE-10 OPS,1
J66.8,Enfermedad de las vías aéreas debida a otros polvos,J,CIE-10 OPS,1
J67.0,Pulmón del granjero,J,CIE-10 OPS,1
J67.1,Bagazosis,J,CIE-10 OPS,1
J67.2,Pulmón del ornitófilo,J,CIE-10 OPS,1
J67.3,Suberosis,J,CIE-10 OPS,1
J67.4,Pulmón del manipulador de malta,J,CIE-10 OPS,1
J67.5,Pulmón del manipulador de hongos,J,CIE-10 OPS,1
J67.6,Pulmón del descortezador del arce,J,CIE-10 OPS,1
J67.7,Neumonitis de la ventilación debida al acondicionador y,J,CIE-10 OPS,1
J67.8,Neumonitis debidas a hipersensibilidad a otros polvos,J,CIE-10 OPS,1
J67.9,Neumonitis debida a hipersensibilidad a polvo orgánico no,J,CIE-10 OPS,1
J68.0,"Bronquitis y neumonitis debidas a inhalación de gases,",J,CIE-10 OPS,1
J68.1,"Edema pulmonar debido a inhalación de gases, humos,",J,CIE-10 OPS,1
J68.2,Inflamación respiratoria superior debida a inhalación de,J,CIE-10 OPS,1
J68.3,Otras afecciones respiratorias agudas y subagudas,J,CIE-10 OPS,1
J68.4,Afecciones respiratorias crónicas debidas a inhalación de,J,CIE-10 OPS,1
J68.8,Otras afecciones respiratorias debidas a inhalación de,J,CIE-10 OPS,1
J68.9,"Afección respiratoria no especificada, debida a inhalación",J,CIE-10 OPS,1
J69.0,Neumonitis debida a aspiración de alimento o vómito,J,CIE-10 OPS,1
J69.1,Neumonitis debida a aspiración de aceites y esencias,J,CIE-10 OPS,1
J69.8,Neumonitis debida a aspiración de otros sólidos y líquidos,J,CIE-10 OPS,1
J70.0,Manifestaciones pulmonares agudas debidas a radiación,J,CIE-10 OPS,1
J70.1,Manifestaciones pulmonares crónicas y otras,J,CIE-10 OPS,1
J70.2,Trastornos pulmonares intersticiales agudos inducidos por,J,CIE-10 OPS,1
J70.3,Trastornos pulmonares intersticiales crónicos inducidos,J,CIE-10 OPS,1
J70.4,Trastornos pulmonares intersticiales no especificados,J,CIE-10 OPS,1
J70.8,Afecciones respiratorias debidas a otros agentes externos,J,CIE-10 OPS,1
J70.9,Afecciones respiratorias debidas a agentes externos no,J,CIE-10 OPS,1
J84.0,Afecciones alveolares y alveoloparietales,J,CIE-10 OPS,1
J84.1,Otras enfermedades pulmonares intersticiales con fibrosis,J,CIE-10 OPS,1
J84.8,Otras enfermedades pulmonares intersticiales,J,CIE-10 OPS,1
J84.9,"Enfermedad pulmonar intersticial, no especificada",J,CIE-10 OPS,1
J85.0,Gangrena y necrosis del pulmón,J,CIE-10 OPS,1
J85.1,Absceso del pulmón con neumonía,J,CIE-10 OPS,1
J85.2,Absceso del pulmón sin neumonía,J,CIE-10 OPS,1
J85.3,Absceso del mediastino,J,CIE-10 OPS,1
J86.0,Piotórax con fístula,J,CIE-10 OPS,1
J86.9,Piotórax sin fístula,J,CIE-10 OPS,1
J92.0,Paquipleuritis con asbestosis,J,CIE-10 OPS,1
J92.9,Paquipleuritis sin asbestosis,J,CIE-10 OPS,1
J93.0,Neumotórax espontáneo a presión,J,CIE-10 OPS,1
J93.1,Otros tipos de neumotórax espontáneo,J,CIE-10 OPS,1
J93.8,Otros neumotórax,J,CIE-10 OPS,1
J93.9,"Neumotórax, no especificado",J,CIE-10 OPS,1
J94.0,Quilotórax,J,CIE-10 OPS,1
J94.1,Fibrotórax,J,CIE-10 OPS,1
J94.2,Hemotórax,J,CIE-10 OPS,1
J94.8,Otras afecciones especificadas de la pleura,J,CIE-10 OPS,1
J94.9,"Afección pleural, no especificada",J,CIE-10 OPS,1
J95.0,Funcionamiento defectuoso de la traqueostomía,J,CIE-10 OPS,1
J95.1,Insuficiencia pulmonar aguda consecutiva a cirugía,J,CIE-10 OPS,1
J95.2,Insuficiencia pulmonar aguda consecutiva a cirugía,J,CIE-10 OPS,1
J95.3,Insuficiencia pulmonar crónica consecutiva a cirugía,J,CIE-10 OPS,1
J95.4,Síndrome de Mendelson,J,CIE-10 OPS,1
J95.5,Estenosis subglótica consecutiva a procedimientos,J,CIE-10 OPS,1
J95.8,Otros trastornos respiratorios consecutivos a,J,CIE-10 OPS,1
J95.9,"Trastorno no especificado del sistema respiratorio,",J,CIE-10 OPS,1
J96.0,Insuficiencia respiratoria aguda,J,CIE-10 OPS,1
J96.1,Insuficiencia respiratoria crónica,J,CIE-10 OPS,1
J96.9,"Insuficiencia respiratoria, no especificada",J,CIE-10 OPS,1
J98.0,"Enfermedades de la tráquea y de los bronquios, no",J,CIE-10 OPS,1
J98.1,Colapso pulmonar,J,CIE-10 OPS,1
J98.2,Enfisema intersticial,J,CIE-10 OPS,1
J98.3,Enfisema compensatorio,J,CIE-10 OPS,1
J98.4,Otros trastornos del pulmón,J,CIE-10 OPS,1
J98.5,"Enfermedades del mediastino, no clasificadas en otra parte",J,CIE-10 OPS,1
J98.6,Trastornos del diafragma,J,CIE-10 OPS,1
J98.8,Otros trastornos respiratorios especificados,J,CIE-10 OPS,1
J98.9,"Trastorno respiratorio, no especificado",J,CIE-10 OPS,1
K00.0,Anodoncia,K,CIE-10 OPS,1
K00.1,Dientes supernumerarios,K,CIE-10 OPS,1
K00.2,Anomalías del tamaño y de la forma del diente,K,CIE-10 OPS,1
K00.3,Dientes moteados,K,CIE-10 OPS,1
K00.4,Alteraciones en la formación dentaria,K,CIE-10 OPS,1
K00.5,"Alteraciones hereditarias de la estructura dentaria, no",K,CIE-10 OPS,1
K00.6,Alteraciones en la erupción dentaria,K,CIE-10 OPS,1
K00.7,Síndrome de la erupción dentaria,K,CIE-10 OPS,1
K00.8,Otros trastornos del desarrollo de los dientes,K,CIE-10 OPS,1
K00.9,"Trastorno del desarrollo de los dientes, no especificado",K,CIE-10 OPS,1
K01.0,Dientes incluidos,K,CIE-10 OPS,1
K01.1,Dientes impactados,K,CIE-10 OPS,1
K02.0,Caries limitada al esmalte,K,CIE-10 OPS,1
K02.1,Caries de la dentina,K,CIE-10 OPS,1
K02.2,Caries del cemento,K,CIE-10 OPS,1
K02.3,Caries dentaria detenida,K,CIE-10 OPS,1
K02.4,Odontoclasia,K,CIE-10 OPS,1
K02.8,Otras caries dentales,K,CIE-10 OPS,1
K02.9,"Caries dental, no especificada",K,CIE-10 OPS,1
K03.0,Atrición excesiva de los dientes,K,CIE-10 OPS,1
K03.1,Abrasión de los dientes,K,CIE-10 OPS,1
K03.2,Erosión de los dientes,K,CIE-10 OPS,1
K03.3,Reabsorción patológica de los dientes,K,CIE-10 OPS,1
K03.4,Hipercementosis,K,CIE-10 OPS,1
K03.5,Anquilosis dental,K,CIE-10 OPS,1
K03.6,Depósitos [acreciones] en los dientes,K,CIE-10 OPS,1
K03.7,Cambios posteruptivos del color de los tejidos dentales,K,CIE-10 OPS,1
K03.8,Otras enfermedades especificadas de los tejidos duros de,K,CIE-10 OPS,1
K03.9,Enfermedad no especificada de los tejidos dentales duros,K,CIE-10 OPS,1
K04.0,Pulpitis,K,CIE-10 OPS,1
K04.1,Necrosis de la pulpa,K,CIE-10 OPS,1
K04.2,Degeneración de la pulpa,K,CIE-10 OPS,1
K04.3,Formación anormal de tejido duro en la pulpa,K,CIE-10 OPS,1
K04.4,Periodontitis apical aguda originada en la pulpa,K,CIE-10 OPS,1
K04.5,Periodontitis apical crónica,K,CIE-10 OPS,1
K04.6,Absceso periapical con fístula,K,CIE-10 OPS,1
K04.7,Absceso periapical sin fístula,K,CIE-10 OPS,1
K04.8,Quiste radicular,K,CIE-10 OPS,1
K04.9,Otras enfermedades y las no especificadas de la pulpa y,K,CIE-10 OPS,1
K05.0,Gingivitis aguda,K,CIE-10 OPS,1
K05.1,Gingivitis crónica,K,CIE-10 OPS,1
K05.2,Periodontitis aguda,K,CIE-10 OPS,1
K05.3,Periodontitis crónica,K,CIE-10 OPS,1
K05.4,Periodontosis,K,CIE-10 OPS,1
K05.5,Otras enfermedades periodontales,K,CIE-10 OPS,1
K05.6,"Enfermedad del periodonto, no especificada",K,CIE-10 OPS,1
K06.0,Retracción gingival,K,CIE-10 OPS,1
K06.1,Hiperplasia gingival,K,CIE-10 OPS,1
K06.2,Lesiones de la encía y de la zona edéntula asociadas con,K,CIE-10 OPS,1
K06.8,Otros trastornos especificados de la encía y de la zona,K,CIE-10 OPS,1
K06.9,Trastorno no especificado de la encía y de la zona edéntula,K,CIE-10 OPS,1
K07.0,Anomalías evidentes del tamaño de los maxilares,K,CIE-10 OPS,1
K07.1,Anomalías de la relación maxilobasilar,K,CIE-10 OPS,1
K07.2,Anomalías de la relación entre los arcos dentarios,K,CIE-10 OPS,1
K07.3,Anomalías de la posición del diente,K,CIE-10 OPS,1
K07.4,Maloclusión de tipo no especificado,K,CIE-10 OPS,1
K07.5,Anomalías dentofaciales funcionales,K,CIE-10 OPS,1
K07.6,Trastornos de la articulación temporomaxilar,K,CIE-10 OPS,1
K07.8,Otras anomalías dentofaciales,K,CIE-10 OPS,1
K07.9,"Anomalía dentofacial, no especificada",K,CIE-10 OPS,1
K08.0,Exfoliación de los dientes debida a causas sistémicas,K,CIE-10 OPS,1
K08.1,"Pérdida de dientes debida a accidente, extracción o",K,CIE-10 OPS,1
K08.2,Atrofia del reborde alveolar desdentado,K,CIE-10 OPS,1
K08.3,Raíz dental retenida,K,CIE-10 OPS,1
K08.8,Otras afecciones especificadas de los dientes y de sus,K,CIE-10 OPS,1
K08.9,"Trastorno de los dientes y de sus estructuras de sostén, no",K,CIE-10 OPS,1
K09.0,Quistes originados por el desarrollo de los dientes,K,CIE-10 OPS,1
K09.1,Quistes de las fisuras (no odontogénicos),K,CIE-10 OPS,1
K09.2,Otros quistes de los maxilares,K,CIE-10 OPS,1
K09.8,"Otros quistes de la región bucal, no clasificados en otra",K,CIE-10 OPS,1
K09.9,"Quiste de la región bucal, sin otra especificación",K,CIE-10 OPS,1
K10.0,Trastornos del desarrollo de los maxilares,K,CIE-10 OPS,1
K10.1,Granuloma central de células gigantes,K,CIE-10 OPS,1
K10.2,Afecciones inflamatorias de los maxilares,K,CIE-10 OPS,1
K10.3,Alveolitis del maxilar,K,CIE-10 OPS,1
K10.8,Otras enfermedades especificadas de los maxilares,K,CIE-10 OPS,1
K10.9,"Enfermedad de los maxilares, no especificada",K,CIE-10 OPS,1
K11.0,Atrofia de glándula salival,K,CIE-10 OPS,1
K11.1,Hipertrofia de glándula salival,K,CIE-10 OPS,1
K11.2,Sialadenitis,K,CIE-10 OPS,1
K11.3,Absceso de glándula salival,K,CIE-10 OPS,1
K11.4,Fístula de glándula salival,K,CIE-10 OPS,1
K11.5,Sialolitiasis,K,CIE-10 OPS,1
K11.6,Mucocele de glándula salival,K,CIE-10 OPS,1
K11.7,Alteraciones de la secreción salival,K,CIE-10 OPS,1
K11.8,Otras enfermedades de las glándulas salivales,K,CIE-10 OPS,1
K11.9,"Enfermedad de glándula salival, no especificada",K,CIE-10 OPS,1
K12.0,Estomatitis aftosa recurrente,K,CIE-10 OPS,1
K12.1,Otras formas de estomatitis,K,CIE-10 OPS,1
K12.2,Celulitis y absceso de boca,K,CIE-10 OPS,1
K13.0,Enfermedades de los labios,K,CIE-10 OPS,1
K13.1,Mordedura del labio y de la mejilla,K,CIE-10 OPS,1
K13.2,"Leucoplasia y otras alteraciones del epitelio bucal,",K,CIE-10 OPS,1
K13.3,Leucoplasia pilosa,K,CIE-10 OPS,1
K13.4,Granuloma y lesiones semejantes de la mucosa bucal,K,CIE-10 OPS,1
K13.5,Fibrosis de la submucosa bucal,K,CIE-10 OPS,1
K13.6,Hiperplasia irrritativa de la mucosa bucal,K,CIE-10 OPS,1
K13.7,Otras lesiones y las no especificadas de la mucosa bucal,K,CIE-10 OPS,1
K14.0,Glositis,K,CIE-10 OPS,1
K14.1,Lengua geográfica,K,CIE-10 OPS,1
K14.2,Glositis romboidea mediana,K,CIE-10 OPS,1
K14.3,Hipertrofia de las papilas linguales,K,CIE-10 OPS,1
K14.4,Atrofia de las papilas linguales,K,CIE-10 OPS,1
K14.5,Lengua plegada,K,CIE-10 OPS,1
K14.6,Glosodinia,K,CIE-10 OPS,1
K14.8,Otras enfermedades de la lengua,K,CIE-10 OPS,1
K14.9,"Enfermedad de la lengua, no especificada",K,CIE-10 OPS,1
K21.0,Enfermedad del reflujo gastroesofágico con esofagitis,K,CIE-10 OPS,1
K21.9,Enfermedad del reflujo gastroesofágico sin esofagitis,K,CIE-10 OPS,1
K22.0,Acalasia del cardias,K,CIE-10 OPS,1
K22.1,Úlcera del esófago,K,CIE-10 OPS,1
K22.2,Obstrucción del esófago,K,CIE-10 OPS,1
K22.3,Perforación del esófago,K,CIE-10 OPS,1
K22.4,Disquinesia del esófago,K,CIE-10 OPS,1
K22.5,"Divertículo del esófago, adquirido",K,CIE-10 OPS,1
K22.6,Síndrome de laceración y hemorragia gastroesofágicas,K,CIE-10 OPS,1
K22.7,Esófago de Barrett,K,CIE-10 OPS,1
K22.8,Otras enfermedades especificadas del esófago,K,CIE-10 OPS,1
K22.9,"Enfermedad del esófago, no especificada",K,CIE-10 OPS,1
K29.0,Gastritis aguda hemorrágica,K,CIE-10 OPS,1
K29.1,Otras gastritis agudas,K,CIE-10 OPS,1
K29.2,Gastritis alcohólica,K,CIE-10 OPS,1
K29.3,Gastritis crónica superficial,K,CIE-10 OPS,1
K29.4,Gastritis crónica atrófica,K,CIE-10 OPS,1
K29.5,"Gastritis crónica, no especificada",K,CIE-10 OPS,1
K29.6,Otras gastritis,K,CIE-10 OPS,1
K29.7,"Gastritis, no especificada",K,CIE-10 OPS,1
K29.8,Duodenitis,K,CIE-10 OPS,1
K29.9,"Gastroduodenitis, no especificada",K,CIE-10 OPS,1
K31.0,Dilatación aguda del estómago,K,CIE-10 OPS,1
K31.1,Estenosis pilórica hipertrófica del adulto,K,CIE-10 OPS,1
K31.2,Estrechez o estenosis del estómago en reloj de arena,K,CIE-10 OPS,1
K31.3,"Espasmo del píloro, no clasificado en otra parte",K,CIE-10 OPS,1
K31.4,Divertículo gástrico,K,CIE-10 OPS,1
K31.5,Obstrucción del duodeno,K,CIE-10 OPS,1
K31.6,Fístula del estómago y del duodeno,K,CIE-10 OPS,1
K31.7,Pólipo del estómago y del duodeno,K,CIE-10 OPS,1
K31.8,Otras enfermedades especificadas del estómago y del,K,CIE-10 OPS,1
K31.9,"Enfermedad del estómago y del duodeno, no especificada",K,CIE-10 OPS,1
K35.0,Apendicitis aguda con peritonitis generalizada,K,CIE-10 OPS,1
K35.1,Apendicitis aguda con absceso peritoneal,K,CIE-10 OPS,1
K35.9,"Apendicitis aguda, no especificada",K,CIE-10 OPS,1
K38.0,Hiperplasia del apéndice,K,CIE-10 OPS,1
K38.1,Concreciones apendiculares,K,CIE-10 OPS,1
K38.2,Divertículo del apéndice,K,CIE-10 OPS,1
K38.3,Fístula del apéndice,K,CIE-10 OPS,1
K38.8,Otras enfermedades especificadas del apéndice,K,CIE-10 OPS,1
K38.9,"Enfermedad del apéndice, no especificada",K,CIE-10 OPS,1
K40.0,"Hernia inguinal bilateral con obstrucción, sin gangrena",K,CIE-10 OPS,1
K40.1,"Hernia inguinal bilateral, con gangrena",K,CIE-10 OPS,1
K40.2,"Hernia inguinal bilateral, sin obstrucción ni gangrena",K,CIE-10 OPS,1
K40.3,"Hernia inguinal unilateral o no especificada, con",K,CIE-10 OPS,1
K40.4,"Hernia inguinal unilateral o no especificada, con gangrena",K,CIE-10 OPS,1
K40.9,"Hernia inguinal unilateral o no especificada, sin",K,CIE-10 OPS,1
K41.0,"Hernia femoral bilateral, con obstrucción, sin gangrena",K,CIE-10 OPS,1
K41.1,"Hernia femoral bilateral, con gangrena",K,CIE-10 OPS,1
K41.2,"Hernia femoral bilateral, sin obstrucción ni gangrena",K,CIE-10 OPS,1
K41.3,"Hernia femoral unilateral o no especificada, con",K,CIE-10 OPS,1
K41.4,"Hernia femoral unilateral o no especificada, con gangrena",K,CIE-10 OPS,1
K41.9,"Hernia femoral unilateral o no especificada, sin obstrucción",K,CIE-10 OPS,1
K42.0,"Hernia umbilical con obstrucción, sin gangrena",K,CIE-10 OPS,1
K42.1,Hernia umbilical con gangrena,K,CIE-10 OPS,1
K42.9,Hernia umbilical sin obstrucción ni gangrena,K,CIE-10 OPS,1
K43.0,"Hernia ventral con obstrucción, sin gangrena",K,CIE-10 OPS,1
K43.1,Hernia ventral con gangrena,K,CIE-10 OPS,1
K43.9,Hernia ventral sin obstrucción ni gangrena,K,CIE-10 OPS,1
K44.0,"Hernia diafragmática con obstrucción, sin gangrena",K,CIE-10 OPS,1
K44.1,Hernia diafragmática con gangrena,K,CIE-10 OPS,1
K44.9,Hernia diafragmática sin obstrucción ni gangrena,K,CIE-10 OPS,1
K45.0,"Otras hernias de la cavidad abdominal especificadas, con",K,CIE-10 OPS,1
K45.1,"Otras hernias de la cavidad abdominal especificadas, con",K,CIE-10 OPS,1
K45.8,"Otras hernias de la cavidad abdominal especificadas, sin",K,CIE-10 OPS,1
K46.0,"Hernia abdominal no especificada, con obstrucción, sin",K,CIE-10 OPS,1
K46.1,"Hernia abdominal no especificada, con gangrena",K,CIE-10 OPS,1
K46.9,"Hernia abdominal no especificada, sin obstrucción ni",K,CIE-10 OPS,1
K50.0,Enfermedad de Crohn del intestino delgado,K,CIE-10 OPS,1
K50.1,Enfermedad de Crohn del intestino grueso,K,CIE-10 OPS,1
K50.8,Otros tipos de enfermedad de Crohn,K,CIE-10 OPS,1
K50.9,"Enfermedad de Crohn, no especificada",K,CIE-10 OPS,1
K51.0,Enterocolitis (crónica) ulcerativa,K,CIE-10 OPS,1
K51.1,Ileocolitis (crónica) ulcerativa,K,CIE-10 OPS,1
K51.2,Proctitis (crónica) ulcerativa,K,CIE-10 OPS,1
K51.3,Rectosigmoiditis (crónica) ulcerativa,K,CIE-10 OPS,1
K51.4,Seudopoliposis del colon,K,CIE-10 OPS,1
K51.5,Proctocolitis mucosa,K,CIE-10 OPS,1
K51.8,Otras colitis ulcerativas,K,CIE-10 OPS,1
K51.9,"Colitis ulcerativa, sin otra especificación",K,CIE-10 OPS,1
K52.0,Colitis y gastroenteritis debidas a radiación,K,CIE-10 OPS,1
K52.1,Colitis y gastroenteritis tóxicas,K,CIE-10 OPS,1
K52.2,Colitis y gastroenteritis alérgicas y dietéticas,K,CIE-10 OPS,1
K52.8,Otras colitis y gastroenteritis no infecciosas especificadas,K,CIE-10 OPS,1
K52.9,"Colitis y gastroenteritis no infecciosas, no especificadas",K,CIE-10 OPS,1
K55.0,Trastorno vascular agudo de los intestinos,K,CIE-10 OPS,1
K55.1,Trastorno vascular crónico del intestino,K,CIE-10 OPS,1
K55.2,Angiodisplasia del colon,K,CIE-10 OPS,1
K55.8,Otros trastornos vasculares del intestino,K,CIE-10 OPS,1
K55.9,"Trastorno vascular del intestino, no especificado",K,CIE-10 OPS,1
K56.0,Íleo paralítico,K,CIE-10 OPS,1
K56.1,Invaginación,K,CIE-10 OPS,1
K56.2,Vólvulo,K,CIE-10 OPS,1
K56.3,Íleo por cálculo biliar,K,CIE-10 OPS,1
K56.4,Otras obstrucciones del intestino,K,CIE-10 OPS,1
K56.5,Adherencias [bridas] intestinales con obstrucción,K,CIE-10 OPS,1
K56.6,Otras obstrucciones intestinales y las no especificadas,K,CIE-10 OPS,1
K56.7,"Íleo, no especificado",K,CIE-10 OPS,1
K57.0,Enfermedad diverticular del intestino delgado con,K,CIE-10 OPS,1
K57.1,Enfermedad diverticular del intestino delgado sin,K,CIE-10 OPS,1
K57.2,Enfermedad diverticular del intestino grueso con,K,CIE-10 OPS,1
K57.3,Enfermedad diverticular del intestino grueso sin,K,CIE-10 OPS,1
K57.4,Enfermedad diverticular de ambos intestinos con,K,CIE-10 OPS,1
K57.5,"Enfermedad diverticular de ambos intestinos, sin",K,CIE-10 OPS,1
K57.8,"Enfermedad diverticular del intestino, parte no",K,CIE-10 OPS,1
K57.9,"Enfermedad diverticular del intestino, parte no",K,CIE-10 OPS,1
K58.0,Síndrome del colon irritable con diarrea,K,CIE-10 OPS,1
K58.9,Síndrome del colon irritable sin diarrea,K,CIE-10 OPS,1
K59.0,Constipación,K,CIE-10 OPS,1
K59.1,Diarrea funcional,K,CIE-10 OPS,1
K59.2,"Intestino neurogénico, no clasificado en otra parte",K,CIE-10 OPS,1
K59.3,"Megacolon, no clasificado en otra parte",K,CIE-10 OPS,1
K59.4,Espasmo anal,K,CIE-10 OPS,1
K59.8,Otros trastornos funcionales especificados del intestino,K,CIE-10 OPS,1
K59.9,"Trastorno funcional intestinal, no especificado",K,CIE-10 OPS,1
K60.0,Fisura anal aguda,K,CIE-10 OPS,1
K60.1,Fisura anal crónica,K,CIE-10 OPS,1
K60.2,"Fisura anal, no especificada",K,CIE-10 OPS,1
K60.3,Fístula anal,K,CIE-10 OPS,1
K60.4,Fístula rectal,K,CIE-10 OPS,1
K60.5,Fístula anorrectal,K,CIE-10 OPS,1
K61.0,Absceso anal,K,CIE-10 OPS,1
K61.1,Absceso rectal,K,CIE-10 OPS,1
K61.2,Absceso anorrectal,K,CIE-10 OPS,1
K61.3,Absceso isquiorrectal,K,CIE-10 OPS,1
K61.4,Absceso intraesfinteriano,K,CIE-10 OPS,1
K62.0,Pólipo anal,K,CIE-10 OPS,1
K62.1,Pólipo rectal,K,CIE-10 OPS,1
K62.2,Prolapso anal,K,CIE-10 OPS,1
K62.3,Prolapso rectal,K,CIE-10 OPS,1
K62.4,Estenosis del ano y del recto,K,CIE-10 OPS,1
K62.5,Hemorragia del ano y del recto,K,CIE-10 OPS,1
K62.6,Úlcera del ano y del recto,K,CIE-10 OPS,1
K62.7,Proctitis por radiación,K,CIE-10 OPS,1
K62.8,Otras enfermedades especificadas del ano y del recto,K,CIE-10 OPS,1
K62.9,"Enfermedad del ano y del recto, no especificada",K,CIE-10 OPS,1
K63.0,Absceso del intestino,K,CIE-10 OPS,1
K63.1,Perforación del intestino (no traumática),K,CIE-10 OPS,1
K63.2,Fístula del intestino,K,CIE-10 OPS,1
K63.3,Úlcera del intestino,K,CIE-10 OPS,1
K63.4,Enteroptosis,K,CIE-10 OPS,1
K63.5,Pólipo del colon,K,CIE-10 OPS,1
K63.8,Otras enfermedades especificadas del intestino,K,CIE-10 OPS,1
K63.9,"Enfermedad del intestino, no especificada",K,CIE-10 OPS,1
K65.0,Peritonitis aguda,K,CIE-10 OPS,1
K65.8,Otras peritonitis,K,CIE-10 OPS,1
K65.9,"Peritonitis, no especificada",K,CIE-10 OPS,1
K66.0,Adherencias peritoneales,K,CIE-10 OPS,1
K66.1,Hemoperitoneo,K,CIE-10 OPS,1
K66.8,Otros trastornos especificados del peritoneo,K,CIE-10 OPS,1
K66.9,"Trastorno del peritoneo, no especificado",K,CIE-10 OPS,1
K70.0,Hígado alcohólico adiposo,K,CIE-10 OPS,1
K70.1,Hepatitis alcohólica,K,CIE-10 OPS,1
K70.2,"Fibrosis y esclerosis del hígado, alcohólica",K,CIE-10 OPS,1
K70.3,Cirrosis hepática alcohólica,K,CIE-10 OPS,1
K70.4,Insuficiencia hepática alcohólica,K,CIE-10 OPS,1
K70.9,"Enfermedad hepática alcohólica, no especificada",K,CIE-10 OPS,1
K71.0,"Enfermedad tóxica del hígado, con colestasis",K,CIE-10 OPS,1
K71.1,Enfermedad tóxica del hígado con necrosis hepática,K,CIE-10 OPS,1
K71.2,Enfermedad tóxica del hígado con hepatitis aguda,K,CIE-10 OPS,1
K71.3,Enfermedad tóxica del hígado con hepatitis crónica,K,CIE-10 OPS,1
K71.4,Enfermedad tóxica del hígado con hepatitis crónica lobular,K,CIE-10 OPS,1
K71.5,Enfermedad tóxica del hígado con hepatitis crónica activa,K,CIE-10 OPS,1
K71.6,Enfermedad tóxica del hígado con hepatitis no clasificada,K,CIE-10 OPS,1
K71.7,Enfermedad tóxica del hígado con cirrosis y fibrosis del,K,CIE-10 OPS,1
K71.8,Enfermedad tóxica del hígado con otros trastornos,K,CIE-10 OPS,1
K71.9,"Enfermedad tóxica del hígado, no especificada",K,CIE-10 OPS,1
K72.0,Insuficiencia hepática aguda o subaguda,K,CIE-10 OPS,1
K72.1,Insuficiencia hepática crónica,K,CIE-10 OPS,1
K72.9,"Insuficiencia hepática, no especificada",K,CIE-10 OPS,1
K73.0,"Hepatitis crónica persistente, no clasificada en otra parte",K,CIE-10 OPS,1
K73.1,"Hepatitis crónica lobular, no clasificada en otra parte",K,CIE-10 OPS,1
K73.2,"Hepatitis crónica activa, no clasificada en otra parte",K,CIE-10 OPS,1
K73.8,"Otras hepatitis crónicas, no clasificadas en otra parte",K,CIE-10 OPS,1
K73.9,"Hepatitis crónica, no especificada",K,CIE-10 OPS,1
K74.0,Fibrosis hepática,K,CIE-10 OPS,1
K74.1,Esclerosis hepática,K,CIE-10 OPS,1
K74.2,Fibrosis hepática con esclerosis hepática,K,CIE-10 OPS,1
K74.3,Cirrosis biliar primaria,K,CIE-10 OPS,1
K74.4,Cirrosis biliar secundaria,K,CIE-10 OPS,1
K74.5,"Cirrosis biliar, no especificada",K,CIE-10 OPS,1
K74.6,Otras cirrosis del hígado y las no especificadas,K,CIE-10 OPS,1
K75.0,Absceso del hígado,K,CIE-10 OPS,1
K75.1,Flebitis de la vena porta,K,CIE-10 OPS,1
K75.2,Hepatitis reactiva no específica,K,CIE-10 OPS,1
K75.3,"Hepatitis granulomatosa, no clasificada en otra parte",K,CIE-10 OPS,1
K75.4,Hepatitis autoinmune,K,CIE-10 OPS,1
K75.8,"Otras enfermedades inflamatorias del hígado, especificadas",K,CIE-10 OPS,1
K75.9,"Enfermedad inflamatoria del hígado, no especificada",K,CIE-10 OPS,1
K76.0,"Degeneración grasa del hígado, no clasificada en otra parte",K,CIE-10 OPS,1
K76.1,Congestión pasiva crónica del hígado,K,CIE-10 OPS,1
K76.2,Necrosis hemorrágica central del hígado,K,CIE-10 OPS,1
K76.3,Infarto del hígado,K,CIE-10 OPS,1
K76.4,Peliosis hepática,K,CIE-10 OPS,1
K76.5,Enfermedad veno–oclusiva del hígado,K,CIE-10 OPS,1
K76.6,Hipertensión portal,K,CIE-10 OPS,1
K76.7,Síndrome hepatorrenal,K,CIE-10 OPS,1
K76.8,Otras enfermedades especificadas del hígado,K,CIE-10 OPS,1
K76.9,"Enfermedad del hígado, no especificada",K,CIE-10 OPS,1
K80.0,Cálculo de la vesícula biliar con colecistitis aguda,K,CIE-10 OPS,1
K80.1,Cálculo de la vesícula biliar con otra colecistitis,K,CIE-10 OPS,1
K80.2,Cálculo de la vesícula biliar sin colecistitis,K,CIE-10 OPS,1
K80.3,Cálculo de conducto biliar con colangitis,K,CIE-10 OPS,1
K80.4,Cálculo de conducto biliar con colecistitis,K,CIE-10 OPS,1
K80.5,Cálculo de conducto biliar sin colangitis ni colecistitis,K,CIE-10 OPS,1
K80.8,Otras colelitiasis,K,CIE-10 OPS,1
K81.0,Colecistitis aguda,K,CIE-10 OPS,1
K81.1,Colecistitis crónica,K,CIE-10 OPS,1
K81.8,Otras colecistitis,K,CIE-10 OPS,1
K81.9,"Colecistitis, no especificada",K,CIE-10 OPS,1
K82.0,Obstrucción de la vesícula biliar,K,CIE-10 OPS,1
K82.1,Hidropesía de la vesícula biliar,K,CIE-10 OPS,1
K82.2,Perforación de la vesícula biliar,K,CIE-10 OPS,1
K82.3,Fístula de la vesícula biliar,K,CIE-10 OPS,1
K82.4,Colesterolosis de la vesícula biliar,K,CIE-10 OPS,1
K82.8,Otras enfermedades especificadas de la vesícula biliar,K,CIE-10 OPS,1
K82.9,"Enfermedad de la vesícula biliar, no especificada",K,CIE-10 OPS,1
K83.0,Colangitis,K,CIE-10 OPS,1
K83.1,Obstrucción del conducto biliar,K,CIE-10 OPS,1
K83.2,Perforación del conducto biliar,K,CIE-10 OPS,1
K83.3,Fístula del conducto biliar,K,CIE-10 OPS,1
K83.4,Espasmo del esfínter de Oddi,K,CIE-10 OPS,1
K83.5,Quiste biliar,K,CIE-10 OPS,1
K83.8,Otras enfermedades especificadas de las vías biliares,K,CIE-10 OPS,1
K83.9,"Enfermedad de las vías biliares, no especificada",K,CIE-10 OPS,1
K85.0,Pancreatitis idiopática aguda,K,CIE-10 OPS,1
K85.1,Pancreatitis biliar aguda,K,CIE-10 OPS,1
K85.2,Pancreatitis aguda inducida por alcohol,K,CIE-10 OPS,1
K85.3,Pancreatitis aguda inducida por drogas,K,CIE-10 OPS,1
K85.8,Otras pancreatitis agudas,K,CIE-10 OPS,1
K85.9,"Pancreatitis aguda, no especificada",K,CIE-10 OPS,1
K86.0,Pancreatitis crónica inducida por el alcohol,K,CIE-10 OPS,1
K86.1,Otras pancreatitis crónicas,K,CIE-10 OPS,1
K86.2,Quiste del páncreas,K,CIE-10 OPS,1
K86.3,Seudoquiste del páncreas,K,CIE-10 OPS,1
K86.8,Otras enfermedades especificadas del páncreas,K,CIE-10 OPS,1
K86.9,"Enfermedad del páncreas, no especificada",K,CIE-10 OPS,1
K90.0,Enfermedad celíaca,K,CIE-10 OPS,1
K90.1,Esprue tropical,K,CIE-10 OPS,1
K90.2,"Síndrome del asa ciega, no clasificado en otra parte",K,CIE-10 OPS,1
K90.3,Esteatorrea pancreática,K,CIE-10 OPS,1
K90.4,"Malabsorción debida a intolerancia, no clasificada en otra",K,CIE-10 OPS,1
K90.8,Otros tipos de malabsorción intestinal,K,CIE-10 OPS,1
K90.9,"Malabsorción intestinal, no especificada",K,CIE-10 OPS,1
K91.0,Vómito postcirugía gastrointestinal,K,CIE-10 OPS,1
K91.1,Síndromes consecutivos a la cirugía gástrica,K,CIE-10 OPS,1
K91.2,"Malabsorción postquirúrgica, no clasificada en otra parte",K,CIE-10 OPS,1
K91.3,Obstrucción intestinal postoperatoria,K,CIE-10 OPS,1
K91.4,Disfunción de colostomía o enterostomía,K,CIE-10 OPS,1
K91.5,Síndrome postcolecistectomía,K,CIE-10 OPS,1
K91.8,Otros trastornos del sistema digestivo consecutivos a,K,CIE-10 OPS,1
K91.9,Trastorno no especificado del sistema digestivo,K,CIE-10 OPS,1
K92.0,Hematemesis,K,CIE-10 OPS,1
K92.1,Melena,K,CIE-10 OPS,1
K92.2,"Hemorragia gastrointestinal, no especificada",K,CIE-10 OPS,1
K92.8,Otras enfermedades especificadas del sistema digestivo,K,CIE-10 OPS,1
K92.9,"Enfermedad del sistema digestivo, no especificada",K,CIE-10 OPS,1
L01.0,Impétigo [cualquier sitio anatómico] [cualquier organismo],L,CIE-10 OPS,1
L01.1,Impetiginización de otras dermatosis,L,CIE-10 OPS,1
L02.0,"Absceso cutáneo, furúnculo y carbunco de la cara",L,CIE-10 OPS,1
L02.1,"Absceso cutáneo, furúnculo y carbunco del cuello",L,CIE-10 OPS,1
L02.2,"Absceso cutáneo, furúnculo y carbunco del tronco",L,CIE-10 OPS,1
L02.3,"Absceso cutáneo, furúnculo y carbunco de glúteos",L,CIE-10 OPS,1
L02.4,"Absceso cutáneo, furúnculo y carbunco de miembro",L,CIE-10 OPS,1
L02.8,"Absceso cutáneo, furúnculo y carbunco de otros sitios",L,CIE-10 OPS,1
L02.9,"Absceso cutáneo, furúnculo y carbunco de sitio no",L,CIE-10 OPS,1
L03.0,Celulitis de los dedos de la mano y del pie,L,CIE-10 OPS,1
L03.1,Celulitis de otras partes de los miembros,L,CIE-10 OPS,1
L03.2,Celulitis de la cara,L,CIE-10 OPS,1
L03.3,Celulitis del tronco,L,CIE-10 OPS,1
L03.8,Celulitis de otros sitios,L,CIE-10 OPS,1
L03.9,Celulitis de sitio no especificado,L,CIE-10 OPS,1
L04.0,"Linfadenitis aguda de cara, cabeza y cuello",L,CIE-10 OPS,1
L04.1,Linfadenitis aguda del tronco,L,CIE-10 OPS,1
L04.2,Linfadenitis aguda del miembro superior,L,CIE-10 OPS,1
L04.3,Linfadenitis aguda del miembro inferior,L,CIE-10 OPS,1
L04.8,Linfadenitis aguda de otros sitios,L,CIE-10 OPS,1
L04.9,Linfadenitis aguda de sitio no especificado,L,CIE-10 OPS,1
L05.0,Quiste pilonidal con absceso,L,CIE-10 OPS,1
L05.9,Quiste pilonidal sin absceso,L,CIE-10 OPS,1
L08.0,Pioderma,L,CIE-10 OPS,1
L08.1,Eritrasma,L,CIE-10 OPS,1
L08.8,Otras infecciones locales especificadas de la piel y del,L,CIE-10 OPS,1
L08.9,"Infección local de la piel y del tejido subcutáneo, no",L,CIE-10 OPS,1
L10.0,Pénfigo vulgar,L,CIE-10 OPS,1
L10.1,Pénfigo vegetante,L,CIE-10 OPS,1
L10.2,Pénfigo foliáceo,L,CIE-10 OPS,1
L10.3,Pénfigo brasileño [fogo selvagem],L,CIE-10 OPS,1
L10.4,Pénfigo eritematoso,L,CIE-10 OPS,1
L10.5,Pénfigo inducido por drogas,L,CIE-10 OPS,1
L10.8,Otros pénfigos,L,CIE-10 OPS,1
L10.9,"Pénfigo, no especificado",L,CIE-10 OPS,1
L11.0,Queratosis folicular adquirida,L,CIE-10 OPS,1
L11.1,Dermatosis acantolítica transitoria [Grover],L,CIE-10 OPS,1
L11.8,Otros trastornos acantolíticos especificados,L,CIE-10 OPS,1
L11.9,"Trastorno acantolítico, no especificado",L,CIE-10 OPS,1
L12.0,Penfigoide flictenular,L,CIE-10 OPS,1
L12.1,Penfigoide cicatricial,L,CIE-10 OPS,1
L12.2,Enfermedad flictenular crónica de la infancia,L,CIE-10 OPS,1
L12.3,Epidermólisis bullosa adquirida,L,CIE-10 OPS,1
L12.8,Otros penfigoides,L,CIE-10 OPS,1
L12.9,"Penfigoide, no especificado",L,CIE-10 OPS,1
L13.0,Dermatitis herpetiforme,L,CIE-10 OPS,1
L13.1,Dermatitis pustulosa subcorneal,L,CIE-10 OPS,1
L13.8,Otros trastornos flictenulares especificados,L,CIE-10 OPS,1
L13.9,"Trastorno flictenular, no especificado",L,CIE-10 OPS,1
L20.0,Prurigo de Besnier,L,CIE-10 OPS,1
L20.8,Otras dermatitis atópicas,L,CIE-10 OPS,1
L20.9,"Dermatitis atópica, no especificada",L,CIE-10 OPS,1
L21.0,Seborrea capitis,L,CIE-10 OPS,1
L21.1,Dermatitis seborreica infantil,L,CIE-10 OPS,1
L21.8,Otras dermatitis seborreicas,L,CIE-10 OPS,1
L21.9,"Dermatitis seborreica, no especificada",L,CIE-10 OPS,1
L23.0,Dermatitis alérgica de contacto debida a metales,L,CIE-10 OPS,1
L23.1,Dermatitis alérgica de contacto debida a adhesivos,L,CIE-10 OPS,1
L23.2,Dermatitis alérgica de contacto debida a cosméticos,L,CIE-10 OPS,1
L23.3,Dermatitis alérgica de contacto debida a drogas en,L,CIE-10 OPS,1
L23.4,Dermatitis alérgica de contacto debida a colorantes,L,CIE-10 OPS,1
L23.5,Dermatitis alérgica de contacto debida a otros productos,L,CIE-10 OPS,1
L23.6,Dermatitis alérgica de contacto debida a alimentos en,L,CIE-10 OPS,1
L23.7,"Dermatitis alérgica de contacto debida a plantas, excepto",L,CIE-10 OPS,1
L23.8,Dermatitis alérgica de contacto debida a otros agentes,L,CIE-10 OPS,1
L23.9,"Dermatitis alérgica de contacto, de causa no especificada",L,CIE-10 OPS,1
L24.0,"Dermatitis de contacto por irritantes, debida a detergentes",L,CIE-10 OPS,1
L24.1,"Dermatitis de contacto por irritantes, debida a aceites y",L,CIE-10 OPS,1
L24.2,"Dermatitis de contacto por irritantes, debida a disolventes",L,CIE-10 OPS,1
L24.3,"Dermatitis de contacto por irritantes, debida a cosméticos",L,CIE-10 OPS,1
L24.4,"Dermatitis de contacto por irritantes, debida a drogas en",L,CIE-10 OPS,1
L24.5,"Dermatitis de contacto por irritantes, debida a otros",L,CIE-10 OPS,1
L24.6,"Dermatitis de contacto por irritantes, debida a alimentos en",L,CIE-10 OPS,1
L24.7,"Dermatitis de contacto por irritantes, debida a plantas,",L,CIE-10 OPS,1
L24.8,"Dermatitis de contacto por irritantes, debida a otros",L,CIE-10 OPS,1
L24.9,"Dermatitis de contacto por irritantes, de causa no",L,CIE-10 OPS,1
L25.0,"Dermatitis de contacto, forma no especificada, debida a",L,CIE-10 OPS,1
L25.1,"Dermatitis de contacto, forma no especificada, debida a",L,CIE-10 OPS,1
L25.2,"Dermatitis de contacto, forma no especificada, debida a",L,CIE-10 OPS,1
L25.3,"Dermatitis de contacto, forma no especificada, debida a",L,CIE-10 OPS,1
L25.4,"Dermatitis de contacto, forma no especificada, debida a",L,CIE-10 OPS,1
L25.5,"Dermatitis de contacto, forma no especificada, debida a",L,CIE-10 OPS,1
L25.8,"Dermatitis de contacto, forma no especificada, debida a",L,CIE-10 OPS,1
L25.9,"Dermatitis de contacto, forma y causa no especificadas",L,CIE-10 OPS,1
L27.0,Erupción cutánea generalizada debida a drogas y,L,CIE-10 OPS,1
L27.1,Erupción cutánea localizada debida a drogas y,L,CIE-10 OPS,1
L27.2,Dermatitis debida a ingestión de alimentos,L,CIE-10 OPS,1
L27.8,Dermatitis debida a otras sustancias ingeridas,L,CIE-10 OPS,1
L27.9,Dermatitis debida a sustancias ingeridas no especificadas,L,CIE-10 OPS,1
L28.0,Liquen simple crónico,L,CIE-10 OPS,1
L28.1,Prurigo nodular,L,CIE-10 OPS,1
L28.2,Otros prurigos,L,CIE-10 OPS,1
L29.0,Prurito anal,L,CIE-10 OPS,1
L29.1,Prurito escrotal,L,CIE-10 OPS,1
L29.2,Prurito vulvar,L,CIE-10 OPS,1
L29.3,"Prurito anogenital, no especificado",L,CIE-10 OPS,1
L29.8,Otros pruritos,L,CIE-10 OPS,1
L29.9,"Prurito, no especificado",L,CIE-10 OPS,1
L30.0,Dermatitis numular,L,CIE-10 OPS,1
L30.1,Dishidrosis [ponfólix],L,CIE-10 OPS,1
L30.2,Autosensibilización cutánea,L,CIE-10 OPS,1
L30.3,Dermatitis infecciosa,L,CIE-10 OPS,1
L30.4,Eritema intertrigo,L,CIE-10 OPS,1
L30.5,Pitiriasis alba,L,CIE-10 OPS,1
L30.8,Otras dermatitis especificadas,L,CIE-10 OPS,1
L30.9,"Dermatitis, no especificada",L,CIE-10 OPS,1
L40.0,Psoriasis vulgar,L,CIE-10 OPS,1
L40.1,Psoriasis pustulosa generalizada,L,CIE-10 OPS,1
L40.2,Acrodermatitis continua,L,CIE-10 OPS,1
L40.3,Pustulosis palmar y plantar,L,CIE-10 OPS,1
L40.4,Psoriasis guttata,L,CIE-10 OPS,1
L40.8,Otras psoriasis,L,CIE-10 OPS,1
L40.9,"Psoriasis, no especificada",L,CIE-10 OPS,1
L41.0,Pitiriasis liquenoide y varioliforme aguda,L,CIE-10 OPS,1
L41.1,Pitiriasis liquenoide crónica,L,CIE-10 OPS,1
L41.2,Papulosis linfomatoide,L,CIE-10 OPS,1
L41.3,Parapsoriasis en placas pequeñas,L,CIE-10 OPS,1
L41.4,Parapsoriasis en placas grandes,L,CIE-10 OPS,1
L41.5,Parapsoriasis retiforme,L,CIE-10 OPS,1
L41.8,Otras parapsoriasis,L,CIE-10 OPS,1
L41.9,"Parapsoriasis, no especificada",L,CIE-10 OPS,1
L43.0,Liquen plano hipertrófico,L,CIE-10 OPS,1
L43.1,Liquen plano flictenular,L,CIE-10 OPS,1
L43.2,Reacción liquenoide debida a drogas,L,CIE-10 OPS,1
L43.3,Liquen plano subagudo (activo),L,CIE-10 OPS,1
L43.8,Otros líquenes planos,L,CIE-10 OPS,1
L43.9,"Liquen plano, no especificado",L,CIE-10 OPS,1
L44.0,Pitiriasis rubra pilaris,L,CIE-10 OPS,1
L44.1,Liquen nítido,L,CIE-10 OPS,1
L44.2,Liquen estriado,L,CIE-10 OPS,1
L44.3,Liquen rojo moniliforme,L,CIE-10 OPS,1
L44.4,Acrodermatitis papular infantil [Giannotti–Crosti],L,CIE-10 OPS,1
L44.8,Otros trastornos papuloescamosos especificados,L,CIE-10 OPS,1
L44.9,"Trastorno papuloescamoso, no especificado",L,CIE-10 OPS,1
L50.0,Urticaria alérgica,L,CIE-10 OPS,1
L50.1,Urticaria idiopática,L,CIE-10 OPS,1
L50.2,Urticaria debida al calor y al frío,L,CIE-10 OPS,1
L50.3,Urticaria dermatográfica,L,CIE-10 OPS,1
L50.4,Urticaria vibratoria,L,CIE-10 OPS,1
L50.5,Urticaria colinérgica,L,CIE-10 OPS,1
L50.6,Urticaria por contacto,L,CIE-10 OPS,1
L50.8,Otras urticarias,L,CIE-10 OPS,1
L50.9,"Urticaria, no especificada",L,CIE-10 OPS,1
L51.0,Eritema multiforme no flictenular,L,CIE-10 OPS,1
L51.1,Eritema multiforme flictenular,L,CIE-10 OPS,1
L51.2,Necrólisis epidérmica tóxica [Lyell],L,CIE-10 OPS,1
L51.8,Otros eritemas multiformes,L,CIE-10 OPS,1
L51.9,"Eritema multiforme, no especificado",L,CIE-10 OPS,1
L53.0,Eritema tóxico,L,CIE-10 OPS,1
L53.1,Eritema anular centrífugo,L,CIE-10 OPS,1
L53.2,Eritema marginado,L,CIE-10 OPS,1
L53.3,Otros eritemas figurados crónicos,L,CIE-10 OPS,1
L53.8,Otras afecciones eritematosas especificadas,L,CIE-10 OPS,1
L53.9,"Afección eritematosa, no especificada",L,CIE-10 OPS,1
L55.0,Quemadura solar de primer grado,L,CIE-10 OPS,1
L55.1,Quemadura solar de segundo grado,L,CIE-10 OPS,1
L55.2,Quemadura solar de tercer grado,L,CIE-10 OPS,1
L55.8,Otras quemaduras solares,L,CIE-10 OPS,1
L55.9,"Quemadura solar, no especificada",L,CIE-10 OPS,1
L56.0,Respuesta fototóxica a drogas,L,CIE-10 OPS,1
L56.1,Respuesta fotoalérgica a drogas,L,CIE-10 OPS,1
L56.2,Dermatitis por fotocontacto [dermatitis de berloque],L,CIE-10 OPS,1
L56.3,Urticaria solar,L,CIE-10 OPS,1
L56.4,Erupción polimorfa a la luz,L,CIE-10 OPS,1
L56.8,Otros cambios agudos especificados de la piel debidos a,L,CIE-10 OPS,1
L56.9,"Cambio agudo de la piel debido a radiación ultravioleta, sin",L,CIE-10 OPS,1
L57.0,Queratosis actínica,L,CIE-10 OPS,1
L57.1,Reticuloide actínico,L,CIE-10 OPS,1
L57.2,Piel romboidal de la nuca,L,CIE-10 OPS,1
L57.3,Poiquilodermia de Civatte,L,CIE-10 OPS,1
L57.4,Piel laxa senil,L,CIE-10 OPS,1
L57.5,Granuloma actínico,L,CIE-10 OPS,1
L57.8,Otros cambios de la piel debidos a exposición crónica a,L,CIE-10 OPS,1
L57.9,Cambios de la piel debidos a exposición crónica a,L,CIE-10 OPS,1
L58.0,Radiodermatitis aguda,L,CIE-10 OPS,1
L58.1,Radiodermatitis crónica,L,CIE-10 OPS,1
L58.9,"Radiodermatitis, no especificada",L,CIE-10 OPS,1
L59.0,Eritema ab igne [dermatitis ab igne],L,CIE-10 OPS,1
L59.8,Otros trastornos especificados de la piel y del tejido,L,CIE-10 OPS,1
L59.9,Trastornos no especificados de la piel y del tejido,L,CIE-10 OPS,1
L60.0,Uña encarnada,L,CIE-10 OPS,1
L60.1,Onicólisis,L,CIE-10 OPS,1
L60.2,Onicogriposis,L,CIE-10 OPS,1
L60.3,Distrofia ungueal,L,CIE-10 OPS,1
L60.4,Líneas de Beau,L,CIE-10 OPS,1
L60.5,Síndrome de la uña amarilla,L,CIE-10 OPS,1
L60.8,Otros trastornos de las uñas,L,CIE-10 OPS,1
L60.9,"Trastorno de la uña, no especificado",L,CIE-10 OPS,1
L63.0,Alopecia (capitis) total,L,CIE-10 OPS,1
L63.1,Alopecia universal,L,CIE-10 OPS,1
L63.2,Ofiasis,L,CIE-10 OPS,1
L63.8,Otras alopecias areatas,L,CIE-10 OPS,1
L63.9,"Alopecia areata, no especificada",L,CIE-10 OPS,1
L64.0,"Alopecia andrógena, inducida por drogas",L,CIE-10 OPS,1
L64.8,Otras alopecias andrógenas,L,CIE-10 OPS,1
L64.9,"Alopecia andrógena, no especificada",L,CIE-10 OPS,1
L65.0,Pérdida capilar telógena,L,CIE-10 OPS,1
L65.1,Pérdida capilar anágena,L,CIE-10 OPS,1
L65.2,Alopecia mucinosa,L,CIE-10 OPS,1
L65.8,Otras pérdidas especificadas no cicatriciales del pelo,L,CIE-10 OPS,1
L65.9,"Pérdida no cicatricial del pelo, sin otra especificación",L,CIE-10 OPS,1
L66.0,Seudopelada,L,CIE-10 OPS,1
L66.1,Liquen plano pilaris,L,CIE-10 OPS,1
L66.2,Foliculitis decalvante,L,CIE-10 OPS,1
L66.3,Perifoliculitis capitis abscedens,L,CIE-10 OPS,1
L66.4,Foliculitis uleritematosa reticulada,L,CIE-10 OPS,1
L66.8,Otras alopecias cicatriciales,L,CIE-10 OPS,1
L66.9,"Alopecia cicatricial, no especificada",L,CIE-10 OPS,1
L67.0,Tricorrexis nudosa,L,CIE-10 OPS,1
L67.1,Variación del color del pelo,L,CIE-10 OPS,1
L67.8,Otras anormalidades del tallo y del color del pelo,L,CIE-10 OPS,1
L67.9,Anormalidad no especificada del tallo y del color del pelo,L,CIE-10 OPS,1
L68.0,Hirsutismo,L,CIE-10 OPS,1
L68.1,Hipertricosis lanuginosa adquirida,L,CIE-10 OPS,1
L68.2,Hipertricosis localizada,L,CIE-10 OPS,1
L68.3,Politriquia,L,CIE-10 OPS,1
L68.8,Otras hipertricosis,L,CIE-10 OPS,1
L68.9,"Hipertricosis, no especificada",L,CIE-10 OPS,1
L70.0,Acné vulgar,L,CIE-10 OPS,1
L70.1,Acné conglobado,L,CIE-10 OPS,1
L70.2,Acné varioliforme,L,CIE-10 OPS,1
L70.3,Acné tropical,L,CIE-10 OPS,1
L70.4,Acné infantil,L,CIE-10 OPS,1
L70.5,Acné excoriado de la mujer joven,L,CIE-10 OPS,1
L70.8,Otros acnés,L,CIE-10 OPS,1
L70.9,"Acné, no especificado",L,CIE-10 OPS,1
L71.0,Dermatitis peribucal,L,CIE-10 OPS,1
L71.1,Rinofima,L,CIE-10 OPS,1
L71.8,Otras rosáceas,L,CIE-10 OPS,1
L71.9,"Rosácea, no especificada",L,CIE-10 OPS,1
L72.0,Quiste epidérmico,L,CIE-10 OPS,1
L72.1,Quiste tricodérmico,L,CIE-10 OPS,1
L72.2,Esteatocistoma múltiple,L,CIE-10 OPS,1
L72.8,Otros quistes foliculares de la piel y del tejido subcutáneo,L,CIE-10 OPS,1
L72.9,"Quiste folicular de la piel y del tejido subcutáneo, sin otra",L,CIE-10 OPS,1
L73.0,Acné queloide,L,CIE-10 OPS,1
L73.1,Seudofoliculitis de la barba,L,CIE-10 OPS,1
L73.2,Hidradenitis supurativa,L,CIE-10 OPS,1
L73.8,Otros trastornos foliculares especificados,L,CIE-10 OPS,1
L73.9,"Trastorno folicular, no especificado",L,CIE-10 OPS,1
L74.0,Miliaria rubra,L,CIE-10 OPS,1
L74.1,Miliaria cristalina,L,CIE-10 OPS,1
L74.2,Miliaria profunda,L,CIE-10 OPS,1
L74.3,"Miliaria, no especificada",L,CIE-10 OPS,1
L74.4,Anhidrosis,L,CIE-10 OPS,1
L74.8,Otros trastornos sudoríparos ecrinos,L,CIE-10 OPS,1
L74.9,"Trastorno sudoríparo ecrino, no especificado",L,CIE-10 OPS,1
L75.0,Bromhidrosis,L,CIE-10 OPS,1
L75.1,Cromhidrosis,L,CIE-10 OPS,1
L75.2,Miliaria apocrina,L,CIE-10 OPS,1
L75.8,Otros trastornos sudoríparos apocrinos,L,CIE-10 OPS,1
L75.9,"Trastorno sudoríparo apocrino, no especificado",L,CIE-10 OPS,1
L81.0,Hiperpigmentación postinflamatoria,L,CIE-10 OPS,1
L81.1,Cloasma,L,CIE-10 OPS,1
L81.2,Efélide,L,CIE-10 OPS,1
L81.3,Manchas café con leche,L,CIE-10 OPS,1
L81.4,Otros tipos de hiperpigmentación melanodérmica,L,CIE-10 OPS,1
L81.5,"Leucodermia, no clasificada en otra parte",L,CIE-10 OPS,1
L81.6,Otros trastornos de disminución de la formación de la,L,CIE-10 OPS,1
L81.7,Dermatosis purpúrica pigmentada,L,CIE-10 OPS,1
L81.8,Otros trastornos especificados de la pigmentación,L,CIE-10 OPS,1
L81.9,"Trastorno de la pigmentación, no especificado",L,CIE-10 OPS,1
L85.0,Ictiosis adquirida,L,CIE-10 OPS,1
L85.1,Queratosis [queratodermia] palmar y plantar adquirida,L,CIE-10 OPS,1
L85.2,Queratosis punctata (palmar y plantar),L,CIE-10 OPS,1
L85.3,Xerosis del cutis,L,CIE-10 OPS,1
L85.8,Otros engrosamientos epidérmicos especificados,L,CIE-10 OPS,1
L85.9,"Engrosamiento epidérmico, no especificado",L,CIE-10 OPS,1
L87.0,Queratosis folicular y parafolicular penetrante del cutis,L,CIE-10 OPS,1
L87.1,Colagenosis perforante reactiva,L,CIE-10 OPS,1
L87.2,Elastosis serpiginosa perforante,L,CIE-10 OPS,1
L87.8,Otros trastornos de la eliminación transepidérmica,L,CIE-10 OPS,1
L87.9,"Trastorno de la eliminación transepidérmica, no",L,CIE-10 OPS,1
L90.0,Liquen escleroso y atrófico,L,CIE-10 OPS,1
L90.1,Anetodermia de Schweninger–Buzzi,L,CIE-10 OPS,1
L90.2,Anetodermia de Jadassohn–Pellizzari,L,CIE-10 OPS,1
L90.3,Atrofoderma de Pasini y Pierini,L,CIE-10 OPS,1
L90.4,Acrodermatitis crónica atrófica,L,CIE-10 OPS,1
L90.5,Fibrosis y afecciones cicatriciales de la piel,L,CIE-10 OPS,1
L90.6,Estrías atróficas,L,CIE-10 OPS,1
L90.8,Otros trastornos atróficos de la piel,L,CIE-10 OPS,1
L90.9,"Trastorno atrófico de la piel, no especificado",L,CIE-10 OPS,1
L91.0,Cicatriz queloide,L,CIE-10 OPS,1
L91.8,Otros trastornos hipertróficos de la piel,L,CIE-10 OPS,1
L91.9,"Trastorno hipertrófico de la piel, no especificado",L,CIE-10 OPS,1
L92.0,Granuloma anular,L,CIE-10 OPS,1
L92.1,"Necrobiosis lipídica, no clasificada en otra parte",L,CIE-10 OPS,1
L92.2,Granuloma facial [granuloma eosinófilo de la piel],L,CIE-10 OPS,1
L92.3,Granuloma por cuerpo extraño en la piel y en el tejido,L,CIE-10 OPS,1
L92.8,Otros trastornos granulomatosos de la piel y del tejido,L,CIE-10 OPS,1
L92.9,"Trastorno granulomatoso de la piel y del tejido subcutáneo,",L,CIE-10 OPS,1
L93.0,Lupus eritematoso discoide,L,CIE-10 OPS,1
L93.1,Lupus eritematoso cutáneo subagudo,L,CIE-10 OPS,1
L93.2,Otros lupus eritematosos localizados,L,CIE-10 OPS,1
L94.0,Escleroderma localizado [morfea],L,CIE-10 OPS,1
L94.1,Escleroderma lineal,L,CIE-10 OPS,1
L94.2,Calcinosis de la piel,L,CIE-10 OPS,1
L94.3,Esclerodactilia,L,CIE-10 OPS,1
L94.4,Pápulas de Gottron,L,CIE-10 OPS,1
L94.5,Poiquilodermia vascular atrófica,L,CIE-10 OPS,1
L94.6,Ainhum,L,CIE-10 OPS,1
L94.8,Otros trastornos localizados especificados del tejido,L,CIE-10 OPS,1
L94.9,"Trastorno localizado del tejido conjuntivo, no especificado",L,CIE-10 OPS,1
L95.0,Vasculitis livedoide,L,CIE-10 OPS,1
L95.1,Eritema elevatum diutinum,L,CIE-10 OPS,1
L95.8,Otras vasculitis limitadas a la piel,L,CIE-10 OPS,1
L95.9,"Vasculitis limitada a la piel, sin otra especificación",L,CIE-10 OPS,1
L98.0,Granuloma piógeno,L,CIE-10 OPS,1
L98.1,Dermatitis facticia,L,CIE-10 OPS,1
L98.2,Dermatosis neutrófila febril [Sweet],L,CIE-10 OPS,1
L98.3,Celulitis eosinófila [Wells],L,CIE-10 OPS,1
L98.4,"Úlcera crónica de la piel, no clasificada en otra parte",L,CIE-10 OPS,1
L98.5,Mucinosis de la piel,L,CIE-10 OPS,1
L98.6,Otros trastornos infiltrativos de la piel y del tejido,L,CIE-10 OPS,1
L98.8,Otros trastornos especificados de la piel y del tejido,L,CIE-10 OPS,1
L98.9,"Trastorno de la piel y del tejido subcutáneo, no",L,CIE-10 OPS,1
M00.0,Artritis y poliartritis estafilocócica,M,CIE-10 OPS,1
M00.1,Artritis y poliartritis neumocócica,M,CIE-10 OPS,1
M00.2,Otras artritis y poliartritis estreptocócicas,M,CIE-10 OPS,1
M00.8,Artritis y poliartritis debidas a otros agentes bacterianos,M,CIE-10 OPS,1
M00.9,"Artritis piógena, no especificada",M,CIE-10 OPS,1
M02.0,Artropatía consecutiva a derivación intestinal,M,CIE-10 OPS,1
M02.1,Artropatía postdisentérica,M,CIE-10 OPS,1
M02.2,Artropatía postinmunización,M,CIE-10 OPS,1
M02.3,Enfermedad de Reiter,M,CIE-10 OPS,1
M02.8,Otras artropatías reactivas,M,CIE-10 OPS,1
M02.9,"Artropatía reactiva, no especificada",M,CIE-10 OPS,1
M05.0,Síndrome de Felty,M,CIE-10 OPS,1
M05.2,Vasculitis reumatoide,M,CIE-10 OPS,1
M05.8,Otras artritis reumatoideas seropositivas,M,CIE-10 OPS,1
M05.9,"Artritis reumatoidea seropositiva, sin otra especificación",M,CIE-10 OPS,1
M06.0,Artritis reumatoide seronegativa,M,CIE-10 OPS,1
M06.1,Enfermedad de Still de comienzo en el adulto,M,CIE-10 OPS,1
M06.2,Bursitis reumatoide,M,CIE-10 OPS,1
M06.3,Nódulo reumatoide,M,CIE-10 OPS,1
M06.4,Poliartropatía inflamatoria,M,CIE-10 OPS,1
M06.8,Otras artritis reumatoides especificadas,M,CIE-10 OPS,1
M06.9,"Artritis reumatoide, no especificada",M,CIE-10 OPS,1
M08.0,Artritis reumatoide juvenil,M,CIE-10 OPS,1
M08.1,Espondilitis anquilosante juvenil,M,CIE-10 OPS,1
M08.2,Artritis juvenil de comienzo generalizado,M,CIE-10 OPS,1
M08.3,Poliartritis juvenil (seronegativa),M,CIE-10 OPS,1
M08.4,Artritis juvenil pauciarticular,M,CIE-10 OPS,1
M08.8,Otras artritis juveniles,M,CIE-10 OPS,1
M08.9,"Artritis juvenil, no especificada",M,CIE-10 OPS,1
M10.0,Gota idiopática,M,CIE-10 OPS,1
M10.1,Gota saturnina,M,CIE-10 OPS,1
M10.2,Gota inducida por drogas,M,CIE-10 OPS,1
M10.3,Gota debida a alteración renal,M,CIE-10 OPS,1
M10.4,Otras gotas secundarias,M,CIE-10 OPS,1
M10.9,"Gota, no especificada",M,CIE-10 OPS,1
M11.0,Enfermedad por depósito de hidroxiapatita,M,CIE-10 OPS,1
M11.1,Condrocalcinosis familiar,M,CIE-10 OPS,1
M11.2,Otras condrocalcinosis,M,CIE-10 OPS,1
M11.8,"Otras artropatías por cristales, especificadas",M,CIE-10 OPS,1
M11.9,"Artropatía por cristales, no especificada",M,CIE-10 OPS,1
M12.0,Artropatía postreumática crónica [de Jaccoud],M,CIE-10 OPS,1
M12.1,Enfermedad de Kaschin-Beck,M,CIE-10 OPS,1
M12.2,Sinovitis vellonodular (pigmentada),M,CIE-10 OPS,1
M12.3,Reumatismo palindrómico,M,CIE-10 OPS,1
M12.4,Hidrartrosis intermitente,M,CIE-10 OPS,1
M12.5,Artropatía traumática,M,CIE-10 OPS,1
M12.8,"Otras artropatías específicas, no clasificadas en otra parte",M,CIE-10 OPS,1
M13.0,"Poliartritis, no especificada",M,CIE-10 OPS,1
M13.1,"Monoartritis, no clasificada en otra parte",M,CIE-10 OPS,1
M13.8,Otras artritis especificadas,M,CIE-10 OPS,1
M13.9,"Artritis, no especificada",M,CIE-10 OPS,1
M15.0,(Osteo)artrosis primaria generalizada,M,CIE-10 OPS,1
M15.1,Nódulos de Heberden (con artropatía),M,CIE-10 OPS,1
M15.2,Nódulos de Bouchard (con artropatía),M,CIE-10 OPS,1
M15.3,Artrosis secundaria múltiple,M,CIE-10 OPS,1
M15.4,(Osteo)artrosis erosiva,M,CIE-10 OPS,1
M15.8,Otras poliartrosis,M,CIE-10 OPS,1
M15.9,"Poliartrosis, no especificada",M,CIE-10 OPS,1
M16.0,"Coxartrosis primaria, bilateral",M,CIE-10 OPS,1
M16.1,Otras coxartrosis primarias,M,CIE-10 OPS,1
M16.2,"Coxartrosis a consecuencia de displasia, bilateral",M,CIE-10 OPS,1
M16.3,Otras coxartrosis displásicas,M,CIE-10 OPS,1
M16.4,"Coxartrosis postraumática, bilateral",M,CIE-10 OPS,1
M16.5,Otra coxartrosis postraumática,M,CIE-10 OPS,1
M16.6,"Otra coxartrosis secundaria, bilateral",M,CIE-10 OPS,1
M16.7,Otras coxartrosis secundarias,M,CIE-10 OPS,1
M16.9,"Coxartrosis, no especificada",M,CIE-10 OPS,1
M17.0,"Gonartrosis primaria, bilateral",M,CIE-10 OPS,1
M17.1,Otras gonartrosis primarias,M,CIE-10 OPS,1
M17.2,"Gonartrosis postraumática, bilateral",M,CIE-10 OPS,1
M17.3,Otras gonartrosis postraumáticas:,M,CIE-10 OPS,1
M17.4,"Otras gonartrosis secundarias, bilaterales",M,CIE-10 OPS,1
M17.5,Otras gonartrosis secundarias,M,CIE-10 OPS,1
M17.9,"Gonartrosis, no especificada",M,CIE-10 OPS,1
M18.0,Artrosis primaria de la primera articulación,M,CIE-10 OPS,1
M18.1,Otras artrosis primarias de la primera articulación,M,CIE-10 OPS,1
M18.2,Artrosis postraumática de la primera articulación,M,CIE-10 OPS,1
M18.3,Otras artrosis postraumáticas de la primera articulación,M,CIE-10 OPS,1
M18.4,Otras artrosis secundarias de la primera articulación,M,CIE-10 OPS,1
M18.5,Otras artrosis secundarias de la primera articulación,M,CIE-10 OPS,1
M18.9,"Artrosis de la primera articulación carpometacarpiana, sin",M,CIE-10 OPS,1
M19.0,Artrosis primaria de otras articulaciones,M,CIE-10 OPS,1
M19.1,Artrosis postraumática de otras articulaciones,M,CIE-10 OPS,1
M19.2,Otras artrosis secundarias,M,CIE-10 OPS,1
M19.8,Otras artrosis especificadas,M,CIE-10 OPS,1
M19.9,"Artrosis, no especificada",M,CIE-10 OPS,1
M20.0,Deformidad de dedo(s) de la mano,M,CIE-10 OPS,1
M20.1,Hallux valgus (adquirido),M,CIE-10 OPS,1
M20.2,Hallux rigidus,M,CIE-10 OPS,1
M20.3,Otras deformidades del hallux (adquiridas),M,CIE-10 OPS,1
M20.4,Otro(s) dedo(s) del pie en martillo (adquiridos),M,CIE-10 OPS,1
M20.5,Otras deformidades (adquiridas) del (de los) dedo(s) del pie,M,CIE-10 OPS,1
M20.6,"Deformidades adquiridas de los dedos del pie, no",M,CIE-10 OPS,1
M21.0,"Deformidad en valgo, no clasificada en otra parte",M,CIE-10 OPS,1
M21.1,"Deformidad en varo, no clasificada en otra parte",M,CIE-10 OPS,1
M21.2,Deformidad en flexión,M,CIE-10 OPS,1
M21.3,Muñeca o pie en péndulo (adquirido),M,CIE-10 OPS,1
M21.4,Pie plano [pes planus] (adquirido),M,CIE-10 OPS,1
M21.5,"Mano o pie en garra o en talipes, pie equinovaro o zambo",M,CIE-10 OPS,1
M21.6,Otras deformidades adquiridas del tobillo y del pie,M,CIE-10 OPS,1
M21.7,Longitud desigual de los miembros (adquirida),M,CIE-10 OPS,1
M21.8,"Otras deformidades adquiridas de los miembros,",M,CIE-10 OPS,1
M21.9,"Deformidad adquirida del miembro, no especificada",M,CIE-10 OPS,1
M22.0,Luxación recidivante de la rótula,M,CIE-10 OPS,1
M22.1,Subluxación recidivante de la rótula,M,CIE-10 OPS,1
M22.2,Trastornos rotulofemorales,M,CIE-10 OPS,1
M22.3,Otros desarreglos de la rótula,M,CIE-10 OPS,1
M22.4,Condromalacia de la rótula,M,CIE-10 OPS,1
M22.8,Otros trastornos de la rótula,M,CIE-10 OPS,1
M22.9,"Trastorno de la rótula, no especificado",M,CIE-10 OPS,1
M23.0,Menisco quístico,M,CIE-10 OPS,1
M23.1,Menisco discoide (congénito),M,CIE-10 OPS,1
M23.2,Trastorno de menisco debido a desgarro o lesión antigua,M,CIE-10 OPS,1
M23.3,Otros trastornos de los meniscos,M,CIE-10 OPS,1
M23.4,Cuerpo flotante en la rodilla,M,CIE-10 OPS,1
M23.5,Inestabilidad crónica de la rodilla,M,CIE-10 OPS,1
M23.6,Otra ruptura espontánea del (de los) ligamento(s) de la,M,CIE-10 OPS,1
M23.8,Otros trastornos internos de la rodilla,M,CIE-10 OPS,1
M23.9,"Trastorno interno de la rodilla, no especificado",M,CIE-10 OPS,1
M24.0,Cuerpo flotante articular,M,CIE-10 OPS,1
M24.1,Otros trastornos del cartílago articular,M,CIE-10 OPS,1
M24.2,Trastorno del ligamento,M,CIE-10 OPS,1
M24.3,"Luxación y subluxación patológica de la articulación, no",M,CIE-10 OPS,1
M24.4,Luxación y subluxación recidivante de la articulación,M,CIE-10 OPS,1
M24.5,Contractura articular,M,CIE-10 OPS,1
M24.6,Anquilosis articular,M,CIE-10 OPS,1
M24.7,Protrusión de acetábulo,M,CIE-10 OPS,1
M24.8,"Otras lesiones articulares específicas, no clasificadas en",M,CIE-10 OPS,1
M24.9,"Desarreglo articular, no especificado",M,CIE-10 OPS,1
M25.0,Hemartrosis,M,CIE-10 OPS,1
M25.1,Fístula articular,M,CIE-10 OPS,1
M25.2,Articulación inestable,M,CIE-10 OPS,1
M25.3,Otras inestabilidades articulares,M,CIE-10 OPS,1
M25.4,Derrame articular,M,CIE-10 OPS,1
M25.5,Dolor en articulación,M,CIE-10 OPS,1
M25.6,"Rigidez articular, no clasificada en otra parte",M,CIE-10 OPS,1
M25.7,Osteofito,M,CIE-10 OPS,1
M25.8,Otros trastornos articulares especificados,M,CIE-10 OPS,1
M25.9,"Trastorno articular, no especificado",M,CIE-10 OPS,1
M30.0,Poliarteritis nudosa,M,CIE-10 OPS,1
M30.1,Poliarteritis con compromiso pulmonar [Churg-Strauss],M,CIE-10 OPS,1
M30.2,Poliarteritis juvenil,M,CIE-10 OPS,1
M30.3,Síndrome mucocutáneo linfonodular [Kawasaki],M,CIE-10 OPS,1
M30.8,Otras afecciones relacionadas con la poliarteritis nudosa,M,CIE-10 OPS,1
M31.0,Angiítis debida a hipersensibilidad,M,CIE-10 OPS,1
M31.1,Microangiopatía trombótica,M,CIE-10 OPS,1
M31.2,Granuloma letal de la línea media,M,CIE-10 OPS,1
M31.3,Granulomatosis de Wegener,M,CIE-10 OPS,1
M31.4,Síndrome del cayado de la aorta [Takayasu],M,CIE-10 OPS,1
M31.5,Arteritis de células gigantes con polimialgia reumática,M,CIE-10 OPS,1
M31.6,Otras arteritis de células gigantes,M,CIE-10 OPS,1
M31.7,Poliangiítis microscópica,M,CIE-10 OPS,1
M31.8,Otras vasculopatías necrotizantes especificadas,M,CIE-10 OPS,1
M31.9,"Vasculopatía necrotizante, no especificada",M,CIE-10 OPS,1
M32.0,"Lupus eritematoso sistémico, inducido por drogas",M,CIE-10 OPS,1
M32.8,Otras formas de lupus eritematoso sistémico,M,CIE-10 OPS,1
M32.9,"Lupus eritematoso sistémico, sin otra especificación",M,CIE-10 OPS,1
M33.0,Dermatomiositis juvenil,M,CIE-10 OPS,1
M33.1,Otras dermatomiositis,M,CIE-10 OPS,1
M33.2,Polimiositis,M,CIE-10 OPS,1
M33.9,"Dermatopolimiositis, no especificada",M,CIE-10 OPS,1
M34.0,Esclerosis sistémica progresiva,M,CIE-10 OPS,1
M34.1,Síndrome CR(E)ST,M,CIE-10 OPS,1
M34.2,Esclerosis sistémica inducida por drogas o productos,M,CIE-10 OPS,1
M34.8,Otras formas de esclerosis sistémica,M,CIE-10 OPS,1
M34.9,"Esclerosis sistémica, no especificada",M,CIE-10 OPS,1
M35.0,Síndrome seco [Sjögren],M,CIE-10 OPS,1
M35.1,Otros síndromes superpuestos,M,CIE-10 OPS,1
M35.2,Enfermedad de Behçet,M,CIE-10 OPS,1
M35.3,Polimialgia reumática,M,CIE-10 OPS,1
M35.4,Fascitis difusa (eosinofílica),M,CIE-10 OPS,1
M35.5,Fibrosclerosis multifocal,M,CIE-10 OPS,1
M35.6,Paniculitis recidivante [Weber-Christian],M,CIE-10 OPS,1
M35.7,Síndrome de hipermovilidad,M,CIE-10 OPS,1
M35.8,Otras enfermedades especificadas con compromiso,M,CIE-10 OPS,1
M35.9,"Compromiso sistémico del tejido conjuntivo, no",M,CIE-10 OPS,1
M40.0,Cifosis postural,M,CIE-10 OPS,1
M40.1,Otras cifosis secundarias,M,CIE-10 OPS,1
M40.2,Otras cifosis y las no especificadas,M,CIE-10 OPS,1
M40.3,Síndrome de espalda plana,M,CIE-10 OPS,1
M40.4,Otras lordosis,M,CIE-10 OPS,1
M40.5,"Lordosis, no especificada",M,CIE-10 OPS,1
M41.0,Escoliosis idiopática infantil,M,CIE-10 OPS,1
M41.1,Escoliosis idiopática juvenil,M,CIE-10 OPS,1
M41.2,Otras escoliosis idiopáticas,M,CIE-10 OPS,1
M41.3,Escoliosis toracogénica,M,CIE-10 OPS,1
M41.4,Escoliosis neuromuscular,M,CIE-10 OPS,1
M41.5,Otras escoliosis secundarias,M,CIE-10 OPS,1
M41.8,Otras formas de escoliosis,M,CIE-10 OPS,1
M41.9,"Escoliosis, no especificada",M,CIE-10 OPS,1
M42.0,Osteocondrosis juvenil de la columna vertebral,M,CIE-10 OPS,1
M42.1,Osteocondrosis de la columna vertebral del adulto,M,CIE-10 OPS,1
M42.9,"Osteocondrosis vertebral, no especificada",M,CIE-10 OPS,1
M43.0,Espondilólisis,M,CIE-10 OPS,1
M43.1,Espondilolistesis,M,CIE-10 OPS,1
M43.2,Otras fusiones de la columna vertebral,M,CIE-10 OPS,1
M43.3,"Subluxación atlanto–axoidea recurrente, con mielopatía",M,CIE-10 OPS,1
M43.4,Otras subluxaciones atlanto–axoideas recurrentes,M,CIE-10 OPS,1
M43.5,Otras subluxaciones vertebrales recurrentes,M,CIE-10 OPS,1
M43.6,Tortícolis,M,CIE-10 OPS,1
M43.8,Otras dorsopatías deformantes de la columna vertebral,M,CIE-10 OPS,1
M43.9,"Dorsopatía deformante, no especificada",M,CIE-10 OPS,1
M46.0,Entesopatía vertebral,M,CIE-10 OPS,1
M46.1,"Sacroiliítis, no clasificada en otra parte",M,CIE-10 OPS,1
M46.2,Osteomielitis de vértebra,M,CIE-10 OPS,1
M46.3,Infección de disco intervertebral (piógena),M,CIE-10 OPS,1
M46.4,"Discitis, no especificada",M,CIE-10 OPS,1
M46.5,Otras espondilopatías infecciosas,M,CIE-10 OPS,1
M46.8,Otras espondilopatías inflamatorias especificadas,M,CIE-10 OPS,1
M46.9,"Espondilopatía inflamatoria, no especificada",M,CIE-10 OPS,1
M47.1,Otras espondilosis con mielopatía,M,CIE-10 OPS,1
M47.2,Otras espondilosis con radiculopatía,M,CIE-10 OPS,1
M47.8,Otras espondilosis,M,CIE-10 OPS,1
M47.9,"Espondilosis, no especificada",M,CIE-10 OPS,1
M48.0,Estenosis espinal,M,CIE-10 OPS,1
M48.1,Hiperostosis anquilosante [Forestier],M,CIE-10 OPS,1
M48.2,Espondilopatía interespinosa (vértebras “en beso”),M,CIE-10 OPS,1
M48.3,Espondilopatía traumática,M,CIE-10 OPS,1
M48.4,Fractura de vértebra por fatiga,M,CIE-10 OPS,1
M48.5,"Vértebra colapsada, no clasificada en otra parte",M,CIE-10 OPS,1
M48.8,Otras espondilopatías especificadas,M,CIE-10 OPS,1
M48.9,"Espondilopatía, no especificada",M,CIE-10 OPS,1
M50.1,Trastorno de disco cervical con radiculopatía,M,CIE-10 OPS,1
M50.2,Otros desplazamientos de disco cervical,M,CIE-10 OPS,1
M50.3,Otras degeneraciones de disco cervical,M,CIE-10 OPS,1
M50.8,Otros trastornos de disco cervical,M,CIE-10 OPS,1
M50.9,"Trastorno de disco cervical, no especificado",M,CIE-10 OPS,1
M51.2,Otros desplazamientos especificados de disco,M,CIE-10 OPS,1
M51.3,Otras degeneraciones especificadas de disco intervertebral,M,CIE-10 OPS,1
M51.4,Nódulos de Schmorl,M,CIE-10 OPS,1
M51.8,Otros trastornos especificados de los discos,M,CIE-10 OPS,1
M51.9,"Trastorno de los discos intervertebrales, no especificado",M,CIE-10 OPS,1
M53.0,Síndrome cervicocraneal,M,CIE-10 OPS,1
M53.1,Síndrome cervicobraquial,M,CIE-10 OPS,1
M53.2,Inestabilidad de la columna vertebral,M,CIE-10 OPS,1
M53.3,"Trastornos sacrococcígeos, no clasificados en otra parte",M,CIE-10 OPS,1
M53.8,Otras dorsopatías especificadas,M,CIE-10 OPS,1
M53.9,"Dorsopatía, no especificada",M,CIE-10 OPS,1
M54.0,Paniculitis que afecta regiones del cuello y de la espalda,M,CIE-10 OPS,1
M54.1,Radiculopatía,M,CIE-10 OPS,1
M54.2,Cervicalgia,M,CIE-10 OPS,1
M54.3,Ciática,M,CIE-10 OPS,1
M54.4,Lumbago con ciática,M,CIE-10 OPS,1
M54.5,Lumbago no especificado,M,CIE-10 OPS,1
M54.6,Dolor en la columna dorsal,M,CIE-10 OPS,1
M54.8,Otras dorsalgias,M,CIE-10 OPS,1
M54.9,"Dorsalgia, no especificada",M,CIE-10 OPS,1
M60.0,Miositis infecciosa,M,CIE-10 OPS,1
M60.1,Miositis intersticial,M,CIE-10 OPS,1
M60.2,"Granuloma por cuerpo extraño en tejido blando, no",M,CIE-10 OPS,1
M60.8,Otras miositis,M,CIE-10 OPS,1
M60.9,"Miositis, no especificada",M,CIE-10 OPS,1
M61.0,Miositis osificante traumática,M,CIE-10 OPS,1
M61.1,Miositis osificante progresiva,M,CIE-10 OPS,1
M61.2,Calcificación y osificación paralítica del músculo,M,CIE-10 OPS,1
M61.3,Calcificación y osificación de los músculos asociadas con,M,CIE-10 OPS,1
M61.4,Otras calcificaciones del músculo,M,CIE-10 OPS,1
M61.5,Otras osificaciones del músculo,M,CIE-10 OPS,1
M61.9,"Calcificación y osificación del músculo, no especificada",M,CIE-10 OPS,1
M62.0,Diástasis del músculo,M,CIE-10 OPS,1
M62.1,Otros desgarros (no traumáticos) del músculo,M,CIE-10 OPS,1
M62.2,Infarto isquémico del músculo,M,CIE-10 OPS,1
M62.3,Síndrome de inmovilidad (parapléjico),M,CIE-10 OPS,1
M62.4,Contractura muscular,M,CIE-10 OPS,1
M62.5,"Atrofia y desgaste musculares, no clasificados en otra",M,CIE-10 OPS,1
M62.6,Distensión muscular,M,CIE-10 OPS,1
M62.8,Otros trastornos especificados de los músculos,M,CIE-10 OPS,1
M62.9,"Trastorno muscular, no especificado",M,CIE-10 OPS,1
M65.0,Absceso de vaina tendinosa,M,CIE-10 OPS,1
M65.1,Otras (teno)sinovitis infecciosas,M,CIE-10 OPS,1
M65.2,Tendinitis calcificada,M,CIE-10 OPS,1
M65.3,Dedo en gatillo,M,CIE-10 OPS,1
M65.4,Tenosinovitis de estiloides radial [de Quervain],M,CIE-10 OPS,1
M65.8,Otras sinovitis y tenosinovitis,M,CIE-10 OPS,1
M65.9,"Sinovitis y tenosinovitis, no especificada",M,CIE-10 OPS,1
M66.0,Ruptura de quiste sinovial poplíteo,M,CIE-10 OPS,1
M66.1,Ruptura de la sinovia,M,CIE-10 OPS,1
M66.2,Ruptura espontánea de tendones extensores,M,CIE-10 OPS,1
M66.3,Ruptura espontánea de tendones flexores,M,CIE-10 OPS,1
M66.4,Ruptura espontánea de otros tendones,M,CIE-10 OPS,1
M66.5,Ruptura espontánea de tendón no especificado,M,CIE-10 OPS,1
M67.0,Acortamiento del tendón de Aquiles (adquirido),M,CIE-10 OPS,1
M67.1,Otras contracturas de tendón (vaina),M,CIE-10 OPS,1
M67.2,"Hipertrofia sinovial, no clasificada en otra parte",M,CIE-10 OPS,1
M67.3,Sinovitis transitoria,M,CIE-10 OPS,1
M67.4,Ganglión,M,CIE-10 OPS,1
M67.8,Otros trastornos especificados de la sinovia y del tendón,M,CIE-10 OPS,1
M67.9,"Trastorno sinovial y tendinoso, no especificado",M,CIE-10 OPS,1
M70.0,Sinovitis crepitante crónica de la mano y de la muñeca,M,CIE-10 OPS,1
M70.1,Bursitis de la mano,M,CIE-10 OPS,1
M70.2,Bursitis del olécranon,M,CIE-10 OPS,1
M70.3,Otras bursitis del codo,M,CIE-10 OPS,1
M70.4,Otras bursitis prerrotulianas,M,CIE-10 OPS,1
M70.5,Otras bursitis de la rodilla,M,CIE-10 OPS,1
M70.6,Bursitis del trocánter,M,CIE-10 OPS,1
M70.7,Otras bursitis de la cadera,M,CIE-10 OPS,1
M70.8,Otros trastornos de los tejidos blandos relacionados con el,M,CIE-10 OPS,1
M70.9,Trastorno no especificado de los tejidos blandos,M,CIE-10 OPS,1
M71.0,Absceso de la bolsa sinovial,M,CIE-10 OPS,1
M71.1,Otras bursitis infecciosas,M,CIE-10 OPS,1
M71.2,Quiste sinovial del hueco poplíteo [de Baker],M,CIE-10 OPS,1
M71.3,Otros quistes de la bolsa serosa,M,CIE-10 OPS,1
M71.4,Depósito de calcio en la bolsa serosa,M,CIE-10 OPS,1
M71.5,"Otras bursitis, no clasificadas en otra parte",M,CIE-10 OPS,1
M71.8,Otros trastornos especificados de la bolsa serosa,M,CIE-10 OPS,1
M71.9,"Bursopatía, no especificada",M,CIE-10 OPS,1
M72.0,Fibromatosis de la aponeurosis palmar [Dupuytren],M,CIE-10 OPS,1
M72.1,Nódulos interfalángicos,M,CIE-10 OPS,1
M72.2,Fibromatosis de la aponeurosis plantar,M,CIE-10 OPS,1
M72.4,Fibromatosis seudosarcomatosa,M,CIE-10 OPS,1
M72.6,Fascitis necrotizante,M,CIE-10 OPS,1
M72.8,Otros trastornos fibroblásticos,M,CIE-10 OPS,1
M72.9,"Trastorno fibroblástico, no especificado",M,CIE-10 OPS,1
M75.0,Capsulitis adhesiva del hombro,M,CIE-10 OPS,1
M75.1,Síndrome del manguito rotatorio,M,CIE-10 OPS,1
M75.2,Tendinitis del bíceps,M,CIE-10 OPS,1
M75.3,Tendinitis calcificante del hombro,M,CIE-10 OPS,1
M75.4,Síndrome de abducción dolorosa del hombro,M,CIE-10 OPS,1
M75.5,Bursitis del hombro,M,CIE-10 OPS,1
M75.8,Otras lesiones del hombro,M,CIE-10 OPS,1
M75.9,"Lesión del hombro, no especificada",M,CIE-10 OPS,1
M76.0,Tendinitis del glúteo,M,CIE-10 OPS,1
M76.1,Tendinitis del psoas,M,CIE-10 OPS,1
M76.2,Espolón de la cresta iliaca,M,CIE-10 OPS,1
M76.3,Síndrome del tendón del tensor de la fascia lata,M,CIE-10 OPS,1
M76.4,Bursitis tibial colateral [Pellegrini-Stieda],M,CIE-10 OPS,1
M76.5,Tendinitis rotuliana,M,CIE-10 OPS,1
M76.6,Tendinitis aquiliana,M,CIE-10 OPS,1
M76.7,Tendinitis peroneal,M,CIE-10 OPS,1
M76.8,"Otras entesopatías del miembro inferior, excluido el pie",M,CIE-10 OPS,1
M76.9,"Entesopatía del miembro inferior, no especificada",M,CIE-10 OPS,1
M77.0,Epicondilitis media,M,CIE-10 OPS,1
M77.1,Epicondilitis lateral,M,CIE-10 OPS,1
M77.2,Periartritis de la muñeca,M,CIE-10 OPS,1
M77.3,Espolón calcáneo,M,CIE-10 OPS,1
M77.4,Metatarsalgia,M,CIE-10 OPS,1
M77.5,Otras entesopatías del pie,M,CIE-10 OPS,1
M77.8,"Otras entesopatías, no clasificadas en otra parte",M,CIE-10 OPS,1
M77.9,"Entesopatía, no especificada",M,CIE-10 OPS,1
M79.0,"Reumatismo, no especificado",M,CIE-10 OPS,1
M79.1,Mialgia,M,CIE-10 OPS,1
M79.2,"Neuralgia y neuritis, no especificadas",M,CIE-10 OPS,1
M79.3,"Paniculitis, no especificada",M,CIE-10 OPS,1
M79.4,Hipertrofia de paquete adiposo (infrarrotuliano),M,CIE-10 OPS,1
M79.5,Cuerpo extraño residual en tejido blando,M,CIE-10 OPS,1
M79.6,Dolor en miembro,M,CIE-10 OPS,1
M79.7,Fibromialgia,M,CIE-10 OPS,1
M79.8,Otros trastornos especificados de los tejidos blandos,M,CIE-10 OPS,1
M79.9,"Trastorno de los tejidos blandos, no especificado",M,CIE-10 OPS,1
M80.0,"Osteoporosis postmenopáusica, con fractura patológica",M,CIE-10 OPS,1
M80.1,"Osteoporosis postooforectomía, con fractura patológica",M,CIE-10 OPS,1
M80.2,"Osteoporosis por desuso, con fractura patológica",M,CIE-10 OPS,1
M80.3,"Osteoporosis por malabsorción postquirúrgica, con",M,CIE-10 OPS,1
M80.4,"Osteoporosis inducida por drogas, con fractura patológica",M,CIE-10 OPS,1
M80.5,"Osteoporosis idiopática, con fractura patológica",M,CIE-10 OPS,1
M80.8,"Otras osteoporosis, con fractura patológica",M,CIE-10 OPS,1
M80.9,"Osteoporosis no especificada, con fractura patológica",M,CIE-10 OPS,1
M81.0,"Osteoporosis postmenopáusica, sin fractura patológica",M,CIE-10 OPS,1
M81.1,"Osteoporosis postooforectomía, sin fractura patológica",M,CIE-10 OPS,1
M81.2,"Osteoporosis por desuso, sin fractura patológica",M,CIE-10 OPS,1
M81.3,"Osteoporosis por malabsorción postquirúrgica, sin fractura",M,CIE-10 OPS,1
M81.4,"Osteoporosis inducida por drogas, sin fractura patológica",M,CIE-10 OPS,1
M81.5,"Osteoporosis idiopática, sin fractura patológica",M,CIE-10 OPS,1
M81.6,"Osteoporosis localizada [Lequesne], sin fractura patológica",M,CIE-10 OPS,1
M81.8,"Otras osteoporosis, sin fractura patológica",M,CIE-10 OPS,1
M81.9,"Osteoporosis no especificada, sin fractura patológica",M,CIE-10 OPS,1
M83.0,Osteomalacia puerperal,M,CIE-10 OPS,1
M83.1,Osteomalacia senil,M,CIE-10 OPS,1
M83.2,Osteomalacia del adulto debida a malabsorción,M,CIE-10 OPS,1
M83.3,Osteomalacia del adulto debida a desnutrición,M,CIE-10 OPS,1
M83.4,Enfermedad de los huesos por aluminio,M,CIE-10 OPS,1
M83.5,Otras osteomalacias del adulto inducidas por drogas,M,CIE-10 OPS,1
M83.8,Otras osteomalacias del adulto,M,CIE-10 OPS,1
M83.9,"Osteomalacia del adulto, no especificada",M,CIE-10 OPS,1
M84.0,Consolidación defectuosa de fractura,M,CIE-10 OPS,1
M84.1,Falta de consolidación de fractura [seudoartrosis],M,CIE-10 OPS,1
M84.2,Consolidación retardada de fractura,M,CIE-10 OPS,1
M84.3,"Fractura por tensión, no clasificada en otra parte",M,CIE-10 OPS,1
M84.4,"Fractura patológica, no clasificada en otra parte",M,CIE-10 OPS,1
M84.8,Otros trastornos de la continuidad del hueso,M,CIE-10 OPS,1
M84.9,"Trastorno de la continuidad del hueso, no especificado",M,CIE-10 OPS,1
M85.0,Displasia fibrosa (monostótica),M,CIE-10 OPS,1
M85.1,Fluorosis del esqueleto,M,CIE-10 OPS,1
M85.2,Hiperostosis del cráneo,M,CIE-10 OPS,1
M85.3,Osteítis condensante,M,CIE-10 OPS,1
M85.4,Quiste óseo solitario,M,CIE-10 OPS,1
M85.5,Quiste óseo aneurismático,M,CIE-10 OPS,1
M85.6,Otros quistes óseos,M,CIE-10 OPS,1
M85.8,Otros trastornos especificados de la densidad y de la,M,CIE-10 OPS,1
M85.9,"Trastorno de la densidad y de la estructura óseas, no",M,CIE-10 OPS,1
M86.0,Osteomielitis hematógena aguda,M,CIE-10 OPS,1
M86.1,Otras osteomielitis agudas,M,CIE-10 OPS,1
M86.2,Osteomielitis subaguda,M,CIE-10 OPS,1
M86.3,Osteomielitis multifocal crónica,M,CIE-10 OPS,1
M86.4,Osteomielitis crónica con drenaje del seno,M,CIE-10 OPS,1
M86.5,Otras osteomielitis hematógenas crónicas,M,CIE-10 OPS,1
M86.6,Otras osteomielitis crónicas,M,CIE-10 OPS,1
M86.8,Otras osteomielitis,M,CIE-10 OPS,1
M86.9,"Osteomielitis, no especificada",M,CIE-10 OPS,1
M87.0,Necrosis aséptica idiopática ósea,M,CIE-10 OPS,1
M87.1,Osteonecrosis debida a drogas,M,CIE-10 OPS,1
M87.2,Osteonecrosis debida a traumatismo previo,M,CIE-10 OPS,1
M87.3,Otras osteonecrosis secundarias,M,CIE-10 OPS,1
M87.8,Otras osteonecrosis,M,CIE-10 OPS,1
M87.9,"Osteonecrosis, no especificada",M,CIE-10 OPS,1
M88.0,Enfermedad de Paget del cráneo,M,CIE-10 OPS,1
M88.8,Enfermedad de Paget de otros huesos,M,CIE-10 OPS,1
M88.9,"Enfermedad ósea de Paget, huesos no especificados",M,CIE-10 OPS,1
M89.0,Algoneurodistrofia,M,CIE-10 OPS,1
M89.1,Detención del crecimiento epifisario,M,CIE-10 OPS,1
M89.2,Otros trastornos del desarrollo y crecimiento óseo,M,CIE-10 OPS,1
M89.3,Hipertrofia del hueso,M,CIE-10 OPS,1
M89.4,Otras osteoartropatías hipertróficas,M,CIE-10 OPS,1
M89.5,Osteólisis,M,CIE-10 OPS,1
M89.6,Osteopatía a consecuencia de poliomielitis,M,CIE-10 OPS,1
M89.8,Otros trastornos especificados del hueso,M,CIE-10 OPS,1
M89.9,"Trastorno del hueso, no especificado",M,CIE-10 OPS,1
M91.0,Osteocondrosis juvenil de la pelvis,M,CIE-10 OPS,1
M91.1,Osteocondrosis juvenil de la cabeza del fémur,M,CIE-10 OPS,1
M91.2,Coxa plana,M,CIE-10 OPS,1
M91.3,Pseudocoxalgia,M,CIE-10 OPS,1
M91.8,Otras osteocondrosis juveniles de la cadera y de la pelvis,M,CIE-10 OPS,1
M91.9,"Osteocondrosis juvenil de la cadera y de la pelvis, sin otra",M,CIE-10 OPS,1
M92.0,Osteocondrosis juvenil del húmero,M,CIE-10 OPS,1
M92.1,Osteocondrosis juvenil del cúbito y del radio,M,CIE-10 OPS,1
M92.2,Osteocondrosis juvenil de la mano,M,CIE-10 OPS,1
M92.3,Otras osteocondrosis juveniles del miembro superior,M,CIE-10 OPS,1
M92.4,Osteocondrosis juvenil de la rótula,M,CIE-10 OPS,1
M92.5,Osteocondrosis juvenil de la tibia y del peroné,M,CIE-10 OPS,1
M92.6,Osteocondrosis juvenil del tarso,M,CIE-10 OPS,1
M92.7,Osteocondrosis juvenil del metatarso,M,CIE-10 OPS,1
M92.8,Otras osteocondrosis juveniles especificadas,M,CIE-10 OPS,1
M92.9,"Osteocondrosis juvenil, no especificada",M,CIE-10 OPS,1
M93.0,Deslizamiento de la epífisis femoral superior (no,M,CIE-10 OPS,1
M93.1,Enfermedad de Kienböck del adulto,M,CIE-10 OPS,1
M93.2,Osteocondritis disecante,M,CIE-10 OPS,1
M93.8,Otras osteocondropatías especificadas,M,CIE-10 OPS,1
M93.9,"Osteocondropatía, no especificada",M,CIE-10 OPS,1
M94.0,Síndrome de la articulación condrocostal [Tietze],M,CIE-10 OPS,1
M94.1,Policondritis recidivante,M,CIE-10 OPS,1
M94.2,Condromalacia,M,CIE-10 OPS,1
M94.3,Condrólisis,M,CIE-10 OPS,1
M94.8,Otros trastornos especificados del cartílago,M,CIE-10 OPS,1
M94.9,"Trastorno del cartílago, no especificado",M,CIE-10 OPS,1
M95.0,Deformidad adquirida de la nariz,M,CIE-10 OPS,1
M95.1,Oreja en coliflor,M,CIE-10 OPS,1
M95.2,Otras deformidades adquiridas de la cabeza,M,CIE-10 OPS,1
M95.3,Deformidad adquirida del cuello,M,CIE-10 OPS,1
M95.4,Deformidad adquirida de costillas y tórax,M,CIE-10 OPS,1
M95.5,Deformidad adquirida de la pelvis,M,CIE-10 OPS,1
M95.8,Otras deformidades adquiridas especificadas del sistema,M,CIE-10 OPS,1
M95.9,"Deformidad adquirida del sistema osteomuscular, no",M,CIE-10 OPS,1
M96.0,Seudoartrosis consecutiva a fusión o artrodesis,M,CIE-10 OPS,1
M96.1,"Síndrome postlaminectomía, no clasificado en otra parte",M,CIE-10 OPS,1
M96.2,Cifosis postradiación,M,CIE-10 OPS,1
M96.3,Cifosis postlaminectomía,M,CIE-10 OPS,1
M96.4,Lordosis postquirúrgica,M,CIE-10 OPS,1
M96.5,Escoliosis postradiación,M,CIE-10 OPS,1
M96.6,Fractura de hueso posterior a inserción o implante,M,CIE-10 OPS,1
M96.8,Otros trastornos osteomusculares consecutivos a,M,CIE-10 OPS,1
M96.9,Trastornos osteomusculares no especificados,M,CIE-10 OPS,1
M99.0,Disfunción segmental o somática,M,CIE-10 OPS,1
M99.1,Complejo de subluxación (vertebral),M,CIE-10 OPS,1
M99.2,Subluxación con estenosis del canal neural,M,CIE-10 OPS,1
M99.3,Estenosis ósea del canal neural,M,CIE-10 OPS,1
M99.4,Estenosis del canal neural por tejido conjuntivo,M,CIE-10 OPS,1
M99.5,Estenosis del canal neural por disco intervertebral,M,CIE-10 OPS,1
M99.6,Estenosis ósea y subluxación de los agujeros intervertebrales,M,CIE-10 OPS,1
M99.7,Estenosis de los agujeros intervertebrales por tejido,M,CIE-10 OPS,1
M99.8,Otras lesiones biomecánicas,M,CIE-10 OPS,1
M99.9,"Lesión biomecánica, no especificada",M,CIE-10 OPS,1
N11.0,Pielonefritis crónica no obstructiva asociada con reflujo,N,CIE-10 OPS,1
N11.1,Pielonefritis crónica obstructiva,N,CIE-10 OPS,1
N11.8,Otras nefritis tubulointersticiales crónicas,N,CIE-10 OPS,1
N11.9,"Nefritis tubulointersticial crónica, sin otra especificación",N,CIE-10 OPS,1
N13.0,Hidronefrosis con obstrucción de la unión urétero–pélvica,N,CIE-10 OPS,1
N13.1,"Hidronefrosis con estrechez ureteral, no clasificada en otra",N,CIE-10 OPS,1
N13.2,Hidronefrosis con obstrucción por cálculos del riñón y del,N,CIE-10 OPS,1
N13.3,Otras hidronefrosis y las no especificadas,N,CIE-10 OPS,1
N13.4,Hidrouréter,N,CIE-10 OPS,1
N13.5,Torsión y estrechez del uréter sin hidronefrosis,N,CIE-10 OPS,1
N13.6,Pionefrosis,N,CIE-10 OPS,1
N13.7,Uropatía asociada con reflujo vesicoureteral,N,CIE-10 OPS,1
N13.8,Otras uropatías obstructivas y por reflujo,N,CIE-10 OPS,1
N13.9,"Uropatía obstructiva y por reflujo, sin otra especificación",N,CIE-10 OPS,1
N14.0,Nefropatía inducida por analgésicos,N,CIE-10 OPS,1
N14.1,"Nefropatía inducida por otras drogas, medicamentos y",N,CIE-10 OPS,1
N14.2,"Nefropatía inducida por drogas, medicamentos y",N,CIE-10 OPS,1
N14.3,Nefropatía inducida por metales pesados,N,CIE-10 OPS,1
N14.4,"Nefropatía tóxica, no clasificada en otra parte",N,CIE-10 OPS,1
N15.0,Nefropatía de los Balcanes,N,CIE-10 OPS,1
N15.1,Absceso renal y perirrenal,N,CIE-10 OPS,1
N15.8,Otras enfermedades renales tubulointersticiales,N,CIE-10 OPS,1
N15.9,"Enfermedad renal tubulointersticial, no especificada",N,CIE-10 OPS,1
N17.0,Insuficiencia renal aguda con necrosis tubular,N,CIE-10 OPS,1
N17.1,Insuficiencia renal aguda con necrosis cortical aguda,N,CIE-10 OPS,1
N17.2,Insuficiencia renal aguda con necrosis medular,N,CIE-10 OPS,1
N17.8,Otras insuficiencias renales agudas,N,CIE-10 OPS,1
N17.9,"Insuficiencia renal aguda, no especificada",N,CIE-10 OPS,1
N18.0,Insuficiencia renal terminal,N,CIE-10 OPS,1
N18.8,Otras insuficiencias renales crónicas,N,CIE-10 OPS,1
N18.9,"Insuficiencia renal crónica, no especificada",N,CIE-10 OPS,1
N20.0,Cálculo del riñón,N,CIE-10 OPS,1
N20.1,Cálculo del uréter,N,CIE-10 OPS,1
N20.2,Cálculo del riñón con cálculo del uréter,N,CIE-10 OPS,1
N20.9,"Cálculo urinario, no especificado",N,CIE-10 OPS,1
N21.0,Cálculo en la vejiga,N,CIE-10 OPS,1
N21.1,Cálculo en la uretra,N,CIE-10 OPS,1
N21.8,Otros cálculos de las vías urinarias inferiores,N,CIE-10 OPS,1
N21.9,"Cálculo de las vías urinarias inferiores, no especificado",N,CIE-10 OPS,1
N25.0,Osteodistrofia renal,N,CIE-10 OPS,1
N25.1,Diabetes insípida nefrógena,N,CIE-10 OPS,1
N25.8,Otros trastornos resultantes de la función tubular renal,N,CIE-10 OPS,1
N25.9,"Trastorno no especificado, resultante de la función tubular",N,CIE-10 OPS,1
N27.0,"Riñón pequeño, unilateral",N,CIE-10 OPS,1
N27.1,"Riñón pequeño, bilateral",N,CIE-10 OPS,1
N27.9,"Riñón pequeño, no especificado",N,CIE-10 OPS,1
N28.0,Isquemia e infarto del riñón,N,CIE-10 OPS,1
N28.1,"Quiste de riñón, adquirido",N,CIE-10 OPS,1
N28.8,Otros trastornos especificados del riñón y del uréter,N,CIE-10 OPS,1
N28.9,"Trastorno del riñón y del uréter, no especificado",N,CIE-10 OPS,1
N30.0,Cistitis aguda,N,CIE-10 OPS,1
N30.1,Cistitis intersticial (crónica),N,CIE-10 OPS,1
N30.2,Otras cistitis crónicas,N,CIE-10 OPS,1
N30.3,Trigonitis,N,CIE-10 OPS,1
N30.4,Cistitis por irradiación,N,CIE-10 OPS,1
N30.8,Otras cistitis,N,CIE-10 OPS,1
N30.9,"Cistitis, no especificada",N,CIE-10 OPS,1
N31.0,"Vejiga neuropática no inhibida, no clasificada en otra parte",N,CIE-10 OPS,1
N31.1,"Vejiga neuropática refleja, no clasificada en otra parte",N,CIE-10 OPS,1
N31.2,"Vejiga neuropática flácida, no clasificada en otra parte",N,CIE-10 OPS,1
N31.8,Otras disfunciones neuromusculares de la vejiga,N,CIE-10 OPS,1
N31.9,"Disfunción neuromuscular de la vejiga, no especificada",N,CIE-10 OPS,1
N32.0,Obstrucción de cuello de la vejiga,N,CIE-10 OPS,1
N32.1,Fístula vesicointestinal,N,CIE-10 OPS,1
N32.2,"Fístula de la vejiga, no clasificada en otra parte",N,CIE-10 OPS,1
N32.3,Divertículo de la vejiga,N,CIE-10 OPS,1
N32.4,"Ruptura de la vejiga, no traumática",N,CIE-10 OPS,1
N32.8,Otros trastornos especificados de la vejiga,N,CIE-10 OPS,1
N32.9,"Trastorno de la vejiga, no especificado",N,CIE-10 OPS,1
N34.0,Absceso uretral,N,CIE-10 OPS,1
N34.1,Uretritis no específica,N,CIE-10 OPS,1
N34.2,Otras uretritis,N,CIE-10 OPS,1
N34.3,"Síndrome uretral, no especificado",N,CIE-10 OPS,1
N35.0,Estrechez uretral postraumática,N,CIE-10 OPS,1
N35.1,"Estrechez uretral postinfección, no clasificada en otra parte",N,CIE-10 OPS,1
N35.8,Otras estrecheces uretrales,N,CIE-10 OPS,1
N35.9,"Estrechez uretral, no especificada",N,CIE-10 OPS,1
N36.0,Fístula de la uretra,N,CIE-10 OPS,1
N36.1,Divertículo de la uretra,N,CIE-10 OPS,1
N36.2,Carúncula uretral,N,CIE-10 OPS,1
N36.3,Prolapso de la mucosa uretral,N,CIE-10 OPS,1
N36.8,Otros trastornos especificados de la uretra,N,CIE-10 OPS,1
N36.9,"Trastorno de la uretra, no especificado",N,CIE-10 OPS,1
N39.0,"Infección de vías urinarias, sitio no especificado",N,CIE-10 OPS,1
N39.1,"Proteinuria persistente, no especificada",N,CIE-10 OPS,1
N39.2,"Proteinuria ortostática, no especificada",N,CIE-10 OPS,1
N39.3,Incontinencia urinaria por tensión,N,CIE-10 OPS,1
N39.4,Otras incontinencias urinarias especificadas,N,CIE-10 OPS,1
N39.8,Otros trastornos especificados del sistema urinario,N,CIE-10 OPS,1
N39.9,"Trastorno del sistema urinario, no especificado",N,CIE-10 OPS,1
N41.0,Prostatitis aguda,N,CIE-10 OPS,1
N41.1,Prostatitis crónica,N,CIE-10 OPS,1
N41.2,Absceso de la próstata,N,CIE-10 OPS,1
N41.3,Prostatocistitis,N,CIE-10 OPS,1
N41.8,Otras enfermedades inflamatorias de la próstata,N,CIE-10 OPS,1
N41.9,"Enfermedad inflamatoria de la próstata, no especificada",N,CIE-10 OPS,1
N42.0,Cálculo de la próstata,N,CIE-10 OPS,1
N42.1,Congestión y hemorragia de la próstata,N,CIE-10 OPS,1
N42.2,Atrofia de la próstata,N,CIE-10 OPS,1
N42.8,Otros trastornos especificados de la próstata,N,CIE-10 OPS,1
N42.9,"Trastorno de la próstata, no especificado",N,CIE-10 OPS,1
N43.0,Hidrocele enquistado,N,CIE-10 OPS,1
N43.1,Hidrocele infectado,N,CIE-10 OPS,1
N43.2,Otros hidroceles,N,CIE-10 OPS,1
N43.3,"Hidrocele, no especificado",N,CIE-10 OPS,1
N43.4,Espermatocele,N,CIE-10 OPS,1
N45.0,"Orquitis, epididimitis y orquiepididimitis con absceso",N,CIE-10 OPS,1
N45.9,"Orquitis, epididimitis y orquiepididimitis sin absceso",N,CIE-10 OPS,1
N48.0,Leucoplasia del pene,N,CIE-10 OPS,1
N48.1,Balanopostitis,N,CIE-10 OPS,1
N48.2,Otros trastornos inflamatorios del pene,N,CIE-10 OPS,1
N48.3,Priapismo,N,CIE-10 OPS,1
N48.4,Impotencia de origen orgánico,N,CIE-10 OPS,1
N48.5,Úlcera del pene,N,CIE-10 OPS,1
N48.6,Induración plástica del pene,N,CIE-10 OPS,1
N48.8,Otros trastornos especificados del pene,N,CIE-10 OPS,1
N48.9,"Trastorno del pene, no especificado",N,CIE-10 OPS,1
N49.0,Trastornos inflamatorios de vesícula seminal,N,CIE-10 OPS,1
N49.1,"Trastornos inflamatorios del cordón espermático, túnica",N,CIE-10 OPS,1
N49.2,Trastornos inflamatorios del escroto,N,CIE-10 OPS,1
N49.8,Otros trastornos inflamatorios de los órganos genitales,N,CIE-10 OPS,1
N49.9,"Trastorno inflamatorio de órgano genital masculino, no",N,CIE-10 OPS,1
N50.0,Atrofia del testículo,N,CIE-10 OPS,1
N50.1,Trastornos vasculares de los órganos genitales masculinos,N,CIE-10 OPS,1
N50.8,Otros trastornos especificados de los órganos genitales,N,CIE-10 OPS,1
N50.9,Trastorno no especificado de los órganos genitales,N,CIE-10 OPS,1
N60.0,Quiste solitario de la mama,N,CIE-10 OPS,1
N60.1,Mastopatía quística difusa,N,CIE-10 OPS,1
N60.2,Fibroadenosis de mama,N,CIE-10 OPS,1
N60.3,Fibroesclerosis de mama,N,CIE-10 OPS,1
N60.4,Ectasia de conducto mamario,N,CIE-10 OPS,1
N60.8,Otras displasias mamarias benignas,N,CIE-10 OPS,1
N60.9,"Displasia mamaria benigna, sin otra especificación",N,CIE-10 OPS,1
N64.0,Fisura y fístula del pezón,N,CIE-10 OPS,1
N64.1,Necrosis grasa de la mama,N,CIE-10 OPS,1
N64.2,Atrofia de la mama,N,CIE-10 OPS,1
N64.3,Galactorrea no asociada con el parto,N,CIE-10 OPS,1
N64.4,Mastodinia,N,CIE-10 OPS,1
N64.5,Otros signos y síntomas relativos a la mama,N,CIE-10 OPS,1
N64.8,Otros trastornos especificados de la mama,N,CIE-10 OPS,1
N64.9,"Trastorno de la mama, no especificado",N,CIE-10 OPS,1
N70.0,Salpingitis y ooforitis aguda,N,CIE-10 OPS,1
N70.1,Salpingitis y ooforitis crónica,N,CIE-10 OPS,1
N70.9,"Salpingitis y ooforitis, no especificadas",N,CIE-10 OPS,1
N71.0,Enfermedad inflamatoria aguda del útero,N,CIE-10 OPS,1
N71.1,Enfermedad inflamatoria crónica del útero,N,CIE-10 OPS,1
N71.9,"Enfermedad inflamatoria del útero, no especificada",N,CIE-10 OPS,1
N73.0,Parametritis y celulitis pélvica aguda,N,CIE-10 OPS,1
N73.1,Parametritis y celulitis pélvica crónica,N,CIE-10 OPS,1
N73.2,Parametritis y celulitis pélvica no especificada,N,CIE-10 OPS,1
N73.3,"Peritonitis pélvica aguda, femenina",N,CIE-10 OPS,1
N73.4,"Peritonitis pélvica crónica, femenina",N,CIE-10 OPS,1
N73.5,"Peritonitis pélvica femenina, no especificada",N,CIE-10 OPS,1
N73.6,Adherencias peritoneales pélvicas femeninas,N,CIE-10 OPS,1
N73.8,Otras enfermedades inflamatorias pélvicas femeninas,N,CIE-10 OPS,1
N73.9,"Enfermedad inflamatoria pélvica femenina, no especificada",N,CIE-10 OPS,1
N75.0,Quiste de la glándula de Bartholin,N,CIE-10 OPS,1
N75.1,Absceso de la glándula de Bartholin,N,CIE-10 OPS,1
N75.8,Otras enfermedades de la glándula de Bartholin,N,CIE-10 OPS,1
N75.9,"Enfermedad de la glándula de Bartholin, no especificada",N,CIE-10 OPS,1
N76.0,Vaginitis aguda,N,CIE-10 OPS,1
N76.1,Vaginitis subaguda y crónica,N,CIE-10 OPS,1
N76.2,Vulvitis aguda,N,CIE-10 OPS,1
N76.3,Vulvitis subaguda y crónica,N,CIE-10 OPS,1
N76.4,Absceso vulvar,N,CIE-10 OPS,1
N76.5,Ulceración de la vagina,N,CIE-10 OPS,1
N76.6,Ulceración de la vulva,N,CIE-10 OPS,1
N76.8,Otras inflamaciones especificadas de la vagina y de la,N,CIE-10 OPS,1
N80.0,Endometriosis del útero,N,CIE-10 OPS,1
N80.1,Endometriosis del ovario,N,CIE-10 OPS,1
N80.2,Endometriosis de la trompa de Falopio,N,CIE-10 OPS,1
N80.3,Endometriosis del peritoneo pélvico,N,CIE-10 OPS,1
N80.4,Endometriosis del tabique rectovaginal y de la vagina,N,CIE-10 OPS,1
N80.5,Endometriosis del intestino,N,CIE-10 OPS,1
N80.6,Endometriosis en cicatriz cutánea,N,CIE-10 OPS,1
N80.8,Otras endometriosis,N,CIE-10 OPS,1
N80.9,"Endometriosis, no especificada",N,CIE-10 OPS,1
N81.0,Uretrocele femenino,N,CIE-10 OPS,1
N81.1,Cistocele,N,CIE-10 OPS,1
N81.2,Prolapso uterovaginal incompleto,N,CIE-10 OPS,1
N81.3,Prolapso uterovaginal completo,N,CIE-10 OPS,1
N81.4,"Prolapso uterovaginal, sin otra especificación",N,CIE-10 OPS,1
N81.5,Enterocele vaginal,N,CIE-10 OPS,1
N81.6,Rectocele,N,CIE-10 OPS,1
N81.8,Otros prolapsos genitales femeninos,N,CIE-10 OPS,1
N81.9,"Prolapso genital femenino, no especificado",N,CIE-10 OPS,1
N82.0,Fístula vesicovaginal,N,CIE-10 OPS,1
N82.1,Otras fístulas de las vías genitourinarias femeninas,N,CIE-10 OPS,1
N82.2,Fístula de la vagina al intestino delgado,N,CIE-10 OPS,1
N82.3,Fístula de la vagina al intestino grueso,N,CIE-10 OPS,1
N82.4,Otras fístulas del tracto genital femenino al tracto intestinal,N,CIE-10 OPS,1
N82.5,Fístula del tracto genital femenino a la piel,N,CIE-10 OPS,1
N82.8,Otras fístulas del tracto genital femenino,N,CIE-10 OPS,1
N82.9,"Fístula del tracto genital femenino, sin otra especificación",N,CIE-10 OPS,1
N83.0,Quiste folicular del ovario,N,CIE-10 OPS,1
N83.1,Quiste del cuerpo amarillo,N,CIE-10 OPS,1
N83.2,Otros quistes ováricos y los no especificados,N,CIE-10 OPS,1
N83.3,Atrofia adquirida del ovario y de la trompa de Falopio,N,CIE-10 OPS,1
N83.4,Prolapso y hernia del ovario y de la trompa de Falopio,N,CIE-10 OPS,1
N83.5,"Torsión de ovario, pedículo de ovario y trompa de Falopio",N,CIE-10 OPS,1
N83.6,Hematosalpinx,N,CIE-10 OPS,1
N83.7,Hematoma del ligamento ancho,N,CIE-10 OPS,1
N83.8,"Otros trastornos no inflamatorios del ovario, de la trompa",N,CIE-10 OPS,1
N83.9,"Enfermedad no inflamatoria del ovario, de la trompa de",N,CIE-10 OPS,1
N84.0,Pólipo del cuerpo del útero,N,CIE-10 OPS,1
N84.1,Pólipo del cuello del útero,N,CIE-10 OPS,1
N84.2,Pólipo de la vagina,N,CIE-10 OPS,1
N84.3,Pólipo de la vulva,N,CIE-10 OPS,1
N84.8,Pólipos de otras partes del tracto genital femenino,N,CIE-10 OPS,1
N84.9,"Pólipo del tracto genital femenino, no especificado",N,CIE-10 OPS,1
N85.0,Hiperplasia de glándula del endometrio:,N,CIE-10 OPS,1
N85.1,Hiperplasia adenomatosa del endometrio,N,CIE-10 OPS,1
N85.2,Hipertrofia del útero,N,CIE-10 OPS,1
N85.3,Subinvolución del útero,N,CIE-10 OPS,1
N85.4,Mala posición del útero,N,CIE-10 OPS,1
N85.5,Inversión del útero,N,CIE-10 OPS,1
N85.6,Sinequias intrauterinas,N,CIE-10 OPS,1
N85.7,Hematómetra,N,CIE-10 OPS,1
N85.8,Otros trastornos no inflamatorios especificados del útero,N,CIE-10 OPS,1
N85.9,"Trastorno no inflamatorio del útero, no especificado",N,CIE-10 OPS,1
N87.0,Displasia cervical leve,N,CIE-10 OPS,1
N87.1,Displasia cervical moderada,N,CIE-10 OPS,1
N87.2,"Displasia cervical severa, no clasificada en otra parte",N,CIE-10 OPS,1
N87.9,"Displasia del cuello del útero, no especificada",N,CIE-10 OPS,1
N88.0,Leucoplasia del cuello del útero,N,CIE-10 OPS,1
N88.1,Laceración antigua del cuello del útero,N,CIE-10 OPS,1
N88.2,Estrechez y estenosis del cuello del útero,N,CIE-10 OPS,1
N88.3,Incompetencia del cuello del útero,N,CIE-10 OPS,1
N88.4,Elongación hipertrófica del cuello del útero,N,CIE-10 OPS,1
N88.8,Otros trastornos no inflamatorios especificados del cuello,N,CIE-10 OPS,1
N88.9,"Trastorno no inflamatorio del cuello del útero, no",N,CIE-10 OPS,1
N89.0,Displasia vaginal leve,N,CIE-10 OPS,1
N89.1,Displasia vaginal moderada,N,CIE-10 OPS,1
N89.2,"Displasia vaginal severa, no clasificada en otra parte",N,CIE-10 OPS,1
N89.3,"Displasia de la vagina, no especificada",N,CIE-10 OPS,1
N89.4,Leucoplasia de la vagina,N,CIE-10 OPS,1
N89.5,Estrechez y atresia de la vagina,N,CIE-10 OPS,1
N89.6,Anillo de himen estrecho,N,CIE-10 OPS,1
N89.7,Hematocolpos,N,CIE-10 OPS,1
N89.8,Otros trastornos especificados no inflamatorios de la,N,CIE-10 OPS,1
N89.9,"Trastorno no inflamatorio de la vagina, no especificado",N,CIE-10 OPS,1
N90.0,Displasia vulvar leve,N,CIE-10 OPS,1
N90.1,Displasia vulvar moderada,N,CIE-10 OPS,1
N90.2,"Displasia vulvar severa, no clasificada en otra parte",N,CIE-10 OPS,1
N90.3,"Displasia de la vulva, no especificada",N,CIE-10 OPS,1
N90.4,Leucoplasia de la vulva,N,CIE-10 OPS,1
N90.5,Atrofia de la vulva,N,CIE-10 OPS,1
N90.6,Hipertrofia de la vulva,N,CIE-10 OPS,1
N90.7,Quiste de la vulva,N,CIE-10 OPS,1
N90.8,Otros trastornos no inflamatorios especificados de la vulva,N,CIE-10 OPS,1
N90.9,"Trastorno no inflamatorio de la vulva y del perineo, no",N,CIE-10 OPS,1
N91.0,Amenorrea primaria,N,CIE-10 OPS,1
N91.1,Amenorrea secundaria,N,CIE-10 OPS,1
N91.2,"Amenorrea, sin otra especificación",N,CIE-10 OPS,1
N91.3,Oligomenorrea primaria,N,CIE-10 OPS,1
N91.4,Oligomenorrea secundaria,N,CIE-10 OPS,1
N91.5,"Oligomenorrea, no especificada",N,CIE-10 OPS,1
N92.0,Menstruación excesiva y frecuente con ciclo regular,N,CIE-10 OPS,1
N92.1,Menstruación excesiva y frecuente con ciclo irregular,N,CIE-10 OPS,1
N92.2,Menstruación excesiva en la pubertad,N,CIE-10 OPS,1
N92.3,Hemorragia por ovulación,N,CIE-10 OPS,1
N92.4,Hemorragia excesiva en período premenopáusico,N,CIE-10 OPS,1
N92.5,Otras menstruaciones irregulares especificadas,N,CIE-10 OPS,1
N92.6,"Menstruación irregular, no especificada",N,CIE-10 OPS,1
N93.0,Hemorragia postcoito y postcontacto,N,CIE-10 OPS,1
N93.8,Otras hemorragias uterinas o vaginales anormales,N,CIE-10 OPS,1
N93.9,"Hemorragia vaginal y uterina anormal, no especificada",N,CIE-10 OPS,1
N94.0,Dolor intermenstrual,N,CIE-10 OPS,1
N94.1,Dispareunia,N,CIE-10 OPS,1
N94.2,Vaginismo,N,CIE-10 OPS,1
N94.3,Síndrome de tensión premenstrual,N,CIE-10 OPS,1
N94.4,Dismenorrea primaria,N,CIE-10 OPS,1
N94.5,Dismenorrea secundaria,N,CIE-10 OPS,1
N94.6,"Dismenorrea, no especificada",N,CIE-10 OPS,1
N94.8,Otras afecciones especificadas asociadas con los órganos,N,CIE-10 OPS,1
N94.9,Afecciones no especificadas asociadas con los órganos,N,CIE-10 OPS,1
N95.0,Hemorragia postmenopáusica,N,CIE-10 OPS,1
N95.1,Estados menopáusicos y climatéricos femeninos,N,CIE-10 OPS,1
N95.2,Vaginitis atrófica postmenopáusica,N,CIE-10 OPS,1
N95.3,Estados asociados con menopausia artificial,N,CIE-10 OPS,1
N95.8,Otros trastornos menopáusicos y perimenopáusicos,N,CIE-10 OPS,1
N95.9,"Trastorno menopáusico y perimenopáusico, no",N,CIE-10 OPS,1
N97.0,Infertilidad femenina asociada con falta de ovulación,N,CIE-10 OPS,1
N97.1,Infertilidad femenina de origen tubárico,N,CIE-10 OPS,1
N97.2,Infertilidad femenina de origen uterino,N,CIE-10 OPS,1
N97.3,Infertilidad femenina de origen cervical,N,CIE-10 OPS,1
N97.4,Infertilidad femenina asociada con factores masculinos,N,CIE-10 OPS,1
N97.8,Infertilidad femenina de otro origen,N,CIE-10 OPS,1
N97.9,"Infertilidad femenina, no especificada",N,CIE-10 OPS,1
N98.0,Infección asociada con inseminación artificial,N,CIE-10 OPS,1
N98.1,Hiperestimulación de ovarios,N,CIE-10 OPS,1
N98.2,Complicaciones en el intento de introducción del huevo,N,CIE-10 OPS,1
N98.3,Complicaciones en el intento de introducción del embrión,N,CIE-10 OPS,1
N98.8,Otras complicaciones asociadas con la fecundación,N,CIE-10 OPS,1
N98.9,Complicación no especificada asociada con la fecundación,N,CIE-10 OPS,1
N99.0,Insuficiencia renal consecutiva a procedimientos,N,CIE-10 OPS,1
N99.1,Estrechez uretral consecutiva a procedimientos,N,CIE-10 OPS,1
N99.2,Adherencias postoperatorias de la vagina,N,CIE-10 OPS,1
N99.3,Prolapso de la cúpula vaginal después de histerectomía,N,CIE-10 OPS,1
N99.4,Adherencias peritoneales pélvicas consecutivas a,N,CIE-10 OPS,1
N99.5,Mal funcionamiento de estoma externo de vías urinarias,N,CIE-10 OPS,1
N99.8,Otros trastornos del sistema genitourinario consecutivos a,N,CIE-10 OPS,1
N99.9,Trastorno no especificado del sistema genitourinario,N,CIE-10 OPS,1
O00.0,Embarazo abdominal,O,CIE-10 OPS,1
O00.1,Embarazo tubárico,O,CIE-10 OPS,1
O00.2,Embarazo ovárico,O,CIE-10 OPS,1
O00.8,Otros embarazos ectópicos,O,CIE-10 OPS,1
O00.9,"Embarazo ectópico, no especificado",O,CIE-10 OPS,1
O01.0,Mola hidatiforme clásica,O,CIE-10 OPS,1
O01.1,"Mola hidatiforme, incompleta o parcial",O,CIE-10 OPS,1
O01.9,"Mola hidatiforme, no especificada",O,CIE-10 OPS,1
O02.0,Detención del desarrollo del huevo y mola no hidatiforme,O,CIE-10 OPS,1
O02.1,Aborto retenido,O,CIE-10 OPS,1
O02.8,Otros productos anormales especificados de la concepción,O,CIE-10 OPS,1
O02.9,"Producto anormal de la concepción, no especificado",O,CIE-10 OPS,1
O07.0,"Falla de la inducción médica del aborto, complicado por",O,CIE-10 OPS,1
O07.1,"Falla de la inducción médica del aborto, complicado por",O,CIE-10 OPS,1
O07.2,"Falla de la inducción médica del aborto, complicado por",O,CIE-10 OPS,1
O07.3,"Falla de la inducción médica del aborto, con otras",O,CIE-10 OPS,1
O07.4,"Falla de la inducción médica del aborto, sin complicación",O,CIE-10 OPS,1
O07.5,"Otros intentos fallidos de aborto y los no especificados,",O,CIE-10 OPS,1
O07.6,"Otros intentos fallidos de aborto y los no especificados,",O,CIE-10 OPS,1
O07.7,"Otros intentos fallidos de aborto y los no especificados,",O,CIE-10 OPS,1
O07.8,"Otros intentos fallidos de aborto y los no especificados,",O,CIE-10 OPS,1
O07.9,"Otros intentos fallidos de aborto y los no especificados, sin",O,CIE-10 OPS,1
O08.0,"Infección genital y pelviana consecutiva al aborto, al",O,CIE-10 OPS,1
O08.1,"Hemorragia excesiva o tardía consecutiva al aborto, al",O,CIE-10 OPS,1
O08.2,"Embolia consecutiva al aborto, al embarazo ectópico y al",O,CIE-10 OPS,1
O08.3,"Choque consecutivo al aborto, al embarazo ectópico y al",O,CIE-10 OPS,1
O08.4,"Insuficiencia renal consecutiva al aborto, al embarazo",O,CIE-10 OPS,1
O08.5,"Trastorno metabólico consecutivo al aborto, al embarazo",O,CIE-10 OPS,1
O08.6,Lesión de órganos o tejidos de la pelvis consecutivo al,O,CIE-10 OPS,1
O08.7,"Otras complicaciones venosas consecutivas al aborto, al",O,CIE-10 OPS,1
O08.8,"Otras complicaciones consecutivas al aborto, al embarazo",O,CIE-10 OPS,1
O08.9,"Complicación no especificada consecutiva al aborto, al",O,CIE-10 OPS,1
O10.0,Hipertensión esencial preexistente que complica el,O,CIE-10 OPS,1
O10.1,Enfermedad cardíaca hipertensiva preexistente que,O,CIE-10 OPS,1
O10.2,Enfermedad renal hipertensiva preexistente que complica,O,CIE-10 OPS,1
O10.3,Enfermedad cardiorrenal hipertensiva preexistente que,O,CIE-10 OPS,1
O10.4,Hipertensión secundaria preexistente que complica el,O,CIE-10 OPS,1
O10.9,"Hipertensión preexistente no especificada, que complica el",O,CIE-10 OPS,1
O12.0,Edema gestacional,O,CIE-10 OPS,1
O12.1,Proteinuria gestacional,O,CIE-10 OPS,1
O12.2,Edema gestacional con proteinuria,O,CIE-10 OPS,1
O14.0,Preeclampsia moderada,O,CIE-10 OPS,1
O14.1,Preeclampsia severa,O,CIE-10 OPS,1
O14.9,"Preeclampsia, no especificada",O,CIE-10 OPS,1
O15.0,Eclampsia en el embarazo,O,CIE-10 OPS,1
O15.1,Eclampsia durante el trabajo de parto,O,CIE-10 OPS,1
O15.2,Eclampsia en el puerperio,O,CIE-10 OPS,1
O15.9,"Eclampsia, en período no especificado",O,CIE-10 OPS,1
O20.0,Amenaza de aborto,O,CIE-10 OPS,1
O20.8,Otras hemorragias precoces del embarazo,O,CIE-10 OPS,1
O20.9,"Hemorragia precoz del embarazo, sin otra especificación",O,CIE-10 OPS,1
O21.0,Hiperemesis gravídica leve,O,CIE-10 OPS,1
O21.1,Hiperemesis gravídica con trastornos metabólicos,O,CIE-10 OPS,1
O21.2,Hiperemesis gravídica tardía,O,CIE-10 OPS,1
O21.8,Otros vómitos que complican el embarazo,O,CIE-10 OPS,1
O21.9,"Vómitos del embarazo, no especificados",O,CIE-10 OPS,1
O22.0,Venas varicosas de los miembros inferiores en el embarazo,O,CIE-10 OPS,1
O22.1,Várices genitales en el embarazo,O,CIE-10 OPS,1
O22.2,Tromboflebitis superficial en el embarazo,O,CIE-10 OPS,1
O22.3,Flebotrombosis profunda en el embarazo,O,CIE-10 OPS,1
O22.4,Hemorroides en el embarazo,O,CIE-10 OPS,1
O22.5,Trombosis venosa cerebral en el embarazo,O,CIE-10 OPS,1
O22.8,Otras complicaciones venosas en el embarazo,O,CIE-10 OPS,1
O22.9,Complicación venosa no especificada en el embarazo,O,CIE-10 OPS,1
O23.0,Infección del riñón en el embarazo,O,CIE-10 OPS,1
O23.1,Infección de la vejiga urinaria en el embarazo,O,CIE-10 OPS,1
O23.2,Infección de la uretra en el embarazo,O,CIE-10 OPS,1
O23.3,Infección de otras partes de las vías urinarias en el,O,CIE-10 OPS,1
O23.4,Infección no especificada de las vías urinarias en el,O,CIE-10 OPS,1
O23.5,Infección genital en el embarazo,O,CIE-10 OPS,1
O23.9,Otras infecciones y las no especificadas de las vías,O,CIE-10 OPS,1
O24.0,"Diabetes mellitus preexistente insulinodependiente, en el",O,CIE-10 OPS,1
O24.1,"Diabetes mellitus preexistente no insulinodependiente, en",O,CIE-10 OPS,1
O24.2,Diabetes mellitus preexistente relacionada con,O,CIE-10 OPS,1
O24.3,"Diabetes mellitus preexistente, sin otra especificación, en",O,CIE-10 OPS,1
O24.4,Diabetes mellitus que se origina con el embarazo,O,CIE-10 OPS,1
O24.9,"Diabetes mellitus no especificada, en el embarazo",O,CIE-10 OPS,1
O26.0,Aumento excesivo de peso en el embarazo,O,CIE-10 OPS,1
O26.1,Aumento pequeño de peso en el embarazo,O,CIE-10 OPS,1
O26.2,Atención del embarazo en una abortadora habitual,O,CIE-10 OPS,1
O26.3,Retención de dispositivo anticonceptivo intrauterino en el,O,CIE-10 OPS,1
O26.4,Herpes gestacional,O,CIE-10 OPS,1
O26.5,Síndrome de hipotensión materna,O,CIE-10 OPS,1
O26.6,"Trastornos del hígado en el embarazo, el parto y el",O,CIE-10 OPS,1
O26.7,"Subluxación de la sínfisis (del pubis) en el embarazo, el",O,CIE-10 OPS,1
O26.8,Otras complicaciones especificadas relacionadas con el,O,CIE-10 OPS,1
O26.9,"Complicación relacionada con el embarazo, no",O,CIE-10 OPS,1
O28.0,Hallazgo hematológico anormal en el examen prenatal de la,O,CIE-10 OPS,1
O28.1,Hallazgo bioquímico anormal en el examen prenatal de la,O,CIE-10 OPS,1
O28.2,Hallazgo citológico anormal en el examen prenatal de la,O,CIE-10 OPS,1
O28.3,Hallazgo ultrasónico anormal en el examen prenatal de la,O,CIE-10 OPS,1
O28.4,Hallazgo radiológico anormal en el examen prenatal de la,O,CIE-10 OPS,1
O28.5,Hallazgo cromosómico o genético anormal en el examen,O,CIE-10 OPS,1
O28.8,Otros hallazgos anormales en el examen prenatal de la,O,CIE-10 OPS,1
O28.9,Hallazgo anormal no especificado en el examen prenatal de,O,CIE-10 OPS,1
O29.0,Complicaciones pulmonares de la anestesia administrada,O,CIE-10 OPS,1
O29.1,Complicaciones cardíacas de la anestesia administrada,O,CIE-10 OPS,1
O29.2,Complicaciones del sistema nervioso central debidas a la,O,CIE-10 OPS,1
O29.3,Reacción tóxica a la anestesia local administrada durante,O,CIE-10 OPS,1
O29.4,Cefalalgia inducida por la anestesia espinal o epidural,O,CIE-10 OPS,1
O29.5,Otras complicaciones de la anestesia espinal o epidural,O,CIE-10 OPS,1
O29.6,Falla o dificultad en la intubación durante el embarazo,O,CIE-10 OPS,1
O29.8,Otras complicaciones de la anestesia administrada durante,O,CIE-10 OPS,1
O29.9,Complicación no especificada de la anestesia administrada,O,CIE-10 OPS,1
O30.0,Embarazo doble,O,CIE-10 OPS,1
O30.1,Embarazo triple,O,CIE-10 OPS,1
O30.2,Embarazo cuádruple,O,CIE-10 OPS,1
O30.8,Otros embarazos múltiples,O,CIE-10 OPS,1
O30.9,"Embarazo múltiple, no especificado",O,CIE-10 OPS,1
O31.0,Feto papiráceo,O,CIE-10 OPS,1
O31.1,Embarazo que continúa después del aborto de un feto o,O,CIE-10 OPS,1
O31.2,Embarazo que continúa después de la muerte intrauterina,O,CIE-10 OPS,1
O31.8,Otras complicaciones específicas del embarazo múltiple,O,CIE-10 OPS,1
O32.0,Atención materna por posición fetal inestable,O,CIE-10 OPS,1
O32.1,Atención materna por presentación de nalgas,O,CIE-10 OPS,1
O32.2,Atención materna por posición fetal oblicua o transversa,O,CIE-10 OPS,1
O32.3,"Atención materna por presentación de cara, de frente o de",O,CIE-10 OPS,1
O32.4,Atención materna por cabeza alta en gestación a término,O,CIE-10 OPS,1
O32.5,Atención materna por embarazo múltiple con presentación,O,CIE-10 OPS,1
O32.6,Atención materna por presentación compuesta,O,CIE-10 OPS,1
O32.8,Atención materna por otras presentaciones anormales del,O,CIE-10 OPS,1
O32.9,Atención materna por presentación anormal no,O,CIE-10 OPS,1
O33.0,Atención materna por desproporción debida a deformidad,O,CIE-10 OPS,1
O33.1,Atención materna por desproporción debida a estrechez,O,CIE-10 OPS,1
O33.2,Atención materna por desproporción debida a disminución,O,CIE-10 OPS,1
O33.3,Atención materna por desproporción debida a disminución,O,CIE-10 OPS,1
O33.4,Atención materna por desproporción fetopelviana de origen,O,CIE-10 OPS,1
O33.5,Atención materna por desproporción debida a feto,O,CIE-10 OPS,1
O33.6,Atención materna por desproporción debida a feto,O,CIE-10 OPS,1
O33.7,Atención materna por desproporción debida a otra,O,CIE-10 OPS,1
O33.8,Atención materna por desproporción de otro origen,O,CIE-10 OPS,1
O33.9,Atención materna por desproporción de origen no,O,CIE-10 OPS,1
O34.0,Atención materna por anomalía congénita del útero,O,CIE-10 OPS,1
O34.1,Atención materna por tumor del cuerpo del útero,O,CIE-10 OPS,1
O34.2,Atención materna por cicatriz uterina debida a cirugía,O,CIE-10 OPS,1
O34.3,Atención materna por incompetencia del cuello uterino,O,CIE-10 OPS,1
O34.4,Atención materna por otra anormalidad del cuello uterino,O,CIE-10 OPS,1
O34.5,Atención materna por otras anormalidades del útero grávido,O,CIE-10 OPS,1
O34.6,Atención materna por anormalidad de la vagina,O,CIE-10 OPS,1
O34.7,Atención materna por anormalidad de la vulva y del perineo,O,CIE-10 OPS,1
O34.8,Atención materna por otras anormalidades de los órganos,O,CIE-10 OPS,1
O34.9,Atención materna por anormalidad no especificada de,O,CIE-10 OPS,1
O35.0,Atención materna por (presunta) malformación del sistema,O,CIE-10 OPS,1
O35.1,Atención materna por (presunta) anormalidad cromosómica,O,CIE-10 OPS,1
O35.2,Atención materna por (presunta) enfermedad hereditaria en,O,CIE-10 OPS,1
O35.3,Atención materna por (presunta) lesión fetal debida a,O,CIE-10 OPS,1
O35.4,Atención materna por (presunta) lesión al feto debida al,O,CIE-10 OPS,1
O35.5,Atención materna por (presunta) lesión fetal debida a,O,CIE-10 OPS,1
O35.6,Atención materna por (presunta) lesión al feto debida a,O,CIE-10 OPS,1
O35.7,Atención materna por (presunta) lesión fetal debida a otros,O,CIE-10 OPS,1
O35.8,Atención materna por otras (presuntas) anormalidades y,O,CIE-10 OPS,1
O35.9,Atención materna por (presunta) anormalidad y lesión fetal,O,CIE-10 OPS,1
O36.0,Atención materna por isoinmunización rhesus,O,CIE-10 OPS,1
O36.1,Atención materna por otra isoinmunización,O,CIE-10 OPS,1
O36.2,Atención materna por hidropesía fetal,O,CIE-10 OPS,1
O36.3,Atención materna por signos de hipoxia fetal,O,CIE-10 OPS,1
O36.4,Atención materna por muerte intrauterina,O,CIE-10 OPS,1
O36.5,Atención materna por déficit del crecimiento fetal,O,CIE-10 OPS,1
O36.6,Atención materna por crecimiento fetal excesivo,O,CIE-10 OPS,1
O36.7,Atención materna por feto viable en embarazo abdominal,O,CIE-10 OPS,1
O36.8,Atención materna por otros problemas fetales,O,CIE-10 OPS,1
O36.9,Atención materna por problemas fetales no especificados,O,CIE-10 OPS,1
O41.0,Oligohidramnios,O,CIE-10 OPS,1
O41.1,Infección de la bolsa amniótica o de las membranas,O,CIE-10 OPS,1
O41.8,Otros trastornos especificados del líquido amniótico y de,O,CIE-10 OPS,1
O41.9,"Trastorno del líquido amniótico y de las membranas, no",O,CIE-10 OPS,1
O42.0,"Ruptura prematura de las membranas, e inicio del trabajo",O,CIE-10 OPS,1
O42.1,"Ruptura prematura de las membranas, e inicio del trabajo",O,CIE-10 OPS,1
O42.2,"Ruptura prematura de las membranas, trabajo de parto",O,CIE-10 OPS,1
O42.9,"Ruptura prematura de las membranas, sin otra especificación",O,CIE-10 OPS,1
O43.0,Síndrome de transfusión placentaria,O,CIE-10 OPS,1
O43.1,Malformación de la placenta,O,CIE-10 OPS,1
O43.8,Otros trastornos placentarios,O,CIE-10 OPS,1
O43.9,"Trastorno de la placenta, no especificado",O,CIE-10 OPS,1
O44.0,Placenta previa con especificación de que no hubo,O,CIE-10 OPS,1
O44.1,Placenta previa con hemorragia,O,CIE-10 OPS,1
O45.0,Desprendimiento prematuro de la placenta con defecto de,O,CIE-10 OPS,1
O45.8,Otros desprendimientos prematuros de la placenta,O,CIE-10 OPS,1
O45.9,"Desprendimiento prematuro de la placenta, sin otra",O,CIE-10 OPS,1
O46.0,Hemorragia anteparto con defecto de la coagulación,O,CIE-10 OPS,1
O46.8,Otras hemorragias anteparto,O,CIE-10 OPS,1
O46.9,"Hemorragia anteparto, no especificada",O,CIE-10 OPS,1
O47.0,Falso trabajo de parto antes de las 37 semanas completas,O,CIE-10 OPS,1
O47.1,Falso trabajo de parto a las 37 y más semanas completas,O,CIE-10 OPS,1
O47.9,"Falso trabajo de parto, sin otra especificación",O,CIE-10 OPS,1
O60.0,Trabajo de parto prematuro sin parto,O,CIE-10 OPS,1
O60.1,Trabajo de parto prematuro con parto prematuro,O,CIE-10 OPS,1
O60.2,Trabajo de parto prematuro con parto a término,O,CIE-10 OPS,1
O61.0,Fracaso de la inducción médica del trabajo de parto,O,CIE-10 OPS,1
O61.1,Fracaso de la inducción instrumental del trabajo de parto,O,CIE-10 OPS,1
O61.8,Otros fracasos de la inducción del trabajo de parto,O,CIE-10 OPS,1
O61.9,Fracaso no especificado de la inducción del trabajo de,O,CIE-10 OPS,1
O62.0,Contracciones primarias inadecuadas,O,CIE-10 OPS,1
O62.1,Inercia uterina secundaria,O,CIE-10 OPS,1
O62.2,Otras inercias uterinas,O,CIE-10 OPS,1
O62.3,Trabajo de parto precipitado,O,CIE-10 OPS,1
O62.4,"Contracciones uterinas hipertónicas, incoordinadas y",O,CIE-10 OPS,1
O62.8,Otras anomalías dinámicas del trabajo de parto,O,CIE-10 OPS,1
O62.9,"Anomalía dinámica del trabajo de parto, no especificada",O,CIE-10 OPS,1
O63.0,Prolongación del primer período (del trabajo de parto),O,CIE-10 OPS,1
O63.1,Prolongación del segundo período (del trabajo de parto),O,CIE-10 OPS,1
O63.2,"Retraso de la expulsión del segundo gemelo, del tercero,",O,CIE-10 OPS,1
O63.9,"Trabajo de parto prolongado, no especificado",O,CIE-10 OPS,1
O64.0,Trabajo de parto obstruido debido a rotación incompleta de,O,CIE-10 OPS,1
O64.1,Trabajo de parto obstruido debido a presentación de nalgas,O,CIE-10 OPS,1
O64.2,Trabajo de parto obstruido debido a presentación de cara,O,CIE-10 OPS,1
O64.3,Trabajo de parto obstruido debido a presentación de frente,O,CIE-10 OPS,1
O64.4,Trabajo de parto obstruido debido a presentación de,O,CIE-10 OPS,1
O64.5,Trabajo de parto obstruido debido a presentación,O,CIE-10 OPS,1
O64.8,Trabajo de parto obstruido debido a otras presentaciones,O,CIE-10 OPS,1
O64.9,Trabajo de parto obstruido debido a presentación anormal,O,CIE-10 OPS,1
O65.0,Trabajo de parto obstruido debido a deformidad de la,O,CIE-10 OPS,1
O65.1,Trabajo de parto obstruido debido a estrechez general de la,O,CIE-10 OPS,1
O65.2,Trabajo de parto obstruido debido a disminución del,O,CIE-10 OPS,1
O65.3,Trabajo de parto obstruido debido a disminución del,O,CIE-10 OPS,1
O65.4,Trabajo de parto obstruido debido a desproporción,O,CIE-10 OPS,1
O65.5,Trabajo de parto obstruido debido a anomalías de los,O,CIE-10 OPS,1
O65.8,Trabajo de parto obstruido debido a otras anomalías,O,CIE-10 OPS,1
O65.9,Trabajo de parto obstruido debido a anomalía pelviana no,O,CIE-10 OPS,1
O66.0,Trabajo de parto obstruido debido a distocia de hombros,O,CIE-10 OPS,1
O66.1,Trabajo de parto obstruido debido a distocia gemelar,O,CIE-10 OPS,1
O66.2,Trabajo de parto obstruido debido a distocia por feto,O,CIE-10 OPS,1
O66.3,Trabajo de parto obstruido debido a otras anormalidades,O,CIE-10 OPS,1
O66.4,"Fracaso de la prueba del trabajo de parto, no especificada",O,CIE-10 OPS,1
O66.5,Fracaso no especificado de la aplicación de fórceps o de,O,CIE-10 OPS,1
O66.8,Otras obstrucciones especificadas del trabajo de parto,O,CIE-10 OPS,1
O66.9,"Trabajo de parto obstruido, sin otra especificación",O,CIE-10 OPS,1
O67.0,Hemorragia intraparto con defectos de la coagulación,O,CIE-10 OPS,1
O67.8,Otras hemorragias intraparto,O,CIE-10 OPS,1
O67.9,"Hemorragia intraparto, no especificada",O,CIE-10 OPS,1
O68.0,Trabajo de parto y parto complicados por anomalía de la,O,CIE-10 OPS,1
O68.1,Trabajo de parto y parto complicados por la presencia de,O,CIE-10 OPS,1
O68.2,Trabajo de parto y parto complicados por anomalía de la,O,CIE-10 OPS,1
O68.3,Trabajo de parto y parto complicados por evidencia,O,CIE-10 OPS,1
O68.8,Trabajo de parto y parto complicados por otras evidencias,O,CIE-10 OPS,1
O68.9,"Trabajo de parto y parto complicados por sufrimiento fetal,",O,CIE-10 OPS,1
O69.0,Trabajo de parto y parto complicados por prolapso del,O,CIE-10 OPS,1
O69.1,Trabajo de parto y parto complicados por circular,O,CIE-10 OPS,1
O69.2,Trabajo de parto y parto complicados por otros enredos del,O,CIE-10 OPS,1
O69.3,Trabajo de parto y parto complicados por cordón umbilical,O,CIE-10 OPS,1
O69.4,Trabajo de parto y parto complicados por vasa previa,O,CIE-10 OPS,1
O69.5,Trabajo de parto y parto complicados por lesión vascular,O,CIE-10 OPS,1
O69.8,Trabajo de parto y parto complicados por otros problemas,O,CIE-10 OPS,1
O69.9,Trabajo de parto y parto complicados por problemas no,O,CIE-10 OPS,1
O70.0,Desgarro perineal de primer grado durante el parto,O,CIE-10 OPS,1
O70.1,Desgarro perineal de segundo grado durante el parto,O,CIE-10 OPS,1
O70.2,Desgarro perineal de tercer grado durante el parto,O,CIE-10 OPS,1
O70.3,Desgarro perineal de cuarto grado durante el parto,O,CIE-10 OPS,1
O70.9,"Desgarro perineal durante el parto, de grado no",O,CIE-10 OPS,1
O71.0,Ruptura del útero antes del inicio del trabajo de parto,O,CIE-10 OPS,1
O71.1,Ruptura del útero durante el trabajo de parto,O,CIE-10 OPS,1
O71.2,"Inversión del útero, postparto",O,CIE-10 OPS,1
O71.3,Desgarro obstétrico del cuello uterino,O,CIE-10 OPS,1
O71.4,"Desgarro vaginal obstétrico alto, sólo",O,CIE-10 OPS,1
O71.5,Otros traumatismos obstétricos de los órganos pelvianos,O,CIE-10 OPS,1
O71.6,Traumatismo obstétrico de los ligamentos y articulaciones,O,CIE-10 OPS,1
O71.7,Hematoma obstétrico de la pelvis,O,CIE-10 OPS,1
O71.8,Otros traumas obstétricos especificados,O,CIE-10 OPS,1
O71.9,"Trauma obstétrico, no especificado",O,CIE-10 OPS,1
O72.0,Hemorragia del tercer período del parto,O,CIE-10 OPS,1
O72.1,Otras hemorragias postparto inmediatas,O,CIE-10 OPS,1
O72.2,Hemorragia postparto secundaria o tardía,O,CIE-10 OPS,1
O72.3,Defecto de la coagulación postparto,O,CIE-10 OPS,1
O73.0,Retención de la placenta sin hemorragia,O,CIE-10 OPS,1
O73.1,Retención de fragmentos de la placenta o de las,O,CIE-10 OPS,1
O74.0,Neumonitis por aspiración debida a la anestesia,O,CIE-10 OPS,1
O74.1,Otras complicaciones pulmonares debidas a la anestesia,O,CIE-10 OPS,1
O74.2,Complicaciones cardíacas de la anestesia administrada,O,CIE-10 OPS,1
O74.3,Complicaciones del sistema nervioso central por la,O,CIE-10 OPS,1
O74.4,Reacción tóxica a la anestesia local administrada durante,O,CIE-10 OPS,1
O74.5,Cefalalgia inducida por la anestesia espinal o epidural,O,CIE-10 OPS,1
O74.6,Otras complicaciones de la anestesia espinal o epidural,O,CIE-10 OPS,1
O74.7,Falla o dificultad en la intubación durante el trabajo de,O,CIE-10 OPS,1
O74.8,Otras complicaciones de la anestesia administrada durante,O,CIE-10 OPS,1
O74.9,Complicación no especificada de la anestesia administrada,O,CIE-10 OPS,1
O75.0,Sufrimiento materno durante el trabajo de parto y el parto,O,CIE-10 OPS,1
O75.1,Choque durante o después del trabajo de parto y el parto,O,CIE-10 OPS,1
O75.2,"Pirexia durante el trabajo de parto, no clasificada en otra parte",O,CIE-10 OPS,1
O75.3,Otras infecciones durante el trabajo de parto,O,CIE-10 OPS,1
O75.4,Otras complicaciones de la cirugía y de otros,O,CIE-10 OPS,1
O75.5,Retraso del parto después de la ruptura artificial de las,O,CIE-10 OPS,1
O75.6,Retraso del parto después de la ruptura espontánea o no,O,CIE-10 OPS,1
O75.7,Parto vaginal posterior a una cesárea previa,O,CIE-10 OPS,1
O75.8,Otras complicaciones especificadas del trabajo de parto,O,CIE-10 OPS,1
O75.9,Complicación no especificada del trabajo de parto y del,O,CIE-10 OPS,1
O80.0,"Parto único espontáneo, presentación cefálica de vértice",O,CIE-10 OPS,1
O80.1,"Parto único espontáneo, presentación de nalgas o podálica",O,CIE-10 OPS,1
O80.8,"Parto único espontáneo, otras presentaciones",O,CIE-10 OPS,1
O80.9,"Parto único espontáneo, sin otra especificación",O,CIE-10 OPS,1
O81.0,Parto con fórceps bajo,O,CIE-10 OPS,1
O81.1,Parto con fórceps medio,O,CIE-10 OPS,1
O81.2,Parto con fórceps medio con rotación,O,CIE-10 OPS,1
O81.3,Parto con fórceps de otros tipos y los no especificados,O,CIE-10 OPS,1
O81.4,Parto con ventosa extractora,O,CIE-10 OPS,1
O81.5,Parto con combinación de fórceps y ventosa extractora,O,CIE-10 OPS,1
O82.0,Parto por cesárea electiva,O,CIE-10 OPS,1
O82.1,Parto por cesárea de emergencia,O,CIE-10 OPS,1
O82.2,Parto por cesárea con histerectomía,O,CIE-10 OPS,1
O82.8,Otros partos únicos por cesárea,O,CIE-10 OPS,1
O82.9,"Parto por cesárea, sin otra especificación",O,CIE-10 OPS,1
O83.0,Extracción de nalgas,O,CIE-10 OPS,1
O83.1,"Otros partos únicos asistidos, de nalgas",O,CIE-10 OPS,1
O83.2,Otros partos únicos con ayuda de manipulación obstétrica,O,CIE-10 OPS,1
O83.3,Parto de feto viable en embarazo abdominal,O,CIE-10 OPS,1
O83.4,Operación destructiva para facilitar el parto,O,CIE-10 OPS,1
O83.8,Otros partos únicos asistidos especificados,O,CIE-10 OPS,1
O83.9,"Parto único asistido, sin otra especificación",O,CIE-10 OPS,1
O84.0,"Parto múltiple, todos espontáneos",O,CIE-10 OPS,1
O84.1,"Parto múltiple, todos por fórceps y ventosa extractora",O,CIE-10 OPS,1
O84.2,"Parto múltiple, todos por cesárea",O,CIE-10 OPS,1
O84.8,Otros partos múltiples,O,CIE-10 OPS,1
O84.9,"Parto múltiple, no especificado",O,CIE-10 OPS,1
O86.0,Infección de herida quirúrgica obstétrica,O,CIE-10 OPS,1
O86.1,Otras infecciones genitales consecutivas al parto,O,CIE-10 OPS,1
O86.2,Infección de las vías urinarias consecutiva al parto,O,CIE-10 OPS,1
O86.3,Otras infecciones de las vías genitourinarias consecutivas,O,CIE-10 OPS,1
O86.4,Pirexia de origen desconocido consecutiva al parto,O,CIE-10 OPS,1
O86.8,Otras infecciones puerperales especificadas,O,CIE-10 OPS,1
O87.0,Tromboflebitis superficial en el puerperio,O,CIE-10 OPS,1
O87.1,Flebotrombosis profunda en el puerperio,O,CIE-10 OPS,1
O87.2,Hemorroides en el puerperio,O,CIE-10 OPS,1
O87.3,Trombosis venosa cerebral en el puerperio,O,CIE-10 OPS,1
O87.8,Otras complicaciones venosas en el puerperio,O,CIE-10 OPS,1
O87.9,"Complicación venosa en el puerperio, no especificada",O,CIE-10 OPS,1
O88.0,"Embolia gaseosa, obstétrica",O,CIE-10 OPS,1
O88.1,Embolia de líquido amniótico,O,CIE-10 OPS,1
O88.2,"Embolia de coágulo sanguíneo, obstétrica",O,CIE-10 OPS,1
O88.3,"Embolia séptica y piémica, obstétrica",O,CIE-10 OPS,1
O88.8,Otras embolias obstétricas,O,CIE-10 OPS,1
O89.0,Complicaciones pulmonares de la anestesia administrada,O,CIE-10 OPS,1
O89.1,Complicaciones cardíacas de la anestesia administrada,O,CIE-10 OPS,1
O89.2,Complicaciones del sistema nervioso central debidas a la,O,CIE-10 OPS,1
O89.3,Reacción tóxica a la anestesia local administrada durante,O,CIE-10 OPS,1
O89.4,Cefalalgia inducida por la anestesia espinal o epidural,O,CIE-10 OPS,1
O89.5,Otras complicaciones de la anestesia espinal o epidural,O,CIE-10 OPS,1
O89.6,Falla o dificultad de intubación durante el puerperio,O,CIE-10 OPS,1
O89.8,Otras complicaciones de la anestesia administrada durante,O,CIE-10 OPS,1
O89.9,Complicación no especificada de la anestesia administrada,O,CIE-10 OPS,1
O90.0,Dehiscencia de sutura de cesárea,O,CIE-10 OPS,1
O90.1,Dehiscencia de sutura obstétrica perineal,O,CIE-10 OPS,1
O90.2,Hematoma de herida quirúrgica obstétrica,O,CIE-10 OPS,1
O90.3,Cardiomiopatía en el puerperio,O,CIE-10 OPS,1
O90.4,Insuficiencia renal aguda postparto,O,CIE-10 OPS,1
O90.5,Tiroiditis postparto,O,CIE-10 OPS,1
O90.8,"Otras complicaciones puerperales, no clasificadas en otra",O,CIE-10 OPS,1
O90.9,"Complicación puerperal, no especificada",O,CIE-10 OPS,1
O91.0,Infecciones del pezón asociadas con el parto,O,CIE-10 OPS,1
O91.1,Absceso de la mama asociado con el parto,O,CIE-10 OPS,1
O91.2,Mastitis no purulenta asociada con el parto,O,CIE-10 OPS,1
O92.0,Retracción del pezón asociada con el parto,O,CIE-10 OPS,1
O92.1,Fisuras del pezón asociadas con el parto,O,CIE-10 OPS,1
O92.2,Otros trastornos de la mama y los no especificados,O,CIE-10 OPS,1
O92.3,Agalactia,O,CIE-10 OPS,1
O92.4,Hipogalactia,O,CIE-10 OPS,1
O92.5,Supresión de la lactancia,O,CIE-10 OPS,1
O92.6,Galactorrea,O,CIE-10 OPS,1
O92.7,Otros trastornos y los no especificados de la lactancia,O,CIE-10 OPS,1
O98.0,"Tuberculosis que complica el embarazo, el parto y el",O,CIE-10 OPS,1
O98.1,"Sífilis que complica el embarazo, el parto y el puerperio",O,CIE-10 OPS,1
O98.2,"Gonorrea que complica el embarazo, el parto y el puerperio",O,CIE-10 OPS,1
O98.3,Otras infecciones con un modo de transmisión,O,CIE-10 OPS,1
O98.4,"Hepatitis viral que complica el embarazo, el parto y el",O,CIE-10 OPS,1
O98.5,"Otras enfermedades virales que complican el embarazo, el",O,CIE-10 OPS,1
O98.6,Enfermedades causadas por protozoarios que complican el,O,CIE-10 OPS,1
O98.8,Otras enfermedades infecciosas y parasitarias maternas,O,CIE-10 OPS,1
O98.9,Enfermedad infecciosa y parasitaria materna no,O,CIE-10 OPS,1
O99.0,"Anemia que complica el embarazo, el parto y el puerperio",O,CIE-10 OPS,1
O99.1,Otras enfermedades de la sangre y de los órganos,O,CIE-10 OPS,1
O99.2,"Enfermedades endocrinas, de la nutrición y del",O,CIE-10 OPS,1
O99.3,Trastornos mentales y enfermedades del sistema nervioso,O,CIE-10 OPS,1
O99.4,Enfermedades del sistema circulatorio que complican el,O,CIE-10 OPS,1
O99.5,Enfermedades del sistema respiratorio que complican el,O,CIE-10 OPS,1
O99.6,Enfermedades del sistema digestivo que complican el,O,CIE-10 OPS,1
O99.7,Enfermedades de la piel y del tejido subcutáneo que,O,CIE-10 OPS,1
O99.8,Otras enfermedades especificadas y afecciones que,O,CIE-10 OPS,1
P00.0,Feto y recién nacido afectados por trastornos hipertensivos,P,CIE-10 OPS,1
P00.1,Feto y recién nacido afectados por enfermedades renales y,P,CIE-10 OPS,1
P00.2,Feto y recién nacido afectados por enfermedades,P,CIE-10 OPS,1
P00.3,Feto y recién nacido afectados por otras enfermedades,P,CIE-10 OPS,1
P00.4,Feto y recién nacido afectados por trastornos nutricionales,P,CIE-10 OPS,1
P00.5,Feto y recién nacido afectados por traumatismo de la,P,CIE-10 OPS,1
P00.6,Feto y recién nacido afectados por procedimiento,P,CIE-10 OPS,1
P00.7,Feto y recién nacido afectados por otro procedimiento,P,CIE-10 OPS,1
P00.8,Feto y recién nacido afectados por otras afecciones,P,CIE-10 OPS,1
P00.9,Feto y recién nacido afectados por afección materna no,P,CIE-10 OPS,1
P01.0,Feto y recién nacido afectados por incompetencia del,P,CIE-10 OPS,1
P01.1,Feto y recién nacido afectados por ruptura prematura de,P,CIE-10 OPS,1
P01.2,Feto y recién nacido afectados por oligohidramnios,P,CIE-10 OPS,1
P01.3,Feto y recién nacido afectados por polihidramnios,P,CIE-10 OPS,1
P01.4,Feto y recién nacido afectados por embarazo ectópico,P,CIE-10 OPS,1
P01.5,Feto y recién nacido afectados por embarazo múltiple,P,CIE-10 OPS,1
P01.6,Feto y recién nacido afectados por muerte materna,P,CIE-10 OPS,1
P01.7,Feto y recién nacido afectados por presentación anómala,P,CIE-10 OPS,1
P01.8,Feto y recién nacido afectados por otras complicaciones,P,CIE-10 OPS,1
P01.9,Feto y recién nacido afectados por complicaciones,P,CIE-10 OPS,1
P02.0,Feto y recién nacido afectados por placenta previa,P,CIE-10 OPS,1
P02.1,Feto y recién nacido afectados por otras formas de,P,CIE-10 OPS,1
P02.2,Feto y recién nacido afectados por otras anormalidades,P,CIE-10 OPS,1
P02.3,Feto y recién nacido afectados por síndromes de,P,CIE-10 OPS,1
P02.4,Feto y recién nacido afectados por prolapso del cordón,P,CIE-10 OPS,1
P02.5,Feto y recién nacido afectados por otra compresión del,P,CIE-10 OPS,1
P02.6,Feto y recién nacido afectados por otras complicaciones,P,CIE-10 OPS,1
P02.7,Feto y recién nacido afectados por corioamnionitis,P,CIE-10 OPS,1
P02.8,Feto y recién nacido afectados por otras anormalidades de,P,CIE-10 OPS,1
P02.9,Feto y recién nacido afectados por anormalidad no,P,CIE-10 OPS,1
P03.0,Feto y recién nacido afectados por parto y extracción de,P,CIE-10 OPS,1
P03.1,Feto y recién nacido afectados por otra presentación,P,CIE-10 OPS,1
P03.2,Feto y recién nacido afectados por parto con fórceps,P,CIE-10 OPS,1
P03.3,Feto y recién nacido afectados por parto con ventosa,P,CIE-10 OPS,1
P03.4,Feto y recién nacido afectados por parto por cesárea,P,CIE-10 OPS,1
P03.5,Feto y recién nacido afectados por parto precipitado,P,CIE-10 OPS,1
P03.6,Feto y recién nacido afectados por contracciones uterinas,P,CIE-10 OPS,1
P03.8,Feto y recién nacido afectados por otras complicaciones,P,CIE-10 OPS,1
P03.9,Feto y recién nacido afectados por complicaciones no,P,CIE-10 OPS,1
P04.0,Feto y recién nacido afectados por anestesia y analgesia,P,CIE-10 OPS,1
P04.1,Feto y recién nacido afectados por otras medicaciones,P,CIE-10 OPS,1
P04.2,Feto y recién nacido afectados por tabaquismo de la madre,P,CIE-10 OPS,1
P04.3,Feto y recién nacido afectados por alcoholismo de la madre,P,CIE-10 OPS,1
P04.4,Feto y recién nacido afectados por drogadicción materna,P,CIE-10 OPS,1
P04.5,Feto y recién nacido afectados por el uso materno de,P,CIE-10 OPS,1
P04.6,Feto y recién nacido afectados por exposición materna a,P,CIE-10 OPS,1
P04.8,Feto y recién nacido afectados por otras influencias,P,CIE-10 OPS,1
P04.9,Feto y recién nacido afectados por influencias nocivas de,P,CIE-10 OPS,1
P05.0,Bajo peso para la edad gestacional,P,CIE-10 OPS,1
P05.1,Pequeño para la edad gestacional,P,CIE-10 OPS,1
P05.2,"Desnutrición fetal, sin mención de peso o talla bajos para",P,CIE-10 OPS,1
P05.9,"Retardo del crecimiento fetal, no especificado",P,CIE-10 OPS,1
P07.0,Peso extremadamente bajo al nacer,P,CIE-10 OPS,1
P07.1,Otro peso bajo al nacer,P,CIE-10 OPS,1
P07.2,Inmaturidad extrema,P,CIE-10 OPS,1
P07.3,Otros recién nacidos pretérmino,P,CIE-10 OPS,1
P08.0,Recién nacido excepcionalmente grande,P,CIE-10 OPS,1
P08.1,Otros recién nacidos con sobrepeso para la edad,P,CIE-10 OPS,1
P08.2,Recién nacido postérmino sin sobrepeso para su edad,P,CIE-10 OPS,1
P10.0,Hemorragia subdural debida a traumatismo del nacimiento,P,CIE-10 OPS,1
P10.1,Hemorragia cerebral debida a traumatismo del nacimiento,P,CIE-10 OPS,1
P10.2,Hemorragia intraventricular debida a traumatismo del,P,CIE-10 OPS,1
P10.3,Hemorragia subaracnoidea debida a traumatismo del,P,CIE-10 OPS,1
P10.4,Desgarro tentorial debido a traumatismo del nacimiento,P,CIE-10 OPS,1
P10.8,Otras hemorragias y laceraciones intracraneales debidas a,P,CIE-10 OPS,1
P10.9,"Hemorragia y laceración intracraneales no especificadas,",P,CIE-10 OPS,1
P11.0,Edema cerebral debido a traumatismo del nacimiento,P,CIE-10 OPS,1
P11.1,"Otras lesiones especificadas del encéfalo, debidas a",P,CIE-10 OPS,1
P11.2,"Lesión no especificada del encéfalo, debida a traumatismo",P,CIE-10 OPS,1
P11.3,Traumatismo del nacimiento en el nervio facial,P,CIE-10 OPS,1
P11.4,Traumatismo del nacimiento en otros nervios craneales,P,CIE-10 OPS,1
P11.5,Traumatismo del nacimiento en la columna vertebral y en la,P,CIE-10 OPS,1
P11.9,"Traumatismo del nacimiento en el sistema nervioso central,",P,CIE-10 OPS,1
P12.0,Cefalohematoma debido a traumatismo del nacimiento,P,CIE-10 OPS,1
P12.1,Caput succedaneum debido a traumatismo del nacimiento,P,CIE-10 OPS,1
P12.2,Hemorragia epicraneal subaponeurótica debida a,P,CIE-10 OPS,1
P12.3,Equimosis del cuero cabelludo debida a traumatismo del,P,CIE-10 OPS,1
P12.4,Traumatismo en el cuero cabelludo del recién nacido por,P,CIE-10 OPS,1
P12.8,Otros traumatismos del nacimiento en el cuero cabelludo,P,CIE-10 OPS,1
P12.9,"Traumatismo del nacimiento en el cuero cabelludo, no",P,CIE-10 OPS,1
P13.0,Fractura del cráneo debida a traumatismo del nacimiento,P,CIE-10 OPS,1
P13.1,Otros traumatismos del cráneo durante el nacimiento,P,CIE-10 OPS,1
P13.2,Traumatismo del fémur durante el nacimiento,P,CIE-10 OPS,1
P13.3,Traumatismo de otros huesos largos durante el nacimiento,P,CIE-10 OPS,1
P13.4,Fractura de la clavícula debida a traumatismo del,P,CIE-10 OPS,1
P13.8,Traumatismo del nacimiento en otras partes del esqueleto,P,CIE-10 OPS,1
P13.9,Traumatismo no especificado del esqueleto durante el,P,CIE-10 OPS,1
P14.0,Parálisis de Erb debida a traumatismo del nacimiento,P,CIE-10 OPS,1
P14.1,Parálisis de Klumpke debida a traumatismo del nacimiento,P,CIE-10 OPS,1
P14.2,Parálisis del nervio frénico debida a traumatismo del,P,CIE-10 OPS,1
P14.3,Otro traumatismo del plexo braquial durante el nacimiento,P,CIE-10 OPS,1
P14.8,Traumatismo durante el nacimiento en otras partes del,P,CIE-10 OPS,1
P14.9,Traumatismo no especificado del sistema nervioso,P,CIE-10 OPS,1
P15.0,Lesión del hígado durante el nacimiento,P,CIE-10 OPS,1
P15.1,Lesión del bazo durante el nacimiento,P,CIE-10 OPS,1
P15.2,Traumatismo del músculo esternocleidomastoideo durante,P,CIE-10 OPS,1
P15.3,Traumatismo ocular durante el nacimiento,P,CIE-10 OPS,1
P15.4,Traumatismo facial durante el nacimiento,P,CIE-10 OPS,1
P15.5,Traumatismo de los genitales externos durante el,P,CIE-10 OPS,1
P15.6,Necrosis grasa subcutánea debida a traumatismo del,P,CIE-10 OPS,1
P15.8,"Otros traumatismos especificados, durante el nacimiento",P,CIE-10 OPS,1
P15.9,"Traumatismo no especificado, durante el nacimiento",P,CIE-10 OPS,1
P20.0,Hipoxia intrauterina notada por primera vez antes del inicio,P,CIE-10 OPS,1
P20.1,Hipoxia intrauterina notada por primera vez durante el,P,CIE-10 OPS,1
P20.9,"Hipoxia intrauterina, no especificada",P,CIE-10 OPS,1
P21.0,"Asfixia del nacimiento, severa",P,CIE-10 OPS,1
P21.1,"Asfixia del nacimiento, leve y moderada",P,CIE-10 OPS,1
P21.9,"Asfixia del nacimiento, no especificada",P,CIE-10 OPS,1
P22.0,Síndrome de dificultad respiratoria del recién nacido,P,CIE-10 OPS,1
P22.1,Taquipnea transitoria del recién nacido,P,CIE-10 OPS,1
P22.8,Otras dificultades respiratorias del recién nacido,P,CIE-10 OPS,1
P22.9,"Dificultad respiratoria del recién nacido, no especificada",P,CIE-10 OPS,1
P23.0,Neumonía congénita debida a agente viral,P,CIE-10 OPS,1
P23.1,Neumonía congénita debida a Chlamydia,P,CIE-10 OPS,1
P23.2,Neumonía congénita debida a estafilococos,P,CIE-10 OPS,1
P23.3,Neumonía congénita debida a estreptococos del grupo B,P,CIE-10 OPS,1
P23.4,Neumonía congénita debida a Escherichia coli,P,CIE-10 OPS,1
P23.5,Neumonía congénita debida a Pseudomonas,P,CIE-10 OPS,1
P23.6,Neumonía congénita debida a otros agentes bacterianos,P,CIE-10 OPS,1
P23.8,Neumonía congénita debida a otros organismos,P,CIE-10 OPS,1
P23.9,"Neumonía congénita, organismo no especificado",P,CIE-10 OPS,1
P24.0,Aspiración neonatal de meconio,P,CIE-10 OPS,1
P24.1,Aspiración neonatal de líquido amniótico y de moco,P,CIE-10 OPS,1
P24.2,Aspiración neonatal de sangre,P,CIE-10 OPS,1
P24.3,Aspiración neonatal de leche y alimento regurgitado,P,CIE-10 OPS,1
P24.8,Otros síndromes de aspiración neonatal,P,CIE-10 OPS,1
P24.9,"Síndrome de aspiración neonatal, sin otra especificación",P,CIE-10 OPS,1
P25.0,Enfisema intersticial originado en el período perinatal,P,CIE-10 OPS,1
P25.1,Neumotórax originado en el período perinatal,P,CIE-10 OPS,1
P25.2,Neumomediastino originado en el período perinatal,P,CIE-10 OPS,1
P25.3,Neumopericardio originado en el período perinatal,P,CIE-10 OPS,1
P25.8,"Otras afecciones relacionadas con el enfisema intersticial,",P,CIE-10 OPS,1
P26.0,Hemorragia traqueobronquial originada en el período,P,CIE-10 OPS,1
P26.1,Hemorragia pulmonar masiva originada en el período,P,CIE-10 OPS,1
P26.8,Otras hemorragias pulmonares originadas en el período,P,CIE-10 OPS,1
P26.9,"Hemorragia pulmonar no especificada, originada en el",P,CIE-10 OPS,1
P27.0,Síndrome de Wilson–Mikity,P,CIE-10 OPS,1
P27.1,Displasia broncopulmonar originada en el período perinatal,P,CIE-10 OPS,1
P27.8,Otras enfermedades respiratorias crónicas originadas en el,P,CIE-10 OPS,1
P27.9,Enfermedad respiratoria crónica no especificada originada,P,CIE-10 OPS,1
P28.0,Atelectasia primaria del recién nacido,P,CIE-10 OPS,1
P28.1,Otras atelectasias del recién nacido y las no especificadas,P,CIE-10 OPS,1
P28.2,Ataque cianótico del recién nacido,P,CIE-10 OPS,1
P28.3,Apnea primaria del sueño del recién nacido,P,CIE-10 OPS,1
P28.4,Otras apneas del recién nacido,P,CIE-10 OPS,1
P28.5,Insuficiencia respiratoria del recién nacido,P,CIE-10 OPS,1
P28.8,Otros problemas respiratorios especificados del recién,P,CIE-10 OPS,1
P28.9,Afección respiratoria no especificada del recién nacido,P,CIE-10 OPS,1
P29.0,Insuficiencia cardíaca neonatal,P,CIE-10 OPS,1
P29.1,Disritmia cardíaca neonatal,P,CIE-10 OPS,1
P29.2,Hipertensión neonatal,P,CIE-10 OPS,1
P29.3,Persistencia de la circulación fetal,P,CIE-10 OPS,1
P29.4,Isquemia miocárdica transitoria del recién nacido,P,CIE-10 OPS,1
P29.8,Otros trastornos cardiovasculares originados en el período,P,CIE-10 OPS,1
P29.9,"Trastorno cardiovascular no especificado, originado en el",P,CIE-10 OPS,1
P35.0,Síndrome de rubéola congénita,P,CIE-10 OPS,1
P35.1,Infección citomegalovírica congénita,P,CIE-10 OPS,1
P35.2,Infecciones congénitas por virus del herpes simple,P,CIE-10 OPS,1
P35.3,Hepatitis viral congénita,P,CIE-10 OPS,1
P35.8,Otras enfermedades virales congénitas,P,CIE-10 OPS,1
P35.9,"Enfermedad viral congénita, sin otra especificación",P,CIE-10 OPS,1
P36.0,Sepsis del recién nacido debida a estreptococo del grupo B,P,CIE-10 OPS,1
P36.1,Sepsis del recién nacido debida a otros estreptococos y a,P,CIE-10 OPS,1
P36.2,Sepsis del recién nacido debida a Staphylococcus aureus,P,CIE-10 OPS,1
P36.3,Sepsis del recién nacido debida a otros estafilococos y a,P,CIE-10 OPS,1
P36.4,Sepsis del recién nacido debida a Escherichia coli,P,CIE-10 OPS,1
P36.5,Sepsis del recién nacido debida a anaerobios,P,CIE-10 OPS,1
P36.8,Sepsis del recién nacido debida a otras bacterias,P,CIE-10 OPS,1
P36.9,"Sepsis bacteriana del recién nacido, no especificada",P,CIE-10 OPS,1
P37.0,Tuberculosis congénita,P,CIE-10 OPS,1
P37.1,Toxoplasmosis congénita,P,CIE-10 OPS,1
P37.2,Listeriosis congénita (diseminada),P,CIE-10 OPS,1
P37.3,Paludismo congénito por Plasmodium falciparum,P,CIE-10 OPS,1
P37.4,Otros paludismos congénitos,P,CIE-10 OPS,1
P37.5,Candidiasis neonatal,P,CIE-10 OPS,1
P37.8,Otras enfermedades neonatales infecciosas o parasitarias,P,CIE-10 OPS,1
P37.9,"Enfermedad infecciosa y parasitaria congénita, no",P,CIE-10 OPS,1
P39.0,Mastitis infecciosa neonatal,P,CIE-10 OPS,1
P39.1,Conjuntivitis y dacriocistitis neonatales,P,CIE-10 OPS,1
P39.2,"Infección intraamniótica del feto, no clasificada en otra",P,CIE-10 OPS,1
P39.3,Infección neonatal de las vías urinarias,P,CIE-10 OPS,1
P39.4,Infección cutánea neonatal,P,CIE-10 OPS,1
P39.8,Otras infecciones especificadas propias del período,P,CIE-10 OPS,1
P39.9,"Infección propia del período perinatal, no especificada",P,CIE-10 OPS,1
P50.0,Pérdida de sangre fetal por vasa previa,P,CIE-10 OPS,1
P50.1,Pérdida de sangre fetal por ruptura del cordón umbilical,P,CIE-10 OPS,1
P50.2,Pérdida de sangre fetal por la placenta,P,CIE-10 OPS,1
P50.3,Hemorragia fetal hacia el otro gemelo,P,CIE-10 OPS,1
P50.4,Hemorragia fetal hacia la circulación materna,P,CIE-10 OPS,1
P50.5,Pérdida de sangre fetal por el corte del cordón umbilical en,P,CIE-10 OPS,1
P50.8,Otras pérdidas de sangre fetal,P,CIE-10 OPS,1
P50.9,"Pérdida de sangre fetal, no especificada",P,CIE-10 OPS,1
P51.0,Hemorragia umbilical masiva del recién nacido,P,CIE-10 OPS,1
P51.8,Otras hemorragias umbilicales del recién nacido,P,CIE-10 OPS,1
P51.9,"Hemorragia umbilical del recién nacido, sin otra",P,CIE-10 OPS,1
P52.0,"Hemorragia intraventricular (no traumática) grado 1, del",P,CIE-10 OPS,1
P52.1,"Hemorragia intraventricular (no traumática) grado 2, del",P,CIE-10 OPS,1
P52.2,"Hemorragia intraventricular (no traumática) grado 3, del",P,CIE-10 OPS,1
P52.3,Hemorragia intraventricular (no traumática) del feto y del,P,CIE-10 OPS,1
P52.4,Hemorragia intracerebral (no traumática) del feto y del,P,CIE-10 OPS,1
P52.5,Hemorragia subaracnoidea (no traumática) del feto y del,P,CIE-10 OPS,1
P52.6,Hemorragia cerebelosa y de la fosa posterior (no,P,CIE-10 OPS,1
P52.8,Otras hemorragias intracraneales (no traumáticas) del feto,P,CIE-10 OPS,1
P52.9,Hemorragia intracraneal (no traumática) del feto y del,P,CIE-10 OPS,1
P54.0,Hematemesis neonatal,P,CIE-10 OPS,1
P54.1,Melena neonatal,P,CIE-10 OPS,1
P54.2,Hemorragia rectal neonatal,P,CIE-10 OPS,1
P54.3,Otras hemorragias gastrointestinales neonatales,P,CIE-10 OPS,1
P54.4,Hemorragia suprarrenal neonatal,P,CIE-10 OPS,1
P54.5,Hemorragia cutánea neonatal,P,CIE-10 OPS,1
P54.6,Hemorragia vaginal neonatal,P,CIE-10 OPS,1
P54.8,Otras hemorragias fetales y neonatales especificadas,P,CIE-10 OPS,1
P54.9,"Hemorragia neonatal, no especificada",P,CIE-10 OPS,1
P55.0,Incompatibilidad Rh del feto y del recién nacido,P,CIE-10 OPS,1
P55.1,Incompatibilidad ABO del feto y del recién nacido,P,CIE-10 OPS,1
P55.8,Otras enfermedades hemolíticas del feto y del recién nacido,P,CIE-10 OPS,1
P55.9,"Enfermedad hemolítica del feto y del recién nacido, no",P,CIE-10 OPS,1
P56.0,Hidropesía fetal debida a incompatibilidad,P,CIE-10 OPS,1
P56.9,Hidropesía fetal debida a otras enfermedades hemolíticas,P,CIE-10 OPS,1
P57.0,Kernicterus debido a incompatibilidad,P,CIE-10 OPS,1
P57.8,Kernicterus debido a otras causas especificadas,P,CIE-10 OPS,1
P57.9,"Kernicterus, no especificado",P,CIE-10 OPS,1
P58.0,Ictericia neonatal debida a contusión,P,CIE-10 OPS,1
P58.1,Ictericia neonatal debida a hemorragia,P,CIE-10 OPS,1
P58.2,Ictericia neonatal debida a infección,P,CIE-10 OPS,1
P58.3,Ictericia neonatal debida a policitemia,P,CIE-10 OPS,1
P58.4,Ictericia neonatal debida a drogas o toxinas transmitidas,P,CIE-10 OPS,1
P58.5,Ictericia neonatal debida a deglución de sangre materna,P,CIE-10 OPS,1
P58.8,Ictericia neonatal debida a otras hemólisis excesivas,P,CIE-10 OPS,1
P58.9,"Ictericia neonatal debida a hemólisis excesiva, sin otra",P,CIE-10 OPS,1
P59.0,Ictericia neonatal asociada con el parto antes de término,P,CIE-10 OPS,1
P59.1,Síndrome de la bilis espesa,P,CIE-10 OPS,1
P59.2,Ictericia neonatal debida a otra lesión hepática especificada,P,CIE-10 OPS,1
P59.3,Ictericia neonatal por inhibidor de la leche materna,P,CIE-10 OPS,1
P59.8,Ictericia neonatal por otras causas especificadas,P,CIE-10 OPS,1
P59.9,"Ictericia neonatal, no especificada",P,CIE-10 OPS,1
P61.0,Trombocitopenia neonatal transitoria,P,CIE-10 OPS,1
P61.1,Policitemia neonatal,P,CIE-10 OPS,1
P61.2,Anemia de la prematuridad,P,CIE-10 OPS,1
P61.3,Anemia congénita debida a pérdida de sangre fetal,P,CIE-10 OPS,1
P61.4,"Otras anemias congénitas, no clasificadas en otra parte",P,CIE-10 OPS,1
P61.5,Neutropenia neonatal transitoria,P,CIE-10 OPS,1
P61.6,Otros trastornos neonatales transitorios de la coagulación,P,CIE-10 OPS,1
P61.8,Otros trastornos hematológicos perinatales especificados,P,CIE-10 OPS,1
P61.9,"Trastorno hematólogico perinatal, no especificado",P,CIE-10 OPS,1
P70.0,Síndrome del recién nacido de madre con diabetes,P,CIE-10 OPS,1
P70.1,Síndrome del recién nacido de madre diabética,P,CIE-10 OPS,1
P70.2,Diabetes mellitus neonatal,P,CIE-10 OPS,1
P70.3,Hipoglicemia neonatal yatrogénica,P,CIE-10 OPS,1
P70.4,Otras hipoglicemias neonatales,P,CIE-10 OPS,1
P70.8,Otros trastornos transitorios del metabolismo de los,P,CIE-10 OPS,1
P70.9,Trastorno transitorio no especificado del metabolismo de,P,CIE-10 OPS,1
P71.0,Hipocalcemia del recién nacido debida a la leche de vaca,P,CIE-10 OPS,1
P71.1,Otra hipocalcemia neonatal,P,CIE-10 OPS,1
P71.2,Hipomagnesemia neonatal,P,CIE-10 OPS,1
P71.3,Tetania neonatal sin mención de deficiencia de calcio o de,P,CIE-10 OPS,1
P71.4,Hipoparatiroidismo neonatal transitorio,P,CIE-10 OPS,1
P71.8,Otros trastornos neonatales transitorios del metabolismo,P,CIE-10 OPS,1
P71.9,Trastorno neonatal transitorio no especificado del,P,CIE-10 OPS,1
P72.0,"Bocio neonatal, no clasificado en otra parte",P,CIE-10 OPS,1
P72.1,Hipertiroidismo neonatal transitorio,P,CIE-10 OPS,1
P72.2,Otros trastornos neonatales transitorios de la función,P,CIE-10 OPS,1
P72.8,Otros trastornos endocrinos neonatales transitorios,P,CIE-10 OPS,1
P72.9,"Trastorno endocrino neonatal transitorio, no especificado",P,CIE-10 OPS,1
P74.0,Acidosis metabólica tardía del recién nacido,P,CIE-10 OPS,1
P74.1,Deshidratación del recién nacido,P,CIE-10 OPS,1
P74.2,Alteraciones del equilibrio del sodio en el recién nacido,P,CIE-10 OPS,1
P74.3,Alteraciones del equilibrio del potasio en el recién nacido,P,CIE-10 OPS,1
P74.4,Otras alteraciones electrolíticas transitorias del recién nacido,P,CIE-10 OPS,1
P74.5,Tirosinemia transitoria del recién nacido,P,CIE-10 OPS,1
P74.8,Otras alteraciones metabólicas transitorias del recién,P,CIE-10 OPS,1
P74.9,"Trastorno metabólico transitorio del recién nacido, no",P,CIE-10 OPS,1
P76.0,Síndrome del tapón de meconio,P,CIE-10 OPS,1
P76.1,Íleo transitorio del recién nacido,P,CIE-10 OPS,1
P76.2,Obstrucción intestinal debida a la leche espesa,P,CIE-10 OPS,1
P76.8,Otras obstrucciones intestinales especificadas del recién,P,CIE-10 OPS,1
P76.9,"Obstrucción intestinal del recién nacido, no especificada",P,CIE-10 OPS,1
P78.0,Perforación intestinal perinatal,P,CIE-10 OPS,1
P78.1,Otras peritonitis neonatales,P,CIE-10 OPS,1
P78.2,Hematemesis y melena neonatales debidas a la deglución,P,CIE-10 OPS,1
P78.3,Diarrea neonatal no infecciosa,P,CIE-10 OPS,1
P78.8,Otros trastornos perinatales específicos del sistema,P,CIE-10 OPS,1
P78.9,"Trastorno perinatal del sistema digestivo, no especificado",P,CIE-10 OPS,1
P80.0,Síndrome del enfriamiento,P,CIE-10 OPS,1
P80.8,Otras hipotermias del recién nacido,P,CIE-10 OPS,1
P80.9,"Hipotermia del recién nacido, no especificada",P,CIE-10 OPS,1
P81.0,Hipertermia del recién nacido inducida por las condiciones,P,CIE-10 OPS,1
P81.8,Otras alteraciones especificadas de la regulación de la,P,CIE-10 OPS,1
P81.9,Alteración no especificada de la regulación de la,P,CIE-10 OPS,1
P83.0,Esclerema neonatal,P,CIE-10 OPS,1
P83.1,Eritema tóxico neonatal,P,CIE-10 OPS,1
P83.2,Hidropesía fetal no debida a enfermedad hemolítica,P,CIE-10 OPS,1
P83.3,"Otros edemas y los no especificados, propios del feto y del",P,CIE-10 OPS,1
P83.4,Ingurgitación mamaria del recién nacido,P,CIE-10 OPS,1
P83.5,Hidrocele congénito,P,CIE-10 OPS,1
P83.6,Pólipo umbilical del recién nacido,P,CIE-10 OPS,1
P83.8,"Otras afecciones especificadas de la piel, propias del feto y",P,CIE-10 OPS,1
P83.9,"Afección no especificada de la piel, propia del feto y del",P,CIE-10 OPS,1
P91.0,Isquemia cerebral neonatal,P,CIE-10 OPS,1
P91.1,Quistes periventriculares adquiridos del recién nacido,P,CIE-10 OPS,1
P91.2,Leucomalacia cerebral neonatal,P,CIE-10 OPS,1
P91.3,Irritabilidad cerebral neonatal,P,CIE-10 OPS,1
P91.4,Depresión cerebral neonatal,P,CIE-10 OPS,1
P91.5,Coma neonatal,P,CIE-10 OPS,1
P91.6,Encefalopatía hipóxico-isquémica del recién nacido,P,CIE-10 OPS,1
P91.8,Otras alteraciones cerebrales especificadas del recién,P,CIE-10 OPS,1
P91.9,Alteración cerebral no especificada del recién nacido,P,CIE-10 OPS,1
P92.0,Vómitos del recién nacido,P,CIE-10 OPS,1
P92.1,Regurgitación y rumiación del recién nacido,P,CIE-10 OPS,1
P92.2,Lentitud en la ingestión de alimentos del recién nacido,P,CIE-10 OPS,1
P92.3,Hipoalimentación del recién nacido,P,CIE-10 OPS,1
P92.4,Hiperalimentación del recién nacido,P,CIE-10 OPS,1
P92.5,Dificultad neonatal en la lactancia materna,P,CIE-10 OPS,1
P92.8,Otros problemas de alimentación del recién nacido,P,CIE-10 OPS,1
P92.9,Problema no especificado de la alimentación del recién,P,CIE-10 OPS,1
P94.0,Miastenia grave neonatal transitoria,P,CIE-10 OPS,1
P94.1,Hipertonía congénita,P,CIE-10 OPS,1
P94.2,Hipotonía congénita,P,CIE-10 OPS,1
P94.8,Otros trastornos del tono muscular en el recién nacido,P,CIE-10 OPS,1
P94.9,Trastorno no especificado del tono muscular en el recién,P,CIE-10 OPS,1
P96.0,Insuficiencia renal congénita,P,CIE-10 OPS,1
P96.1,Síntomas neonatales de abstinencia por drogadicción materna,P,CIE-10 OPS,1
P96.2,Síntomas de abstinencia por el uso terapéutico de drogas,P,CIE-10 OPS,1
P96.3,Amplitud de las suturas craneales del recién nacido,P,CIE-10 OPS,1
P96.4,"Terminación del embarazo, afectando al feto y recién nacido",P,CIE-10 OPS,1
P96.5,"Complicaciones de procedimientos intrauterinos, no",P,CIE-10 OPS,1
P96.8,Otras afecciones especificadas originadas en el período,P,CIE-10 OPS,1
P96.9,Afección no especificada originada en el período perinatal,P,CIE-10 OPS,1
Q00.0,Anencefalia,Q,CIE-10 OPS,1
Q00.1,Craneorraquisquisis,Q,CIE-10 OPS,1
Q00.2,Iniencefalia,Q,CIE-10 OPS,1
Q01.0,Encefalocele frontal,Q,CIE-10 OPS,1
Q01.1,Encefalocele nasofrontal,Q,CIE-10 OPS,1
Q01.2,Encefalocele occipital,Q,CIE-10 OPS,1
Q01.8,Encefalocele de otros sitios,Q,CIE-10 OPS,1
Q01.9,"Encefalocele, no especificado",Q,CIE-10 OPS,1
Q03.0,Malformaciones del acueducto de Silvio,Q,CIE-10 OPS,1
Q03.1,Atresia de los agujeros de Magendie y de Luschka,Q,CIE-10 OPS,1
Q03.8,Otros hidrocéfalos congénitos,Q,CIE-10 OPS,1
Q03.9,"Hidrocéfalo congénito, no especificado",Q,CIE-10 OPS,1
Q04.0,Malformaciones congénitas del cuerpo calloso,Q,CIE-10 OPS,1
Q04.1,Arrinencefalia,Q,CIE-10 OPS,1
Q04.2,Holoprosencefalia,Q,CIE-10 OPS,1
Q04.3,Otras anomalías hipoplásicas del encéfalo,Q,CIE-10 OPS,1
Q04.4,Displasia opticoseptal,Q,CIE-10 OPS,1
Q04.5,Megalencefalia,Q,CIE-10 OPS,1
Q04.6,Quistes cerebrales congénitos,Q,CIE-10 OPS,1
Q04.8,"Otras malformaciones congénitas del encéfalo,",Q,CIE-10 OPS,1
Q04.9,"Malformación congénita del encéfalo, no especificada",Q,CIE-10 OPS,1
Q05.0,Espina bífida cervical con hidrocéfalo,Q,CIE-10 OPS,1
Q05.1,Espina bífida torácica con hidrocéfalo,Q,CIE-10 OPS,1
Q05.2,Espina bífida lumbar con hidrocéfalo,Q,CIE-10 OPS,1
Q05.3,Espina bífida sacra con hidrocéfalo,Q,CIE-10 OPS,1
Q05.4,"Espina bífida con hidrocéfalo, sin otra especificación",Q,CIE-10 OPS,1
Q05.5,Espina bífida cervical sin hidrocéfalo,Q,CIE-10 OPS,1
Q05.6,Espina bífida torácica sin hidrocéfalo,Q,CIE-10 OPS,1
Q05.7,Espina bífida lumbar sin hidrocéfalo,Q,CIE-10 OPS,1
Q05.8,Espina bífida sacra sin hidrocéfalo,Q,CIE-10 OPS,1
Q05.9,"Espina bífida, no especificada",Q,CIE-10 OPS,1
Q06.0,Amielia,Q,CIE-10 OPS,1
Q06.1,Hipoplasia y displasia de la médula espinal,Q,CIE-10 OPS,1
Q06.2,Diastematomielia,Q,CIE-10 OPS,1
Q06.3,Otras anomalías congénitas de la cola de caballo,Q,CIE-10 OPS,1
Q06.4,Hidromielia,Q,CIE-10 OPS,1
Q06.8,Otras malformaciones congénitas especificadas de la,Q,CIE-10 OPS,1
Q06.9,"Malformación congénita de la médula espinal, no",Q,CIE-10 OPS,1
Q07.0,Síndrome de Arnold–Chiari,Q,CIE-10 OPS,1
Q07.8,"Otras malformaciones congénitas del sistema nervioso,",Q,CIE-10 OPS,1
Q07.9,"Malformación congénita del sistema nervioso, no",Q,CIE-10 OPS,1
Q10.0,Blefaroptosis congénita,Q,CIE-10 OPS,1
Q10.1,Ectropión congénito,Q,CIE-10 OPS,1
Q10.2,Entropión congénito,Q,CIE-10 OPS,1
Q10.3,Otras malformaciones congénitas de los párpados,Q,CIE-10 OPS,1
Q10.4,Ausencia y agenesia del aparato lagrimal,Q,CIE-10 OPS,1
Q10.5,Estenosis y estrechez congénitas del conducto lagrimal,Q,CIE-10 OPS,1
Q10.6,Otras malformaciones congénitas del aparato lagrimal,Q,CIE-10 OPS,1
Q10.7,Malformación congénita de la órbita,Q,CIE-10 OPS,1
Q11.0,Globo ocular quístico,Q,CIE-10 OPS,1
Q11.1,Otras anoftalmías,Q,CIE-10 OPS,1
Q11.2,Microftalmía,Q,CIE-10 OPS,1
Q11.3,Macroftalmía,Q,CIE-10 OPS,1
Q12.0,Catarata congénita,Q,CIE-10 OPS,1
Q12.1,Desplazamiento congénito del cristalino,Q,CIE-10 OPS,1
Q12.2,Coloboma del cristalino,Q,CIE-10 OPS,1
Q12.3,Afaquia congénita,Q,CIE-10 OPS,1
Q12.4,Esferofaquia,Q,CIE-10 OPS,1
Q12.8,Otras malformaciones congénitas del cristalino,Q,CIE-10 OPS,1
Q12.9,"Malformación congénita del cristalino, no especificada",Q,CIE-10 OPS,1
Q13.0,Coloboma del iris,Q,CIE-10 OPS,1
Q13.1,Ausencia del iris,Q,CIE-10 OPS,1
Q13.2,Otras malformaciones congénitas del iris,Q,CIE-10 OPS,1
Q13.3,Opacidad corneal congénita,Q,CIE-10 OPS,1
Q13.4,Otras malformaciones congénitas de la córnea,Q,CIE-10 OPS,1
Q13.5,Esclerótica azul,Q,CIE-10 OPS,1
Q13.8,Otras malformaciones congénitas del segmento anterior,Q,CIE-10 OPS,1
Q13.9,"Malformación congénita del segmento anterior del ojo, no",Q,CIE-10 OPS,1
Q14.0,Malformación congénita del humor vítreo,Q,CIE-10 OPS,1
Q14.1,Malformación congénita de la retina,Q,CIE-10 OPS,1
Q14.2,Malformación congénita del disco óptico,Q,CIE-10 OPS,1
Q14.3,Malformación congénita de la coroides,Q,CIE-10 OPS,1
Q14.8,Otras malformaciones congénitas del segmento posterior,Q,CIE-10 OPS,1
Q14.9,"Malformación congénita del segmento posterior del ojo, no",Q,CIE-10 OPS,1
Q15.0,Glaucoma congénito,Q,CIE-10 OPS,1
Q15.8,"Otras malformaciones congénitas del ojo, especificadas",Q,CIE-10 OPS,1
Q15.9,"Malformaciones congénitas del ojo, no especificadas",Q,CIE-10 OPS,1
Q16.0,Ausencia congénita del pabellón (de la oreja),Q,CIE-10 OPS,1
Q16.1,"Ausencia congénita, atresia o estrechez del conducto",Q,CIE-10 OPS,1
Q16.2,Ausencia de la trompa de Eustaquio,Q,CIE-10 OPS,1
Q16.3,Malformación congénita de los huesecillos del oído,Q,CIE-10 OPS,1
Q16.4,Otras malformaciones congénitas del oído medio,Q,CIE-10 OPS,1
Q16.5,Malformación congénita del oído interno,Q,CIE-10 OPS,1
Q16.9,Malformación congénita del oído que causa alteración de la,Q,CIE-10 OPS,1
Q17.0,Oreja supernumeraria,Q,CIE-10 OPS,1
Q17.1,Macrotia,Q,CIE-10 OPS,1
Q17.2,Microtia,Q,CIE-10 OPS,1
Q17.3,Otras deformidades del pabellón auricular,Q,CIE-10 OPS,1
Q17.4,Anomalía de la posición de la oreja,Q,CIE-10 OPS,1
Q17.5,Oreja prominente,Q,CIE-10 OPS,1
Q17.8,"Otras malformaciones congénitas del oído, especificadas",Q,CIE-10 OPS,1
Q17.9,"Malformación congénita del oído, no especificada",Q,CIE-10 OPS,1
Q18.0,"Seno, fístula o quiste de la hendidura branquial",Q,CIE-10 OPS,1
Q18.1,Seno y quiste preauricular,Q,CIE-10 OPS,1
Q18.2,Otras malformaciones de las hendiduras branquiales,Q,CIE-10 OPS,1
Q18.3,Pterigión del cuello,Q,CIE-10 OPS,1
Q18.4,Macrostomía,Q,CIE-10 OPS,1
Q18.5,Microstomía,Q,CIE-10 OPS,1
Q18.6,Macroqueilia,Q,CIE-10 OPS,1
Q18.7,Microqueilia,Q,CIE-10 OPS,1
Q18.8,Otras malformaciones congénitas especificadas de cara y,Q,CIE-10 OPS,1
Q18.9,"Malformación congénita de la cara y del cuello, no",Q,CIE-10 OPS,1
Q20.0,Tronco arterioso común,Q,CIE-10 OPS,1
Q20.1,Transposición de los grandes vasos en ventrículo derecho,Q,CIE-10 OPS,1
Q20.2,Transposición de los grandes vasos en ventrículo izquierdo,Q,CIE-10 OPS,1
Q20.3,Discordancia de la conexión ventriculoarterial,Q,CIE-10 OPS,1
Q20.4,Ventrículo con doble entrada,Q,CIE-10 OPS,1
Q20.5,Discordancia de la conexión auriculoventricular,Q,CIE-10 OPS,1
Q20.6,Isomerismo de los apéndices auriculares,Q,CIE-10 OPS,1
Q20.8,Otras malformaciones congénitas de las cámaras cardíacas,Q,CIE-10 OPS,1
Q20.9,Malformación congénita de las cámaras cardíacas y sus,Q,CIE-10 OPS,1
Q21.0,Defecto del tabique ventricular,Q,CIE-10 OPS,1
Q21.1,Defecto del tabique auricular,Q,CIE-10 OPS,1
Q21.2,Defecto del tabique auriculoventricular,Q,CIE-10 OPS,1
Q21.3,Tetralogía de Fallot,Q,CIE-10 OPS,1
Q21.4,Defecto del tabique aortopulmonar,Q,CIE-10 OPS,1
Q21.8,Otras malformaciones congénitas de los tabiques,Q,CIE-10 OPS,1
Q21.9,"Malformación congénita del tabique cardíaco, no",Q,CIE-10 OPS,1
Q22.0,Atresia de la válvula pulmonar,Q,CIE-10 OPS,1
Q22.1,Estenosis congénita de la válvula pulmonar,Q,CIE-10 OPS,1
Q22.2,Insuficiencia congénita de la válvula pulmonar,Q,CIE-10 OPS,1
Q22.3,Otras malformaciones congénitas de la válvula pulmonar,Q,CIE-10 OPS,1
Q22.4,Estenosis congénita de la válvula tricúspide,Q,CIE-10 OPS,1
Q22.5,Anomalía de Ebstein,Q,CIE-10 OPS,1
Q22.6,Síndrome de hipoplasia del corazón derecho,Q,CIE-10 OPS,1
Q22.8,Otras malformaciones congénitas de la válvula tricúspide,Q,CIE-10 OPS,1
Q22.9,"Malformación congénita de la válvula tricúspide, no",Q,CIE-10 OPS,1
Q23.0,Estenosis congénita de la válvula aórtica,Q,CIE-10 OPS,1
Q23.1,Insuficiencia congénita de la válvula aórtica,Q,CIE-10 OPS,1
Q23.2,Estenosis mitral congénita,Q,CIE-10 OPS,1
Q23.3,Insuficiencia mitral congénita,Q,CIE-10 OPS,1
Q23.4,Síndrome de hipoplasia del corazón izquierdo,Q,CIE-10 OPS,1
Q23.8,Otras malformaciones congénitas de las válvulas aórtica y,Q,CIE-10 OPS,1
Q23.9,"Malformación congénita de las válvulas aórtica y mitral, no",Q,CIE-10 OPS,1
Q24.0,Dextrocardia,Q,CIE-10 OPS,1
Q24.1,Levocardia,Q,CIE-10 OPS,1
Q24.2,Corazón triauricular,Q,CIE-10 OPS,1
Q24.3,Estenosis del infundíbulo pulmonar,Q,CIE-10 OPS,1
Q24.4,Estenosis subaórtica congénita,Q,CIE-10 OPS,1
Q24.5,Malformación de los vasos coronarios,Q,CIE-10 OPS,1
Q24.6,Bloqueo cardíaco congénito,Q,CIE-10 OPS,1
Q24.8,"Otras malformaciones congénitas del corazón,",Q,CIE-10 OPS,1
Q24.9,"Malformación congénita del corazón, no especificada",Q,CIE-10 OPS,1
Q25.0,Conducto arterioso permeable,Q,CIE-10 OPS,1
Q25.1,Coartación de la aorta,Q,CIE-10 OPS,1
Q25.2,Atresia de la aorta,Q,CIE-10 OPS,1
Q25.3,Estenosis de la aorta,Q,CIE-10 OPS,1
Q25.4,Otras malformaciones congénitas de la aorta,Q,CIE-10 OPS,1
Q25.5,Atresia de la arteria pulmonar,Q,CIE-10 OPS,1
Q25.6,Estenosis de la arteria pulmonar,Q,CIE-10 OPS,1
Q25.7,Otras malformaciones congénitas de la arteria pulmonar,Q,CIE-10 OPS,1
Q25.8,Otras malformaciones congénitas de las grandes arterias,Q,CIE-10 OPS,1
Q25.9,"Malformación congénita de las grandes arterias, no",Q,CIE-10 OPS,1
Q26.0,Estenosis congénita de la vena cava,Q,CIE-10 OPS,1
Q26.1,Persistencia de la vena cava superior izquierda,Q,CIE-10 OPS,1
Q26.2,Conexión anómala total de las venas pulmonares,Q,CIE-10 OPS,1
Q26.3,Conexión anómala parcial de las venas pulmonares,Q,CIE-10 OPS,1
Q26.4,"Conexión anómala de las venas pulmonares, sin otra",Q,CIE-10 OPS,1
Q26.5,Conexión anómala de la vena porta,Q,CIE-10 OPS,1
Q26.6,Fístula arteria hepática–vena porta,Q,CIE-10 OPS,1
Q26.8,Otras malformaciones congénitas de las grandes venas,Q,CIE-10 OPS,1
Q26.9,"Malformación congénita de las grandes venas, no",Q,CIE-10 OPS,1
Q27.0,Ausencia e hipoplasia congénita de la arteria umbilical,Q,CIE-10 OPS,1
Q27.1,Estenosis congénita de la arteria renal,Q,CIE-10 OPS,1
Q27.2,Otras malformaciones congénitas de la arteria renal,Q,CIE-10 OPS,1
Q27.3,Malformación arteriovenosa periférica,Q,CIE-10 OPS,1
Q27.4,Flebectasia congénita,Q,CIE-10 OPS,1
Q27.8,Otras malformaciones congénitas del sistema vascular,Q,CIE-10 OPS,1
Q27.9,"Malformación congénita del sistema vascular periférico, no",Q,CIE-10 OPS,1
Q28.0,Malformación arteriovenosa de los vasos precerebrales,Q,CIE-10 OPS,1
Q28.1,Otras malformaciones de los vasos precerebrales,Q,CIE-10 OPS,1
Q28.2,Malformación arteriovenosa de los vasos cerebrales,Q,CIE-10 OPS,1
Q28.3,Otras malformaciones de los vasos cerebrales,Q,CIE-10 OPS,1
Q28.8,"Otras malformaciones congénitas del sistema circulatorio,",Q,CIE-10 OPS,1
Q28.9,"Malformación congénita del sistema circulatorio, no",Q,CIE-10 OPS,1
Q30.0,Atresia de las coanas,Q,CIE-10 OPS,1
Q30.1,Agenesia o hipoplasia de la nariz,Q,CIE-10 OPS,1
Q30.2,"Hendidura, fisura o muesca de la nariz",Q,CIE-10 OPS,1
Q30.3,Perforación congénita del tabique nasal,Q,CIE-10 OPS,1
Q30.8,Otras malformaciones congénitas de la nariz,Q,CIE-10 OPS,1
Q30.9,"Malformación congénita de la nariz, no especificada",Q,CIE-10 OPS,1
Q31.0,Pterigión de la laringe,Q,CIE-10 OPS,1
Q31.1,Estenosis subglótica congénita,Q,CIE-10 OPS,1
Q31.2,Hipoplasia laríngea,Q,CIE-10 OPS,1
Q31.3,Laringocele,Q,CIE-10 OPS,1
Q31.5,Laringomalacia congénita,Q,CIE-10 OPS,1
Q31.8,Otras malformaciones congénitas de la laringe,Q,CIE-10 OPS,1
Q31.9,"Malformación congénita de la laringe, no especificada",Q,CIE-10 OPS,1
Q32.0,Traqueomalacia congénita,Q,CIE-10 OPS,1
Q32.1,Otras malformaciones congénitas de la tráquea,Q,CIE-10 OPS,1
Q32.2,Broncomalacia congénita,Q,CIE-10 OPS,1
Q32.3,Estenosis congénita de los bronquios,Q,CIE-10 OPS,1
Q32.4,Otras malformaciones congénitas de los bronquios,Q,CIE-10 OPS,1
Q33.0,Quiste pulmonar congénito,Q,CIE-10 OPS,1
Q33.1,Lóbulo pulmonar supernumerario,Q,CIE-10 OPS,1
Q33.2,Secuestro del pulmón,Q,CIE-10 OPS,1
Q33.3,Agenesia del pulmón,Q,CIE-10 OPS,1
Q33.4,Bronquiectasia congénita,Q,CIE-10 OPS,1
Q33.5,Tejido ectópico en el pulmón,Q,CIE-10 OPS,1
Q33.6,Hipoplasia y displasia pulmonar,Q,CIE-10 OPS,1
Q33.8,Otras malformaciones congénitas del pulmón,Q,CIE-10 OPS,1
Q33.9,"Malformación congénita del pulmón, no especificada",Q,CIE-10 OPS,1
Q34.0,Anomalía de la pleura,Q,CIE-10 OPS,1
Q34.1,Quiste congénito del mediastino,Q,CIE-10 OPS,1
Q34.8,Otras malformaciones congénitas especificadas del,Q,CIE-10 OPS,1
Q34.9,"Malformación congénita del sistema respiratorio, no",Q,CIE-10 OPS,1
Q35.1,Fisura del paladar duro,Q,CIE-10 OPS,1
Q35.3,Fisura del paladar blando,Q,CIE-10 OPS,1
Q35.5,Fisura del paladar duro y del paladar blando,Q,CIE-10 OPS,1
Q35.7,Fisura de la úvula,Q,CIE-10 OPS,1
Q35.9,"Fisura del paladar, sin otra especificación",Q,CIE-10 OPS,1
Q36.0,"Labio leporino, bilateral",Q,CIE-10 OPS,1
Q36.1,"Labio leporino, línea media",Q,CIE-10 OPS,1
Q36.9,"Labio leporino, unilateral",Q,CIE-10 OPS,1
Q37.0,Fisura del paladar duro con labio leporino bilateral,Q,CIE-10 OPS,1
Q37.1,Fisura del paladar duro con labio leporino unilateral,Q,CIE-10 OPS,1
Q37.2,Fisura del paladar blando con labio leporino bilateral,Q,CIE-10 OPS,1
Q37.3,Fisura del paladar blando con labio leporino unilateral,Q,CIE-10 OPS,1
Q37.4,Fisura del paladar duro y del paladar blando con labio,Q,CIE-10 OPS,1
Q37.5,Fisura del paladar duro y del paladar blando con labio,Q,CIE-10 OPS,1
Q37.8,"Fisura del paladar con labio leporino bilateral, sin otra",Q,CIE-10 OPS,1
Q37.9,"Fisura del paladar con labio leporino unilateral, sin otra",Q,CIE-10 OPS,1
Q38.0,"Malformaciones congénitas de los labios, no clasificadas",Q,CIE-10 OPS,1
Q38.1,Anquiloglosia,Q,CIE-10 OPS,1
Q38.2,Macroglosia,Q,CIE-10 OPS,1
Q38.3,Otras malformaciones congénitas de la lengua,Q,CIE-10 OPS,1
Q38.4,Malformaciones congénitas de las glándulas y de los,Q,CIE-10 OPS,1
Q38.5,"Malformaciones congénitas del paladar, no clasificadas en",Q,CIE-10 OPS,1
Q38.6,Otras malformaciones congénitas de la boca,Q,CIE-10 OPS,1
Q38.7,Divertículo faríngeo,Q,CIE-10 OPS,1
Q38.8,Otras malformaciones congénitas de la faringe,Q,CIE-10 OPS,1
Q39.0,Atresia del esófago sin mención de fístula,Q,CIE-10 OPS,1
Q39.1,Atresia del esófago con fístula traqueoesofágica,Q,CIE-10 OPS,1
Q39.2,Fístula traqueoesofágica congénita sin mención de atresia,Q,CIE-10 OPS,1
Q39.3,Estrechez o estenosis congénita del esófago,Q,CIE-10 OPS,1
Q39.4,Pterigión del esófago,Q,CIE-10 OPS,1
Q39.5,Dilatación congénita del esófago,Q,CIE-10 OPS,1
Q39.6,Divertículo del esófago,Q,CIE-10 OPS,1
Q39.8,Otras malformaciones congénitas del esófago,Q,CIE-10 OPS,1
Q39.9,"Malformación congénita del esófago, no especificada",Q,CIE-10 OPS,1
Q40.0,Estenosis hipertrófica congénita del píloro,Q,CIE-10 OPS,1
Q40.1,Hernia hiatal congénita,Q,CIE-10 OPS,1
Q40.2,"Otras malformaciones congénitas del estómago,",Q,CIE-10 OPS,1
Q40.3,"Malformación congénita del estómago, no especificada",Q,CIE-10 OPS,1
Q40.8,Otras malformaciones congénitas de la parte superior del,Q,CIE-10 OPS,1
Q40.9,Malformación congénita de la parte superior del tubo,Q,CIE-10 OPS,1
Q41.0,"Ausencia, atresia y estenosis congénita del duodeno",Q,CIE-10 OPS,1
Q41.1,"Ausencia, atresia y estenosis congénita del yeyuno",Q,CIE-10 OPS,1
Q41.2,"Ausencia, atresia y estenosis congénita del íleon",Q,CIE-10 OPS,1
Q41.8,"Ausencia, atresia y estenosis congénita de otras partes",Q,CIE-10 OPS,1
Q41.9,"Ausencia, atresia y estenosis congénita del intestino",Q,CIE-10 OPS,1
Q42.0,"Ausencia, atresia y estenosis congénita del recto, con",Q,CIE-10 OPS,1
Q42.1,"Ausencia, atresia y estenosis congénita del recto, sin",Q,CIE-10 OPS,1
Q42.2,"Ausencia, atresia y estenosis congénita del ano, con fístula",Q,CIE-10 OPS,1
Q42.3,"Ausencia, atresia y estenosis congénita del ano, sin fístula",Q,CIE-10 OPS,1
Q42.8,"Ausencia, atresia y estenosis congénita de otras partes del",Q,CIE-10 OPS,1
Q42.9,"Ausencia, atresia y estenosis congénita del intestino",Q,CIE-10 OPS,1
Q43.0,Divertículo de Meckel,Q,CIE-10 OPS,1
Q43.1,Enfermedad de Hirschsprung,Q,CIE-10 OPS,1
Q43.2,Otros trastornos funcionales congénitos del colon,Q,CIE-10 OPS,1
Q43.3,Malformaciones congénitas de la fijación del intestino,Q,CIE-10 OPS,1
Q43.4,Duplicación del intestino,Q,CIE-10 OPS,1
Q43.5,Ano ectópico,Q,CIE-10 OPS,1
Q43.6,Fístula congénita del recto y del ano,Q,CIE-10 OPS,1
Q43.7,Persistencia de la cloaca,Q,CIE-10 OPS,1
Q43.8,"Otras malformaciones congénitas del intestino,",Q,CIE-10 OPS,1
Q43.9,"Malformación congénita del intestino, no especificada",Q,CIE-10 OPS,1
Q44.0,"Agenesia, aplasia e hipoplasia de la vesícula biliar",Q,CIE-10 OPS,1
Q44.1,Otras malformaciones congénitas de la vesícula biliar,Q,CIE-10 OPS,1
Q44.2,Atresia de los conductos biliares,Q,CIE-10 OPS,1
Q44.3,Estrechez y estenosis congénita de los conductos biliares,Q,CIE-10 OPS,1
Q44.4,Quiste del colédoco,Q,CIE-10 OPS,1
Q44.5,Otras malformaciones congénitas de los conductos biliares,Q,CIE-10 OPS,1
Q44.6,Enfermedad quística del hígado,Q,CIE-10 OPS,1
Q44.7,Otras malformaciones congénitas del hígado,Q,CIE-10 OPS,1
Q45.0,"Agenesia, aplasia e hipoplasia del páncreas",Q,CIE-10 OPS,1
Q45.1,Páncreas anular,Q,CIE-10 OPS,1
Q45.2,Quiste congénito del páncreas,Q,CIE-10 OPS,1
Q45.3,Otras malformaciones congénitas del páncreas y del,Q,CIE-10 OPS,1
Q45.8,"Otras malformaciones congénitas del sistema digestivo,",Q,CIE-10 OPS,1
Q45.9,"Malformación congénita del sistema digestivo, no",Q,CIE-10 OPS,1
Q50.0,Ausencia congénita de ovario,Q,CIE-10 OPS,1
Q50.1,Quiste en desarrollo del ovario,Q,CIE-10 OPS,1
Q50.2,Torsión congénita del ovario,Q,CIE-10 OPS,1
Q50.3,Otras malformaciones congénitas de los ovarios,Q,CIE-10 OPS,1
Q50.4,Quiste embrionario de la trompa de Falopio,Q,CIE-10 OPS,1
Q50.5,Quiste embrionario del ligamento ancho,Q,CIE-10 OPS,1
Q50.6,Otras malformaciones congénitas de la trompa de Falopio y,Q,CIE-10 OPS,1
Q51.0,Agenesia y aplasia del útero,Q,CIE-10 OPS,1
Q51.1,Duplicación del útero con duplicación del cuello uterino y,Q,CIE-10 OPS,1
Q51.2,Otra duplicación del útero,Q,CIE-10 OPS,1
Q51.3,Útero bicorne,Q,CIE-10 OPS,1
Q51.4,Útero unicorne,Q,CIE-10 OPS,1
Q51.5,Agenesia y aplasia del cuello uterino,Q,CIE-10 OPS,1
Q51.6,Quiste embrionario del cuello uterino,Q,CIE-10 OPS,1
Q51.7,Fístula congénita entre el útero y el tracto digestivo y urinario,Q,CIE-10 OPS,1
Q51.8,Otras malformaciones congénitas del útero y del cuello,Q,CIE-10 OPS,1
Q51.9,"Malformación congénita del útero y del cuello uterino, no",Q,CIE-10 OPS,1
Q52.0,Ausencia congénita de la vagina,Q,CIE-10 OPS,1
Q52.1,Duplicación de la vagina,Q,CIE-10 OPS,1
Q52.2,Fístula rectovaginal congénita,Q,CIE-10 OPS,1
Q52.3,Himen imperforado,Q,CIE-10 OPS,1
Q52.4,Otras malformaciones congénitas de la vagina,Q,CIE-10 OPS,1
Q52.5,Fusión de labios de la vulva,Q,CIE-10 OPS,1
Q52.6,Malformación congénita del clítoris,Q,CIE-10 OPS,1
Q52.7,Otras malformaciones congénitas de la vulva,Q,CIE-10 OPS,1
Q52.8,Otras malformaciones congénitas de los órganos genitales,Q,CIE-10 OPS,1
Q52.9,"Malformación congénita de los genitales femeninos, no",Q,CIE-10 OPS,1
Q53.0,Ectopia testicular,Q,CIE-10 OPS,1
Q53.1,"Testículo no descendido, unilateral",Q,CIE-10 OPS,1
Q53.2,"Testículo no descendido, bilateral",Q,CIE-10 OPS,1
Q53.9,"Testículo no descendido, sin otra especificación",Q,CIE-10 OPS,1
Q54.0,Hipospadias del glande,Q,CIE-10 OPS,1
Q54.1,Hipospadias peneana,Q,CIE-10 OPS,1
Q54.2,Hipospadias penoscrotal,Q,CIE-10 OPS,1
Q54.3,Hipospadias perineal,Q,CIE-10 OPS,1
Q54.4,Encordamiento congénito del pene,Q,CIE-10 OPS,1
Q54.8,Otras hipospadias,Q,CIE-10 OPS,1
Q54.9,"Hipospadias, no especificada",Q,CIE-10 OPS,1
Q55.0,Ausencia y aplasia del testículo,Q,CIE-10 OPS,1
Q55.1,Hipoplasia del testículo y del escroto,Q,CIE-10 OPS,1
Q55.2,Otras malformaciones congénitas de los testículos y del,Q,CIE-10 OPS,1
Q55.3,Atresia del conducto deferente,Q,CIE-10 OPS,1
Q55.4,Otras malformaciones congénitas de los conductos,Q,CIE-10 OPS,1
Q55.5,Aplasia y ausencia congénita del pene,Q,CIE-10 OPS,1
Q55.6,Otras malformaciones congénitas del pene,Q,CIE-10 OPS,1
Q55.8,Otras malformaciones congénitas de los órganos genitales,Q,CIE-10 OPS,1
Q55.9,Malformación congénita de los órganos genitales,Q,CIE-10 OPS,1
Q56.0,"Hermafroditismo, no clasificado en otra parte",Q,CIE-10 OPS,1
Q56.1,"Seudohermafroditismo masculino, no clasificado en otra",Q,CIE-10 OPS,1
Q56.2,"Seudohermafroditismo femenino, no clasificado en otra",Q,CIE-10 OPS,1
Q56.3,"Seudohermafroditismo, no especificado",Q,CIE-10 OPS,1
Q56.4,"Sexo indeterminado, sin otra especificación",Q,CIE-10 OPS,1
Q60.0,"Agenesia renal, unilateral",Q,CIE-10 OPS,1
Q60.1,"Agenesia renal, bilateral",Q,CIE-10 OPS,1
Q60.2,"Agenesia renal, sin otra especificación",Q,CIE-10 OPS,1
Q60.3,"Hipoplasia renal, unilateral",Q,CIE-10 OPS,1
Q60.4,"Hipoplasia renal, bilateral",Q,CIE-10 OPS,1
Q60.5,"Hipoplasia renal, no especificada",Q,CIE-10 OPS,1
Q60.6,Síndrome de Potter,Q,CIE-10 OPS,1
Q61.0,Quiste renal solitario congénito,Q,CIE-10 OPS,1
Q61.1,"Riñón poliquístico, autosómico recesivo",Q,CIE-10 OPS,1
Q61.2,"Riñón poliquístico, autosómico dominante",Q,CIE-10 OPS,1
Q61.3,"Riñón poliquístico, tipo no especificado",Q,CIE-10 OPS,1
Q61.4,Displasia renal,Q,CIE-10 OPS,1
Q61.5,Riñón quístico medular,Q,CIE-10 OPS,1
Q61.8,Otras enfermedades renales quísticas,Q,CIE-10 OPS,1
Q61.9,"Enfermedad quística del riñón, no especificada",Q,CIE-10 OPS,1
Q62.0,Hidronefrosis congénita,Q,CIE-10 OPS,1
Q62.1,Atresia y estenosis del uréter,Q,CIE-10 OPS,1
Q62.2,Megalouréter congénito,Q,CIE-10 OPS,1
Q62.3,Otros defectos obstructivos de la pelvis renal y del uréter,Q,CIE-10 OPS,1
Q62.4,Agenesia del uréter,Q,CIE-10 OPS,1
Q62.5,Duplicación del uréter,Q,CIE-10 OPS,1
Q62.6,Mala posición del uréter,Q,CIE-10 OPS,1
Q62.7,Reflujo vésico–urétero–renal congénito,Q,CIE-10 OPS,1
Q62.8,Otras malformaciones congénitas del uréter,Q,CIE-10 OPS,1
Q63.0,Riñón supernumerario,Q,CIE-10 OPS,1
Q63.1,"Riñón lobulado, fusionado y en herradura",Q,CIE-10 OPS,1
Q63.2,Riñón ectópico,Q,CIE-10 OPS,1
Q63.3,Hiperplasia renal y riñón gigante,Q,CIE-10 OPS,1
Q63.8,"Otras malformaciones congénitas del riñón, especificadas",Q,CIE-10 OPS,1
Q63.9,"Malformación congénita del riñón, no especificada",Q,CIE-10 OPS,1
Q64.0,Epispadias,Q,CIE-10 OPS,1
Q64.1,Extrofia de la vejiga urinaria,Q,CIE-10 OPS,1
Q64.2,Válvulas uretrales posteriores congénitas,Q,CIE-10 OPS,1
Q64.3,Otras atresias y estenosis de la uretra y del cuello de la vejiga,Q,CIE-10 OPS,1
Q64.4,Malformación del uraco,Q,CIE-10 OPS,1
Q64.5,Ausencia congénita de la vejiga y de la uretra,Q,CIE-10 OPS,1
Q64.6,Divertículo congénito de la vejiga,Q,CIE-10 OPS,1
Q64.7,Otras malformaciones congénitas de la vejiga y de la uretra,Q,CIE-10 OPS,1
Q64.8,"Otras malformaciones congénitas del aparato urinario,",Q,CIE-10 OPS,1
Q64.9,"Malformación congénita del aparato urinario, no",Q,CIE-10 OPS,1
Q65.0,"Luxación congénita de la cadera, unilateral",Q,CIE-10 OPS,1
Q65.1,"Luxación congénita de la cadera, bilateral",Q,CIE-10 OPS,1
Q65.2,"Luxación congénita de la cadera, no especificada",Q,CIE-10 OPS,1
Q65.3,"Subluxación congénita de la cadera, unilateral",Q,CIE-10 OPS,1
Q65.4,"Subluxación congénita de la cadera, bilateral",Q,CIE-10 OPS,1
Q65.5,"Subluxación congénita de la cadera, no especificada",Q,CIE-10 OPS,1
Q65.6,Cadera inestable,Q,CIE-10 OPS,1
Q65.8,Otras deformidades congénitas de la cadera,Q,CIE-10 OPS,1
Q65.9,"Deformidad congénita de la cadera, no especificada",Q,CIE-10 OPS,1
Q66.0,Talipes equinovarus,Q,CIE-10 OPS,1
Q66.1,Talipes calcaneovarus,Q,CIE-10 OPS,1
Q66.2,Metatarsus varus,Q,CIE-10 OPS,1
Q66.3,Otras deformidades varus congénitas de los pies,Q,CIE-10 OPS,1
Q66.4,Talipes calcaneovalgus,Q,CIE-10 OPS,1
Q66.5,Pie plano congénito,Q,CIE-10 OPS,1
Q66.6,Otras deformidades valgus congénitas de los pies,Q,CIE-10 OPS,1
Q66.7,Pie cavus,Q,CIE-10 OPS,1
Q66.8,Otras deformidades congénitas de los pies,Q,CIE-10 OPS,1
Q66.9,"Deformidad congénita de los pies, no especificada",Q,CIE-10 OPS,1
Q67.0,Asimetría facial,Q,CIE-10 OPS,1
Q67.1,Facies comprimida,Q,CIE-10 OPS,1
Q67.2,Dolicocefalia,Q,CIE-10 OPS,1
Q67.3,Plagiocefalia,Q,CIE-10 OPS,1
Q67.4,"Otras deformidades congénitas del cráneo, de la cara y de",Q,CIE-10 OPS,1
Q67.5,Deformidad congénita de la columna vertebral,Q,CIE-10 OPS,1
Q67.6,Tórax excavado,Q,CIE-10 OPS,1
Q67.7,Tórax en quilla,Q,CIE-10 OPS,1
Q67.8,Otras deformidades congénitas del tórax,Q,CIE-10 OPS,1
Q68.0,Deformidad congénita del músculo esternocleidomastoideo,Q,CIE-10 OPS,1
Q68.1,Deformidad congénita de la mano,Q,CIE-10 OPS,1
Q68.2,Deformidad congénita de la rodilla,Q,CIE-10 OPS,1
Q68.3,Curvatura congénita del fémur,Q,CIE-10 OPS,1
Q68.4,Curvatura congénita de la tibia y del peroné,Q,CIE-10 OPS,1
Q68.5,Curvatura congénita de hueso(s) largo(s) del miembro,Q,CIE-10 OPS,1
Q68.8,"Otras deformidades congénitas osteomusculares,",Q,CIE-10 OPS,1
Q69.0,Dedo(s) supernumerario(s) de la mano,Q,CIE-10 OPS,1
Q69.1,Pulgar(es) supernumerario(s),Q,CIE-10 OPS,1
Q69.2,Dedo(s) supernumerario(s) del pie,Q,CIE-10 OPS,1
Q69.9,"Polidactilia, no especificada",Q,CIE-10 OPS,1
Q70.0,Fusión de los dedos de la mano,Q,CIE-10 OPS,1
Q70.1,Membrana interdigital de la mano,Q,CIE-10 OPS,1
Q70.2,Fusión de los dedos del pie,Q,CIE-10 OPS,1
Q70.3,Membrana interdigital del pie,Q,CIE-10 OPS,1
Q70.4,Polisindactilia,Q,CIE-10 OPS,1
Q70.9,"Sindactilia, no especificada",Q,CIE-10 OPS,1
Q71.0,Ausencia congénita completa del (de los) miembro(s),Q,CIE-10 OPS,1
Q71.1,Ausencia congénita del brazo y del antebrazo con,Q,CIE-10 OPS,1
Q71.2,Ausencia congénita del antebrazo y de la mano,Q,CIE-10 OPS,1
Q71.3,Ausencia congénita de la mano y el (los) dedo(s),Q,CIE-10 OPS,1
Q71.4,Defecto por reducción longitudinal del radio,Q,CIE-10 OPS,1
Q71.5,Defecto por reducción longitudinal del cúbito,Q,CIE-10 OPS,1
Q71.6,Mano en pinza de langosta,Q,CIE-10 OPS,1
Q71.8,Otros defectos por reducción del (de los) miembro(s),Q,CIE-10 OPS,1
Q71.9,"Defecto por reducción del miembro superior, no",Q,CIE-10 OPS,1
Q72.0,Ausencia congénita completa del (de los) miembro(s),Q,CIE-10 OPS,1
Q72.1,Ausencia congénita del muslo y de la pierna con presencia,Q,CIE-10 OPS,1
Q72.2,Ausencia congénita de la pierna y del pie,Q,CIE-10 OPS,1
Q72.3,Ausencia congénita del pie y dedo(s) del pie,Q,CIE-10 OPS,1
Q72.4,Defecto por reducción longitudinal del fémur,Q,CIE-10 OPS,1
Q72.5,Defecto por reducción longitudinal de la tibia,Q,CIE-10 OPS,1
Q72.6,Defecto por reducción longitudinal del peroné,Q,CIE-10 OPS,1
Q72.7,Pie hendido,Q,CIE-10 OPS,1
Q72.8,Otros defectos por reducción del (de los) miembro(s),Q,CIE-10 OPS,1
Q72.9,"Defecto por reducción del miembro inferior, no",Q,CIE-10 OPS,1
Q73.0,Ausencia completa de miembro(s) no especificado(s),Q,CIE-10 OPS,1
Q73.1,"Focomelia, miembro(s) no especificado(s)",Q,CIE-10 OPS,1
Q73.8,Otros defectos por reducción de miembro(s) no,Q,CIE-10 OPS,1
Q74.0,Otras malformaciones congénitas del (de los) miembro(s),Q,CIE-10 OPS,1
Q74.1,Malformación congénita de la rodilla,Q,CIE-10 OPS,1
Q74.2,Otras malformaciones congénitas del (de los) miembro(s),Q,CIE-10 OPS,1
Q74.3,Artrogriposis múltiple congénita,Q,CIE-10 OPS,1
Q74.8,Otras malformaciones congénitas especificadas del (de los),Q,CIE-10 OPS,1
Q74.9,"Malformación congénita de miembro(s), no especificada",Q,CIE-10 OPS,1
Q75.0,Craneosinostosis,Q,CIE-10 OPS,1
Q75.1,Disostosis craneofacial,Q,CIE-10 OPS,1
Q75.2,Hipertelorismo,Q,CIE-10 OPS,1
Q75.3,Macrocefalia,Q,CIE-10 OPS,1
Q75.4,Disostosis maxilofacial,Q,CIE-10 OPS,1
Q75.5,Disostosis oculomaxilar,Q,CIE-10 OPS,1
Q75.8,Otras malformaciones congénitas especificadas de los,Q,CIE-10 OPS,1
Q75.9,Malformación congénita no especificada de los huesos del,Q,CIE-10 OPS,1
Q76.0,Espina bífida oculta,Q,CIE-10 OPS,1
Q76.1,Síndrome de Klippel–Feil,Q,CIE-10 OPS,1
Q76.2,Espondilolistesis congénita,Q,CIE-10 OPS,1
Q76.3,Escoliosis congénita debida a malformación congénita,Q,CIE-10 OPS,1
Q76.4,"Otra malformación congénita de la columna vertebral, no",Q,CIE-10 OPS,1
Q76.5,Costilla cervical,Q,CIE-10 OPS,1
Q76.6,Otras malformaciones congénitas de las costillas,Q,CIE-10 OPS,1
Q76.7,Malformación congénita del esternón,Q,CIE-10 OPS,1
Q76.8,Otras malformaciones congénitas del tórax óseo,Q,CIE-10 OPS,1
Q76.9,"Malformación congénita del tórax óseo, no especificada",Q,CIE-10 OPS,1
Q77.0,Acondrogénesis,Q,CIE-10 OPS,1
Q77.1,Enanismo tanatofórico,Q,CIE-10 OPS,1
Q77.2,Síndrome de costilla corta,Q,CIE-10 OPS,1
Q77.3,Condrodisplasia punctata,Q,CIE-10 OPS,1
Q77.4,Acondroplasia,Q,CIE-10 OPS,1
Q77.5,Displasia distrófica,Q,CIE-10 OPS,1
Q77.6,Displasia condroectodérmica,Q,CIE-10 OPS,1
Q77.7,Displasia espondiloepifisaria,Q,CIE-10 OPS,1
Q77.8,Otras osteocondrodisplasias con defectos del crecimiento,Q,CIE-10 OPS,1
Q77.9,Osteocondrodisplasia con defectos del crecimiento de los,Q,CIE-10 OPS,1
Q78.0,Osteogénesis imperfecta,Q,CIE-10 OPS,1
Q78.1,Displasia poliostótica fibrosa,Q,CIE-10 OPS,1
Q78.2,Osteopetrosis,Q,CIE-10 OPS,1
Q78.3,Displasia diafisaria progresiva,Q,CIE-10 OPS,1
Q78.4,Encondromatosis,Q,CIE-10 OPS,1
Q78.5,Displasia metafisaria,Q,CIE-10 OPS,1
Q78.6,Exostosis congénita múltiple,Q,CIE-10 OPS,1
Q78.8,Otras osteocondrodisplasias especificadas,Q,CIE-10 OPS,1
Q78.9,"Osteocondrodisplasia, no especificada",Q,CIE-10 OPS,1
Q79.0,Hernia diafragmática congénita,Q,CIE-10 OPS,1
Q79.1,Otras malformaciones congénitas del diafragma,Q,CIE-10 OPS,1
Q79.2,Exónfalos,Q,CIE-10 OPS,1
Q79.3,Gastrosquisis,Q,CIE-10 OPS,1
Q79.4,Síndrome del abdomen en ciruela pasa,Q,CIE-10 OPS,1
Q79.5,Otras malformaciones congénitas de la pared abdominal,Q,CIE-10 OPS,1
Q79.6,Síndrome de Ehlers–Danlos,Q,CIE-10 OPS,1
Q79.8,Otras malformaciones congénitas del sistema,Q,CIE-10 OPS,1
Q79.9,"Malformación congénita del sistema osteomuscular, no",Q,CIE-10 OPS,1
Q80.0,Ictiosis vulgar,Q,CIE-10 OPS,1
Q80.1,Ictiosis ligada al cromosoma X,Q,CIE-10 OPS,1
Q80.2,Ictiosis lamelar,Q,CIE-10 OPS,1
Q80.3,Eritrodermia ictiosiforme vesicular congénita,Q,CIE-10 OPS,1
Q80.4,Feto arlequín,Q,CIE-10 OPS,1
Q80.8,Otras ictiosis congénitas,Q,CIE-10 OPS,1
Q80.9,"Ictiosis congénita, no especificada",Q,CIE-10 OPS,1
Q81.0,Epidermólisis bullosa simple,Q,CIE-10 OPS,1
Q81.1,Epidermólisis bullosa letal,Q,CIE-10 OPS,1
Q81.2,Epidermólisis bullosa distrófica,Q,CIE-10 OPS,1
Q81.8,Otras epidermólisis bullosas,Q,CIE-10 OPS,1
Q81.9,"Epidermólisis bullosa, no especificada",Q,CIE-10 OPS,1
Q82.0,Linfedema hereditario,Q,CIE-10 OPS,1
Q82.1,Xeroderma pigmentoso,Q,CIE-10 OPS,1
Q82.2,Mastocitosis,Q,CIE-10 OPS,1
Q82.3,Incontinencia pigmentaria,Q,CIE-10 OPS,1
Q82.4,Displasia ectodérmica (anhidrótica),Q,CIE-10 OPS,1
Q82.5,"Nevo no neoplásico, congénito",Q,CIE-10 OPS,1
Q82.8,"Otras malformaciones congénitas de la piel, especificadas",Q,CIE-10 OPS,1
Q82.9,"Malformación congénita de la piel, no especificada",Q,CIE-10 OPS,1
Q83.0,Ausencia congénita de la mama con ausencia del pezón,Q,CIE-10 OPS,1
Q83.1,Mama supernumeraria,Q,CIE-10 OPS,1
Q83.2,Ausencia de pezón,Q,CIE-10 OPS,1
Q83.3,Pezón supernumerario,Q,CIE-10 OPS,1
Q83.8,Otras malformaciones congénitas de la mama,Q,CIE-10 OPS,1
Q83.9,"Malformación congénita de la mama, no especificad",Q,CIE-10 OPS,1
Q84.0,Alopecia congénita,Q,CIE-10 OPS,1
Q84.1,"Alteraciones morfológicas congénitas del pelo, no",Q,CIE-10 OPS,1
Q84.2,Otras malformaciones congénitas del pelo,Q,CIE-10 OPS,1
Q84.3,Anoniquia,Q,CIE-10 OPS,1
Q84.4,Leuconiquia congénita,Q,CIE-10 OPS,1
Q84.5,Agrandamiento e hipertrofia de las uñas,Q,CIE-10 OPS,1
Q84.6,Otras malformaciones congénitas de las uñas,Q,CIE-10 OPS,1
Q84.8,"Otras malformaciones congénitas de las faneras,",Q,CIE-10 OPS,1
Q84.9,"Malformación congénita de las faneras, no especificada",Q,CIE-10 OPS,1
Q85.0,Neurofibromatosis (no maligna),Q,CIE-10 OPS,1
Q85.1,Esclerosis tuberosa,Q,CIE-10 OPS,1
Q85.8,"Otras facomatosis, no clasificadas en otra parte",Q,CIE-10 OPS,1
Q85.9,"Facomatosis, no especificada",Q,CIE-10 OPS,1
Q86.0,Síndrome fetal (dismórfico) debido al alcohol,Q,CIE-10 OPS,1
Q86.1,Síndrome de hidantoína fetal,Q,CIE-10 OPS,1
Q86.2,Dismorfismo debido a warfarina,Q,CIE-10 OPS,1
Q86.8,Otros síndromes de malformaciones congénitas debidos a,Q,CIE-10 OPS,1
Q87.0,Síndromes de malformaciones congénitas que afectan,Q,CIE-10 OPS,1
Q87.1,Síndromes de malformaciones congénitas asociadas,Q,CIE-10 OPS,1
Q87.2,Síndromes de malformaciones congénitas que afectan,Q,CIE-10 OPS,1
Q87.3,Síndromes de malformaciones congénitas con exceso de,Q,CIE-10 OPS,1
Q87.4,Síndrome de Marfan,Q,CIE-10 OPS,1
Q87.5,Otros síndromes de malformaciones congénitas con otros,Q,CIE-10 OPS,1
Q87.8,Otros síndromes de malformaciones congénitas,Q,CIE-10 OPS,1
Q89.0,Malformaciones congénitas del bazo,Q,CIE-10 OPS,1
Q89.1,Malformaciones congénitas de la glándula suprarrenal,Q,CIE-10 OPS,1
Q89.2,Malformaciones congénitas de otras glándulas endocrinas,Q,CIE-10 OPS,1
Q89.3,Situs inversus,Q,CIE-10 OPS,1
Q89.4,Gemelos siameses,Q,CIE-10 OPS,1
Q89.7,"Malformaciones congénitas múltiples, no clasificadas en",Q,CIE-10 OPS,1
Q89.8,"Otras malformaciones congénitas, especificadas",Q,CIE-10 OPS,1
Q89.9,"Malformación congénita, no especificada",Q,CIE-10 OPS,1
Q90.0,"Trisomía 21, por falta de disyunción meiótica",Q,CIE-10 OPS,1
Q90.1,"Trisomía 21, mosaico (por falta de disyunción mitótica)",Q,CIE-10 OPS,1
Q90.2,"Trisomía 21, por translocación",Q,CIE-10 OPS,1
Q90.9,"Síndrome de Down, no especificado",Q,CIE-10 OPS,1
Q91.0,"Trisomía 18, por falta de disyunción meiótica",Q,CIE-10 OPS,1
Q91.1,"Trisomía 18, mosaico (por falta de disyunción mitótica)",Q,CIE-10 OPS,1
Q91.2,"Trisomía 18, por translocación",Q,CIE-10 OPS,1
Q91.3,"Síndrome de Edwards, no especificado",Q,CIE-10 OPS,1
Q91.4,"Trisomía 13, por falta de disyunción meiótica",Q,CIE-10 OPS,1
Q91.5,"Trisomía 13, mosaico (por falta de disyunción mitótica)",Q,CIE-10 OPS,1
Q91.6,"Trisomía 13, por translocación",Q,CIE-10 OPS,1
Q91.7,"Síndrome de Patau, no especificado",Q,CIE-10 OPS,1
Q92.0,"Trisomía de un cromosoma completo, por falta de",Q,CIE-10 OPS,1
Q92.1,"Trisomía de un cromosoma completo, mosaico (por falta",Q,CIE-10 OPS,1
Q92.2,Trisomía parcial mayor,Q,CIE-10 OPS,1
Q92.3,Trisomía parcial menor,Q,CIE-10 OPS,1
Q92.4,Duplicaciones visibles sólo en la prometafase,Q,CIE-10 OPS,1
Q92.5,Duplicaciones con otros reordenamientos complejos,Q,CIE-10 OPS,1
Q92.6,Cromosomas marcadores suplementarios,Q,CIE-10 OPS,1
Q92.7,Triploidía y poliploidía,Q,CIE-10 OPS,1
Q92.8,"Otras trisomías y trisomías parciales de los autosomas,",Q,CIE-10 OPS,1
Q92.9,"Trisomía y trisomía parcial de los autosomas, sin otra",Q,CIE-10 OPS,1
Q93.0,"Monosomía completa de un cromosoma, por falta de",Q,CIE-10 OPS,1
Q93.1,"Monosomía completa de un cromosoma, mosaico (por falta",Q,CIE-10 OPS,1
Q93.2,Cromosoma reemplazado por anillo o dicéntrico,Q,CIE-10 OPS,1
Q93.3,Supresión del brazo corto del cromosoma 4,Q,CIE-10 OPS,1
Q93.4,Supresión del brazo corto del cromosoma 5,Q,CIE-10 OPS,1
Q93.5,Otras supresiones de parte de un cromosoma,Q,CIE-10 OPS,1
Q93.6,Supresiones visibles sólo en la prometafase,Q,CIE-10 OPS,1
Q93.7,Supresiones con otros reordenamientos complejos,Q,CIE-10 OPS,1
Q93.8,Otras supresiones de los autosomas,Q,CIE-10 OPS,1
Q93.9,"Supresión de los autosomas, no especificada",Q,CIE-10 OPS,1
Q95.0,Translocación equilibrada e inserción en individuo normal,Q,CIE-10 OPS,1
Q95.1,Inversión cromosómica en individuo normal,Q,CIE-10 OPS,1
Q95.2,Reordenamiento autosómico equilibrado en individuo,Q,CIE-10 OPS,1
Q95.3,Reordenamiento autosómico/sexual equilibrado en,Q,CIE-10 OPS,1
Q95.4,Individuos con heterocromatina marcadora,Q,CIE-10 OPS,1
Q95.5,Individuos con sitio frágil autosómico,Q,CIE-10 OPS,1
Q95.8,Otros reordenamientos equilibrados y marcadores,Q,CIE-10 OPS,1
Q95.9,"Reordenamiento equilibrado y marcador estructural, sin",Q,CIE-10 OPS,1
Q96.0,"Cariotipo 45,X",Q,CIE-10 OPS,1
Q96.1,"Cariotipo 46,X iso (Xq)",Q,CIE-10 OPS,1
Q96.2,"Cariotipo 46,X con cromosoma sexual anormal excepto iso",Q,CIE-10 OPS,1
Q96.3,"Mosaico 45,X/46,XX o XY",Q,CIE-10 OPS,1
Q96.4,"Mosaico 45,X/otra(s) línea(s) celular(es) con cromosoma",Q,CIE-10 OPS,1
Q96.8,Otras variantes del síndrome de Turner,Q,CIE-10 OPS,1
Q96.9,"Síndrome de Turner, no especificado",Q,CIE-10 OPS,1
Q97.0,"Cariotipo 47,XXX",Q,CIE-10 OPS,1
Q97.1,Mujer con más de tres cromosomas X,Q,CIE-10 OPS,1
Q97.2,"Mosaico, líneas con número variable de cromosomas X",Q,CIE-10 OPS,1
Q97.3,"Mujer con cariotipo 46,XY",Q,CIE-10 OPS,1
Q97.8,"Otras anomalías de los cromosomas sexuales, con fenotipo",Q,CIE-10 OPS,1
Q97.9,"Anomalía de los cromosomas sexuales, con fenotipo",Q,CIE-10 OPS,1
Q98.0,"Síndrome de Klinefelter, cariotipo 47,XXY",Q,CIE-10 OPS,1
Q98.1,"Síndrome de Klinefelter, hombre con más de dos",Q,CIE-10 OPS,1
Q98.2,"Síndrome de Klinefelter, hombre con cariotipo 46,XX",Q,CIE-10 OPS,1
Q98.3,"Otro hombre con cariotipo 46,XX",Q,CIE-10 OPS,1
Q98.4,"Síndrome de Klinefelter, no especificado",Q,CIE-10 OPS,1
Q98.5,"Cariotipo 47,XYY",Q,CIE-10 OPS,1
Q98.6,Hombre con cromosoma sexual estructuralmente anormal,Q,CIE-10 OPS,1
Q98.7,Hombre con mosaico de cromosomas sexuales,Q,CIE-10 OPS,1
Q98.8,"Otras anomalías de los cromosomas sexuales, con fenotipo",Q,CIE-10 OPS,1
Q98.9,"Anomalía de los cromosomas sexuales, fenotipo",Q,CIE-10 OPS,1
Q99.0,"Quimera 46,XX/46,XY",Q,CIE-10 OPS,1
Q99.1,"Hermafrodita verdadero 46,XX",Q,CIE-10 OPS,1
Q99.2,Cromosoma X frágil,Q,CIE-10 OPS,1
Q99.8,"Otras anomalías de los cromosomas, especificadas",Q,CIE-10 OPS,1
Q99.9,"Anomalía cromosómica, no especificada",Q,CIE-10 OPS,1
R00.0,"Taquicardia, no especificada",R,CIE-10 OPS,1
R00.1,"Bradicardia, no especificada",R,CIE-10 OPS,1
R00.2,Palpitaciones,R,CIE-10 OPS,1
R00.8,Otras anormalidades del latido cardíaco y las no especificadas,R,CIE-10 OPS,1
R01.0,Soplos cardíacos benignos o inocentes,R,CIE-10 OPS,1
R01.1,"Soplo cardíaco, no especificado",R,CIE-10 OPS,1
R01.2,Otros sonidos cardíacos,R,CIE-10 OPS,1
R03.0,"Lectura elevada de la presión sanguínea, sin diagnóstico",R,CIE-10 OPS,1
R03.1,Lectura de presión baja no específica,R,CIE-10 OPS,1
R04.0,Epistaxis,R,CIE-10 OPS,1
R04.1,Hemorragia de la garganta,R,CIE-10 OPS,1
R04.2,Hemoptisis,R,CIE-10 OPS,1
R04.8,Hemorragia de otros sitios de las vías respiratorias,R,CIE-10 OPS,1
R04.9,"Hemorragia de las vías respiratorias, no especificada",R,CIE-10 OPS,1
R06.0,Disnea,R,CIE-10 OPS,1
R06.1,Estridor,R,CIE-10 OPS,1
R06.2,Silbido,R,CIE-10 OPS,1
R06.3,Respiración periódica,R,CIE-10 OPS,1
R06.4,Hiperventilación,R,CIE-10 OPS,1
R06.5,Respiración con la boca,R,CIE-10 OPS,1
R06.6,Hipo,R,CIE-10 OPS,1
R06.7,Estornudo,R,CIE-10 OPS,1
R06.8,Otras anormalidades de la respiración y las no,R,CIE-10 OPS,1
R07.0,Dolor de garganta,R,CIE-10 OPS,1
R07.1,Dolor en el pecho al respirar,R,CIE-10 OPS,1
R07.2,Dolor precordial,R,CIE-10 OPS,1
R07.3,Otros dolores en el pecho,R,CIE-10 OPS,1
R07.4,"Dolor en el pecho, no especificado",R,CIE-10 OPS,1
R09.0,Asfixia,R,CIE-10 OPS,1
R09.1,Pleuresía,R,CIE-10 OPS,1
R09.2,Paro respiratorio,R,CIE-10 OPS,1
R09.3,Esputo anormal,R,CIE-10 OPS,1
R09.8,Otros síntomas y signos especificados que involucran los,R,CIE-10 OPS,1
R10.0,Abdomen agudo,R,CIE-10 OPS,1
R10.1,Dolor abdominal localizado en parte superior,R,CIE-10 OPS,1
R10.2,Dolor pélvico y perineal,R,CIE-10 OPS,1
R10.3,Dolor localizado en otras partes inferiores del abdomen,R,CIE-10 OPS,1
R10.4,Otros dolores abdominales y los no especificados,R,CIE-10 OPS,1
R16.0,"Hepatomegalia, no clasificada en otra parte",R,CIE-10 OPS,1
R16.1,"Esplenomegalia, no clasificada en otra parte",R,CIE-10 OPS,1
R16.2,"Hepatomegalia con esplenomegalia, no clasificadas en otra",R,CIE-10 OPS,1
R19.0,"Tumefacción, masa o prominencia intraabdominal y pélvica",R,CIE-10 OPS,1
R19.1,Sonidos intestinales anormales,R,CIE-10 OPS,1
R19.2,Peristalsis visible,R,CIE-10 OPS,1
R19.3,Rigidez abdominal,R,CIE-10 OPS,1
R19.4,Cambios en los hábitos intestinales,R,CIE-10 OPS,1
R19.5,Otras anormalidades fecales,R,CIE-10 OPS,1
R19.6,Halitosis,R,CIE-10 OPS,1
R19.8,Otros síntomas y signos especificados que involucran el,R,CIE-10 OPS,1
R20.0,Anestesia de la piel,R,CIE-10 OPS,1
R20.1,Hipoestesia de la piel,R,CIE-10 OPS,1
R20.2,Parestesia de la piel,R,CIE-10 OPS,1
R20.3,Hiperestesia,R,CIE-10 OPS,1
R20.8,Otras alteraciones de la sensibilidad cutánea y las no,R,CIE-10 OPS,1
R22.0,"Tumefacción, masa o prominencia localizada en la cabeza",R,CIE-10 OPS,1
R22.1,"Tumefacción, masa o prominencia localizada en el cuello",R,CIE-10 OPS,1
R22.2,"Tumefacción, masa o prominencia localizada en el tronco",R,CIE-10 OPS,1
R22.3,"Tumefacción, masa o prominencia localizada en el miembro",R,CIE-10 OPS,1
R22.4,"Tumefacción, masa o prominencia localizada en el miembro",R,CIE-10 OPS,1
R22.7,"Tumefacción, masa o prominencia localizada en sitios",R,CIE-10 OPS,1
R22.9,"Tumefacción, masa o prominencia localizada en parte no",R,CIE-10 OPS,1
R23.0,Cianosis,R,CIE-10 OPS,1
R23.1,Palidez,R,CIE-10 OPS,1
R23.2,Rubor,R,CIE-10 OPS,1
R23.3,Equimosis espontánea,R,CIE-10 OPS,1
R23.4,Cambios en la textura de la piel,R,CIE-10 OPS,1
R23.8,Otros cambios de la piel y los no especificados,R,CIE-10 OPS,1
R25.0,Movimientos anormales de la cabeza,R,CIE-10 OPS,1
R25.1,Temblor no especificado,R,CIE-10 OPS,1
R25.2,Calambres y espasmos,R,CIE-10 OPS,1
R25.3,Fasciculación,R,CIE-10 OPS,1
R25.8,Otros movimientos anormales involuntarios y los no,R,CIE-10 OPS,1
R26.0,Marcha atáxica,R,CIE-10 OPS,1
R26.1,Marcha paralítica,R,CIE-10 OPS,1
R26.2,"Dificultad para caminar, no clasificada en otra parte",R,CIE-10 OPS,1
R26.8,Otras anormalidades de la marcha y de la movilidad y las,R,CIE-10 OPS,1
R27.0,"Ataxia, no especificada",R,CIE-10 OPS,1
R27.8,Otras fallas de la coordinación y las no especificadas,R,CIE-10 OPS,1
R29.0,Tetania,R,CIE-10 OPS,1
R29.1,Meningismo,R,CIE-10 OPS,1
R29.2,Reflejos anormales,R,CIE-10 OPS,1
R29.3,Postura anormal,R,CIE-10 OPS,1
R29.4,Chasquido de la cadera,R,CIE-10 OPS,1
R29.6,"Tendencia a caer, no clasificada en otra parte",R,CIE-10 OPS,1
R29.8,Otros síntomas y signos que involucran los sistemas,R,CIE-10 OPS,1
R30.0,Disuria,R,CIE-10 OPS,1
R30.1,Tenesmo vesical,R,CIE-10 OPS,1
R30.9,"Micción dolorosa, no especificada",R,CIE-10 OPS,1
R39.0,Extravasación de la orina,R,CIE-10 OPS,1
R39.1,Otras dificultades de la micción,R,CIE-10 OPS,1
R39.2,Uremia extrarrenal,R,CIE-10 OPS,1
R39.8,Otros síntomas y signos que involucran el sistema urinario,R,CIE-10 OPS,1
R40.0,Somnolencia,R,CIE-10 OPS,1
R40.1,Estupor,R,CIE-10 OPS,1
R40.2,"Coma, no especificado",R,CIE-10 OPS,1
R41.0,Desorientación no especificada,R,CIE-10 OPS,1
R41.1,Amnesia anterógrada,R,CIE-10 OPS,1
R41.2,Amnesia retrógrada,R,CIE-10 OPS,1
R41.3,Otra amnesia,R,CIE-10 OPS,1
R41.8,Otros síntomas y signos que involucran la función,R,CIE-10 OPS,1
R43.0,Anosmia,R,CIE-10 OPS,1
R43.1,Parosmia,R,CIE-10 OPS,1
R43.2,Parageusia,R,CIE-10 OPS,1
R43.8,Otras alteraciones del gusto y del olfato y las no,R,CIE-10 OPS,1
R44.0,Alucinaciones auditivas,R,CIE-10 OPS,1
R44.1,Alucinaciones visuales,R,CIE-10 OPS,1
R44.2,Otras alucinaciones,R,CIE-10 OPS,1
R44.3,"Alucinaciones, no especificadas",R,CIE-10 OPS,1
R44.8,Otros síntomas y signos que involucran las sensaciones y,R,CIE-10 OPS,1
R45.0,Nerviosismo,R,CIE-10 OPS,1
R45.1,Inquietud y agitación,R,CIE-10 OPS,1
R45.2,Infelicidad,R,CIE-10 OPS,1
R45.3,Desmoralización y apatía,R,CIE-10 OPS,1
R45.4,Irritabilidad y enojo,R,CIE-10 OPS,1
R45.5,Hostilidad,R,CIE-10 OPS,1
R45.6,Violencia física,R,CIE-10 OPS,1
R45.7,"Tensión y estado de choque emocional, no especificado",R,CIE-10 OPS,1
R45.8,Otros síntomas y signos que involucran el estado,R,CIE-10 OPS,1
R46.0,Muy bajo nivel de higiene personal,R,CIE-10 OPS,1
R46.1,Apariencia personal extraña,R,CIE-10 OPS,1
R46.2,Conducta extraña e inexplicable,R,CIE-10 OPS,1
R46.3,Hiperactividad,R,CIE-10 OPS,1
R46.4,Lentitud y pobre respuesta,R,CIE-10 OPS,1
R46.5,Suspicacia y evasividad marcadas,R,CIE-10 OPS,1
R46.6,Preocupación indebida por sucesos que causan tensión,R,CIE-10 OPS,1
R46.7,Verbosidad y detalles circunstanciales que oscurecen la,R,CIE-10 OPS,1
R46.8,Otros síntomas y signos que involucran la apariencia y el,R,CIE-10 OPS,1
R47.0,Disfasia y afasia,R,CIE-10 OPS,1
R47.1,Disartria y anartria,R,CIE-10 OPS,1
R47.8,Otras alteraciones del habla y las no especificadas,R,CIE-10 OPS,1
R48.0,Dislexia y alexia,R,CIE-10 OPS,1
R48.1,Agnosia,R,CIE-10 OPS,1
R48.2,Apraxia,R,CIE-10 OPS,1
R48.8,Otras disfunciones simbólicas y las no especificadas,R,CIE-10 OPS,1
R49.0,Disfonía,R,CIE-10 OPS,1
R49.1,Afonía,R,CIE-10 OPS,1
R49.2,Hipernasalidad e hiponasalidad,R,CIE-10 OPS,1
R49.8,Otras alteraciones de la voz y las no especificadas,R,CIE-10 OPS,1
R50.2,Fiebre inducida por drogas,R,CIE-10 OPS,1
R50.8,Otras fiebres especificadas,R,CIE-10 OPS,1
R50.9,"Fiebre, no especificada",R,CIE-10 OPS,1
R52.0,Dolor agudo,R,CIE-10 OPS,1
R52.1,Dolor crónico intratable,R,CIE-10 OPS,1
R52.2,Otro dolor crónico,R,CIE-10 OPS,1
R52.9,"Dolor, no especificado",R,CIE-10 OPS,1
R56.0,Convulsiones febriles,R,CIE-10 OPS,1
R56.8,Otras convulsiones y las no especificadas,R,CIE-10 OPS,1
R57.0,Choque cardiogénico,R,CIE-10 OPS,1
R57.1,Choque hipovolémico,R,CIE-10 OPS,1
R57.8,Otras formas de choque,R,CIE-10 OPS,1
R57.9,"Choque, no especificado",R,CIE-10 OPS,1
R59.0,Adenomegalia localizada,R,CIE-10 OPS,1
R59.1,Adenomegalia generalizada,R,CIE-10 OPS,1
R59.9,"Adenomegalia, no especificada",R,CIE-10 OPS,1
R60.0,Edema localizado,R,CIE-10 OPS,1
R60.1,Edema generalizado,R,CIE-10 OPS,1
R60.9,"Edema, no especificado",R,CIE-10 OPS,1
R61.0,Hiperhidrosis localizada,R,CIE-10 OPS,1
R61.1,Hiperhidrosis generalizada,R,CIE-10 OPS,1
R61.9,"Hiperhidrosis, no especificada",R,CIE-10 OPS,1
R62.0,Retardo del desarrollo,R,CIE-10 OPS,1
R62.8,Otras faltas del desarrollo fisiológico normal esperado,R,CIE-10 OPS,1
R62.9,"Falta del desarrollo fisiológico normal esperado, sin otra",R,CIE-10 OPS,1
R63.0,Anorexia,R,CIE-10 OPS,1
R63.1,Polidipsia,R,CIE-10 OPS,1
R63.2,Polifagia,R,CIE-10 OPS,1
R63.3,Dificultades y mala administración de la alimentación,R,CIE-10 OPS,1
R63.4,Pérdida anormal de peso,R,CIE-10 OPS,1
R63.5,Aumento anormal de peso,R,CIE-10 OPS,1
R63.8,Otros síntomas y signos concernientes a la alimentación y,R,CIE-10 OPS,1
R68.0,Hipotermia no asociada con baja temperatura del ambiente,R,CIE-10 OPS,1
R68.1,Síntomas no específicos propios de la infancia,R,CIE-10 OPS,1
R68.2,"Boca seca, no especificada",R,CIE-10 OPS,1
R68.3,Dedos de la mano deformes,R,CIE-10 OPS,1
R68.8,Otros síntomas y signos generales especificados,R,CIE-10 OPS,1
R70.0,Velocidad de eritrosedimentación elevada,R,CIE-10 OPS,1
R70.1,Viscosidad plasmática anormal,R,CIE-10 OPS,1
R73.0,Anormalidades en la prueba de tolerancia a la glucosa,R,CIE-10 OPS,1
R73.9,"Hiperglicemia, no especificada",R,CIE-10 OPS,1
R74.0,Elevación de los niveles de transaminasas o,R,CIE-10 OPS,1
R74.8,Niveles anormales de otras enzimas en suero,R,CIE-10 OPS,1
R74.9,"Nivel anormal de enzimas en suero, no especificado",R,CIE-10 OPS,1
R76.0,Titulación elevada de anticuerpos,R,CIE-10 OPS,1
R76.1,Reacción anormal a la prueba con tuberculina,R,CIE-10 OPS,1
R76.2,Falso positivo en la prueba serológica para sífilis,R,CIE-10 OPS,1
R76.8,Otros hallazgos inmunológicos anormales especificados en,R,CIE-10 OPS,1
R76.9,Hallazgos inmunológicos anormales no especificados en,R,CIE-10 OPS,1
R77.0,Anormalidad de la albúmina,R,CIE-10 OPS,1
R77.1,Anormalidad de la globulina,R,CIE-10 OPS,1
R77.2,Anormalidad de la alfafetoproteína,R,CIE-10 OPS,1
R77.8,Otras anormalidades especificadas de las proteínas,R,CIE-10 OPS,1
R77.9,Anormalidades no especificadas de las proteínas plasmáticas,R,CIE-10 OPS,1
R78.0,Hallazgo de alcohol en la sangre,R,CIE-10 OPS,1
R78.1,Hallazgo de drogas opiáceas en la sangre,R,CIE-10 OPS,1
R78.2,Hallazgo de cocaína en la sangre,R,CIE-10 OPS,1
R78.3,Hallazgo de alucinógenos en la sangre,R,CIE-10 OPS,1
R78.4,Hallazgo de otras drogas potencialmente adictivas en la,R,CIE-10 OPS,1
R78.5,Hallazgo de drogas psicotrópicas en la sangre,R,CIE-10 OPS,1
R78.6,Hallazgo de agentes esteroides en la sangre,R,CIE-10 OPS,1
R78.7,Hallazgo de niveles anormales de metales pesados en la,R,CIE-10 OPS,1
R78.8,Hallazgo de otras sustancias especificadas que,R,CIE-10 OPS,1
R78.9,Hallazgo de sustancia no especificada que normalmente no,R,CIE-10 OPS,1
R79.0,Nivel anormal de mineral en la sangre,R,CIE-10 OPS,1
R79.8,Otros hallazgos anormales especificados en la química,R,CIE-10 OPS,1
R79.9,"Hallazgo anormal en la química sanguínea, sin otra",R,CIE-10 OPS,1
R82.0,Quiluria,R,CIE-10 OPS,1
R82.1,Mioglobinuria,R,CIE-10 OPS,1
R82.2,Biliuria,R,CIE-10 OPS,1
R82.3,Hemoglobinuria,R,CIE-10 OPS,1
R82.4,Acetonuria,R,CIE-10 OPS,1
R82.5,"Elevación de los niveles de drogas, medicamentos y",R,CIE-10 OPS,1
R82.6,Niveles anormales en la orina de sustancias de origen,R,CIE-10 OPS,1
R82.7,Hallazgos anormales en el examen microbiológico de la,R,CIE-10 OPS,1
R82.8,Hallazgos anormales en el examen citológico e histológico,R,CIE-10 OPS,1
R82.9,Otros hallazgos anormales en la orina y los no,R,CIE-10 OPS,1
R90.0,Lesión que ocupa el espacio intracraneal,R,CIE-10 OPS,1
R90.8,Otros hallazgos anormales en diagnóstico por imagen del,R,CIE-10 OPS,1
R93.0,Hallazgos anormales en diagnóstico por imagen del cráneo,R,CIE-10 OPS,1
R93.1,Hallazgos anormales en diagnóstico por imagen del,R,CIE-10 OPS,1
R93.2,Hallazgos anormales en diagnóstico por imagen del hígado,R,CIE-10 OPS,1
R93.3,Hallazgos anormales en diagnóstico por imagen de otras,R,CIE-10 OPS,1
R93.4,Hallazgos anormales en diagnóstico por imagen de los,R,CIE-10 OPS,1
R93.5,Hallazgos anormales en diagnóstico por imagen de otras,R,CIE-10 OPS,1
R93.6,Hallazgos anormales en diagnóstico por imagen de los,R,CIE-10 OPS,1
R93.7,Hallazgos anormales en diagnóstico por imagen de otras,R,CIE-10 OPS,1
R93.8,Hallazgos anormales en diagnóstico por imagen de otras,R,CIE-10 OPS,1
R94.0,Resultados anormales en estudios funcionales del sistema,R,CIE-10 OPS,1
R94.1,Resultados anormales en estudios funcionales del sistema,R,CIE-10 OPS,1
R94.2,Resultados anormales en estudios funcionales del pulmón,R,CIE-10 OPS,1
R94.3,Resultados anormales en estudios funcionales,R,CIE-10 OPS,1
R94.4,Resultados anormales en estudios funcionales del riñón,R,CIE-10 OPS,1
R94.5,Resultados anormales en estudios funcionales del hígado,R,CIE-10 OPS,1
R94.6,Resultados anormales en estudios funcionales de la,R,CIE-10 OPS,1
R94.7,Resultados anormales en otros estudios funcionales,R,CIE-10 OPS,1
R94.8,Resultados anormales en los estudios funcionales de otros,R,CIE-10 OPS,1
R96.0,Muerte instantánea,R,CIE-10 OPS,1
R96.1,Muerte que ocurre en menos de 24 horas del inicio de los,R,CIE-10 OPS,1
S00.0,Traumatismo superficial del cuero cabelludo,S,CIE-10 OPS,1
S00.1,Contusión de los párpados y de la región periocular,S,CIE-10 OPS,1
S00.2,Otros traumatismos superficiales del párpado y de la,S,CIE-10 OPS,1
S00.3,Traumatismo superficial de la nariz,S,CIE-10 OPS,1
S00.4,Traumatismo superficial del oído,S,CIE-10 OPS,1
S00.5,Traumatismo superficial del labio y de la cavidad bucal,S,CIE-10 OPS,1
S00.7,Traumatismos superficiales múltiples de la cabeza,S,CIE-10 OPS,1
S00.8,Traumatismo superficial de otras partes de la cabeza,S,CIE-10 OPS,1
S00.9,"Traumatismo superficial de la cabeza, parte no especificada",S,CIE-10 OPS,1
S01.0,Herida del cuero cabelludo,S,CIE-10 OPS,1
S01.1,Herida del párpado y de la región periocular,S,CIE-10 OPS,1
S01.2,Herida de la nariz,S,CIE-10 OPS,1
S01.3,Herida del oído,S,CIE-10 OPS,1
S01.4,Herida de la mejilla y de la región temporomandibular,S,CIE-10 OPS,1
S01.5,Herida del labio y de la cavidad bucal,S,CIE-10 OPS,1
S01.7,Heridas múltiples de la cabeza,S,CIE-10 OPS,1
S01.8,Herida de otras partes de la cabeza,S,CIE-10 OPS,1
S01.9,"Herida de la cabeza, parte no especificada",S,CIE-10 OPS,1
S02.0,Fractura de la bóveda del cráneo,S,CIE-10 OPS,1
S02.1,Fractura de la base del cráneo,S,CIE-10 OPS,1
S02.2,Fractura de los huesos de la nariz,S,CIE-10 OPS,1
S02.3,Fractura del suelo de la órbita,S,CIE-10 OPS,1
S02.4,Fractura del malar y del hueso maxilar superior,S,CIE-10 OPS,1
S02.5,Fractura de los dientes,S,CIE-10 OPS,1
S02.6,Fractura del maxilar inferior,S,CIE-10 OPS,1
S02.7,Fracturas múltiples que comprometen el cráneo y los,S,CIE-10 OPS,1
S02.8,Fractura de otros huesos del cráneo y de la cara,S,CIE-10 OPS,1
S02.9,"Fractura del cráneo y de los huesos de la cara, parte no",S,CIE-10 OPS,1
S03.0,Luxación del maxilar,S,CIE-10 OPS,1
S03.1,Luxación del cartílago septal de la nariz,S,CIE-10 OPS,1
S03.2,Luxación de diente,S,CIE-10 OPS,1
S03.3,Luxación de otras partes y de las no especificadas de la,S,CIE-10 OPS,1
S03.4,Esguinces y torceduras del maxilar,S,CIE-10 OPS,1
S03.5,Esguinces y torceduras de articulaciones y ligamentos de,S,CIE-10 OPS,1
S04.0,Traumatismo del nervio óptico [II par] y de las vías ópticas,S,CIE-10 OPS,1
S04.1,Traumatismo del nervio motor ocular común [III par],S,CIE-10 OPS,1
S04.2,Traumatismo del nervio patético [IV par],S,CIE-10 OPS,1
S04.3,Traumatismo del nervio trigémino [V par],S,CIE-10 OPS,1
S04.4,Traumatismo del nervio motor ocular externo [VI par],S,CIE-10 OPS,1
S04.5,Traumatismo del nervio facial [VII par],S,CIE-10 OPS,1
S04.6,Traumatismo del nervio acústico [VIII par],S,CIE-10 OPS,1
S04.7,Traumatismo del nervio espinal [XI par],S,CIE-10 OPS,1
S04.8,Traumatismo de otros nervios craneales,S,CIE-10 OPS,1
S04.9,"Traumatismo de nervios craneales, no especificado",S,CIE-10 OPS,1
S05.0,Traumatismo de la conjuntiva y abrasión corneal sin,S,CIE-10 OPS,1
S05.1,Contusión del globo ocular y del tejido orbitario,S,CIE-10 OPS,1
S05.2,Laceración y ruptura ocular con prolapso o pérdida del,S,CIE-10 OPS,1
S05.3,Laceración ocular sin prolapso o pérdida del tejido,S,CIE-10 OPS,1
S05.4,Herida penetrante de la órbita con o sin cuerpo extraño,S,CIE-10 OPS,1
S05.5,Herida penetrante del globo ocular con cuerpo extraño,S,CIE-10 OPS,1
S05.6,Herida penetrante de globo ocular sin cuerpo extraño,S,CIE-10 OPS,1
S05.7,Avulsión de ojo,S,CIE-10 OPS,1
S05.8,Otros traumatismos del ojo y de la órbita,S,CIE-10 OPS,1
S05.9,"Traumatismo del ojo y de la órbita, no especificado",S,CIE-10 OPS,1
S06.0,Concusión,S,CIE-10 OPS,1
S06.1,Edema cerebral traumático,S,CIE-10 OPS,1
S06.2,Traumatismo cerebral difuso,S,CIE-10 OPS,1
S06.3,Traumatismo cerebral focal,S,CIE-10 OPS,1
S06.4,Hemorragia epidural,S,CIE-10 OPS,1
S06.5,Hemorragia subdural traumática,S,CIE-10 OPS,1
S06.6,Hemorragia subaracnoidea traumática,S,CIE-10 OPS,1
S06.7,Traumatismo intracraneal con coma prolongado,S,CIE-10 OPS,1
S06.8,Otros traumatismos intracraneales,S,CIE-10 OPS,1
S06.9,"Traumatismo intracraneal, no especificado",S,CIE-10 OPS,1
S07.0,Traumatismo por aplastamiento de la cara,S,CIE-10 OPS,1
S07.1,Traumatismo por aplastamiento del cráneo,S,CIE-10 OPS,1
S07.8,Traumatismo por aplastamiento de otras partes de la,S,CIE-10 OPS,1
S07.9,"Traumatismo por aplastamiento de la cabeza, parte no",S,CIE-10 OPS,1
S08.0,Avulsión del cuero cabelludo,S,CIE-10 OPS,1
S08.1,Amputación traumática de la oreja,S,CIE-10 OPS,1
S08.8,Amputación traumática de otras partes de la cabeza,S,CIE-10 OPS,1
S08.9,Amputación traumática de parte no especificada de la,S,CIE-10 OPS,1
S09.0,Traumatismo de los vasos sanguíneos de la cabeza no,S,CIE-10 OPS,1
S09.1,Traumatismo de tendón y músculos de la cabeza,S,CIE-10 OPS,1
S09.2,Ruptura traumática del tímpano del oído,S,CIE-10 OPS,1
S09.7,Traumatismos múltiples de la cabeza,S,CIE-10 OPS,1
S09.8,"Otros traumatismos de la cabeza, especificados",S,CIE-10 OPS,1
S09.9,"Traumatismo de la cabeza, no especificado",S,CIE-10 OPS,1
S10.0,Contusión de la garganta,S,CIE-10 OPS,1
S10.1,Otros traumatismos superficiales y los no especificados de,S,CIE-10 OPS,1
S10.7,Traumatismo superficial múltiple del cuello,S,CIE-10 OPS,1
S10.8,Traumatismo superficial de otras partes del cuello,S,CIE-10 OPS,1
S10.9,"Traumatismo superficial del cuello, parte no especificada",S,CIE-10 OPS,1
S11.0,Herida que compromete la laringe y la tráquea,S,CIE-10 OPS,1
S11.1,Herida que compromete la glándula tiroides,S,CIE-10 OPS,1
S11.2,Herida que compromete la faringe y el esófago cervical,S,CIE-10 OPS,1
S11.7,Heridas múltiples del cuello,S,CIE-10 OPS,1
S11.8,Heridas de otras partes del cuello,S,CIE-10 OPS,1
S11.9,"Herida de cuello, parte no especificada",S,CIE-10 OPS,1
S12.0,Fractura de la primera vértebra cervical,S,CIE-10 OPS,1
S12.1,Fractura de la segunda vértebra cervical,S,CIE-10 OPS,1
S12.2,Fractura de otras vértebras cervicales especificadas,S,CIE-10 OPS,1
S12.7,Fracturas múltiples de columna cervical,S,CIE-10 OPS,1
S12.8,Fractura de otras partes del cuello,S,CIE-10 OPS,1
S12.9,"Fractura del cuello, parte no especificada",S,CIE-10 OPS,1
S13.0,Ruptura traumática de disco cervical intervertebral,S,CIE-10 OPS,1
S13.1,Luxación de vértebra cervical,S,CIE-10 OPS,1
S13.2,Luxaciones de otras partes y de las no especificadas del,S,CIE-10 OPS,1
S13.3,Luxaciones múltiples del cuello,S,CIE-10 OPS,1
S13.4,Esguinces y torceduras de la columna cervical,S,CIE-10 OPS,1
S13.5,Esguinces y torceduras de la región tiroidea,S,CIE-10 OPS,1
S13.6,Esguinces y torceduras de articulaciones y ligamentos de,S,CIE-10 OPS,1
S14.0,Concusión y edema de la médula espinal cervical,S,CIE-10 OPS,1
S14.1,Otros traumatismos de la médula espinal cervical y los no,S,CIE-10 OPS,1
S14.2,Traumatismo de raíz nerviosa de columna cervical,S,CIE-10 OPS,1
S14.3,Traumatismo del plexo braquial,S,CIE-10 OPS,1
S14.4,Traumatismo de nervios periféricos del cuello,S,CIE-10 OPS,1
S14.5,Traumatismo de nervios cervicales simpáticos,S,CIE-10 OPS,1
S14.6,Traumatismo de otros nervios y de los no especificados del,S,CIE-10 OPS,1
S15.0,Traumatismo de la arteria carótida,S,CIE-10 OPS,1
S15.1,Traumatismo de la arteria vertebral,S,CIE-10 OPS,1
S15.2,Traumatismo de la vena yugular externa,S,CIE-10 OPS,1
S15.3,Traumatismo de la vena yugular interna,S,CIE-10 OPS,1
S15.7,Traumatismo de múltiples vasos sanguíneos a nivel del,S,CIE-10 OPS,1
S15.8,Traumatismo de otros vasos sanguíneos a nivel del cuello,S,CIE-10 OPS,1
S15.9,Traumatismo de vasos sanguíneos no especificados a nivel,S,CIE-10 OPS,1
S17.0,Traumatismo por aplastamiento de la laringe y de la,S,CIE-10 OPS,1
S17.8,Traumatismo por aplastamiento de otras partes del cuello,S,CIE-10 OPS,1
S17.9,"Traumatismo por aplastamiento del cuello, parte no",S,CIE-10 OPS,1
S19.7,Traumatismos múltiples del cuello,S,CIE-10 OPS,1
S19.8,"Otros traumatismos del cuello, especificados",S,CIE-10 OPS,1
S19.9,"Traumatismo del cuello, no especificado",S,CIE-10 OPS,1
S20.0,Contusión de la mama,S,CIE-10 OPS,1
S20.1,Otros traumatismos superficiales y los no especificados de,S,CIE-10 OPS,1
S20.2,Contusión del tórax,S,CIE-10 OPS,1
S20.3,Otros traumatismos superficiales de la pared anterior del,S,CIE-10 OPS,1
S20.4,Otros traumatismos superficiales de la pared posterior del,S,CIE-10 OPS,1
S20.7,Traumatismos superficiales múltiples del tórax,S,CIE-10 OPS,1
S20.8,Traumatismo superficial de otras partes y de las no,S,CIE-10 OPS,1
S21.0,Herida de la mama,S,CIE-10 OPS,1
S21.1,Herida de la pared anterior del tórax,S,CIE-10 OPS,1
S21.2,Herida de la pared posterior del tórax,S,CIE-10 OPS,1
S21.7,Herida múltiple de la pared torácica,S,CIE-10 OPS,1
S21.8,Herida de otras partes del tórax,S,CIE-10 OPS,1
S21.9,"Herida del tórax, parte no especificada",S,CIE-10 OPS,1
S22.0,Fractura de vértebra torácica,S,CIE-10 OPS,1
S22.1,Fracturas múltiples de columna torácica,S,CIE-10 OPS,1
S22.2,Fractura del esternón,S,CIE-10 OPS,1
S22.3,Fractura de costilla,S,CIE-10 OPS,1
S22.4,Fracturas múltiples de costillas,S,CIE-10 OPS,1
S22.5,Tórax azotado,S,CIE-10 OPS,1
S22.8,Fractura de otras partes del tórax óseo,S,CIE-10 OPS,1
S22.9,"Fractura del tórax óseo, parte no especificada",S,CIE-10 OPS,1
S23.0,Ruptura traumática de disco intervertebral torácico,S,CIE-10 OPS,1
S23.1,Luxación de vértebra torácica,S,CIE-10 OPS,1
S23.2,Luxación de otras partes y de las no especificadas del,S,CIE-10 OPS,1
S23.3,Esguinces y torceduras de columna torácica,S,CIE-10 OPS,1
S23.4,Esguinces y torceduras de costillas y esternón,S,CIE-10 OPS,1
S23.5,Esguinces y torceduras de otras partes y de las no,S,CIE-10 OPS,1
S24.0,Concusión y edema de la médula espinal torácica,S,CIE-10 OPS,1
S24.1,Otros traumatismos y los no especificados de la médula,S,CIE-10 OPS,1
S24.2,Traumatismo de raíces nerviosas de la columna torácica,S,CIE-10 OPS,1
S24.3,Traumatismo de nervios periféricos del tórax,S,CIE-10 OPS,1
S24.4,Traumatismo de nervios simpáticos torácicos,S,CIE-10 OPS,1
S24.5,Traumatismo de otros nervios del tórax,S,CIE-10 OPS,1
S24.6,Traumatismo de nervio no especificado del tórax,S,CIE-10 OPS,1
S25.0,Traumatismo de la aorta torácica,S,CIE-10 OPS,1
S25.1,Traumatismo de la arteria innominada o subclavia,S,CIE-10 OPS,1
S25.2,Traumatismo de vena cava superior,S,CIE-10 OPS,1
S25.3,Traumatismo de la vena innominada o subclavia,S,CIE-10 OPS,1
S25.4,Traumatismo de vasos sanguíneos pulmonares,S,CIE-10 OPS,1
S25.5,Traumatismo de vasos sanguíneos intercostales,S,CIE-10 OPS,1
S25.7,Traumatismo de múltiples vasos sanguíneos del tórax,S,CIE-10 OPS,1
S25.8,Traumatismo de otros vasos sanguíneos del tórax,S,CIE-10 OPS,1
S25.9,Traumatismo de vasos sanguíneos no especificados del,S,CIE-10 OPS,1
S26.0,Traumatismo del corazón con hemopericardio,S,CIE-10 OPS,1
S26.8,Otros traumatismos del corazón,S,CIE-10 OPS,1
S26.9,"Traumatismo del corazón, no especificado",S,CIE-10 OPS,1
S27.0,Neumotórax traumático,S,CIE-10 OPS,1
S27.1,Hemotórax traumático,S,CIE-10 OPS,1
S27.2,Hemoneumotórax traumático,S,CIE-10 OPS,1
S27.3,Otros traumatismos del pulmón,S,CIE-10 OPS,1
S27.4,Traumatismo de los bronquios,S,CIE-10 OPS,1
S27.5,Traumatismo de la tráquea torácica,S,CIE-10 OPS,1
S27.6,Traumatismo de la pleura,S,CIE-10 OPS,1
S27.7,Traumatismos múltiples de órganos intratorácicos,S,CIE-10 OPS,1
S27.8,"Traumatismo de otros órganos intratorácicos,",S,CIE-10 OPS,1
S27.9,"Traumatismo de órgano intratorácico, no especificado",S,CIE-10 OPS,1
S28.0,Aplastamiento del tórax,S,CIE-10 OPS,1
S28.1,Amputación traumática de parte del tórax,S,CIE-10 OPS,1
S29.0,Traumatismo de tendón y músculos a nivel del tórax,S,CIE-10 OPS,1
S29.7,Traumatismos múltiples del tórax,S,CIE-10 OPS,1
S29.8,"Otros traumatismos del tórax, especificados",S,CIE-10 OPS,1
S29.9,"Traumatismo del tórax, no especificado",S,CIE-10 OPS,1
S30.0,Contusión de la región lumbosacra y de la pelvis,S,CIE-10 OPS,1
S30.1,Contusión de la pared abdominal,S,CIE-10 OPS,1
S30.2,Contusión de órganos genitales externos,S,CIE-10 OPS,1
S30.7,"Traumatismos superficiales múltiples del abdomen, de la",S,CIE-10 OPS,1
S30.8,"Otros traumatismos superficiales del abdomen, de la región",S,CIE-10 OPS,1
S30.9,"Traumatismo superficial del abdomen, de la región",S,CIE-10 OPS,1
S31.0,Herida de la región lumbosacra y de la pelvis,S,CIE-10 OPS,1
S31.1,Herida de la pared abdominal,S,CIE-10 OPS,1
S31.2,Herida del pene,S,CIE-10 OPS,1
S31.3,Herida del escroto y de los testículos,S,CIE-10 OPS,1
S31.4,Herida de la vagina y de la vulva,S,CIE-10 OPS,1
S31.5,Herida de otros órganos genitales externos y de los no,S,CIE-10 OPS,1
S31.7,"Heridas múltiples del abdomen, de la región lumbosacra y",S,CIE-10 OPS,1
S31.8,Heridas de otras partes y de las no especificadas del,S,CIE-10 OPS,1
S32.0,Fractura de vértebra lumbar,S,CIE-10 OPS,1
S32.1,Fractura del sacro,S,CIE-10 OPS,1
S32.2,Fractura del cóccix,S,CIE-10 OPS,1
S32.3,Fractura del hueso iliaco,S,CIE-10 OPS,1
S32.4,Fractura del acetábulo,S,CIE-10 OPS,1
S32.5,Fractura del pubis,S,CIE-10 OPS,1
S32.7,Fracturas múltiples de la columna lumbar y de la pelvis,S,CIE-10 OPS,1
S32.8,Fractura de otras partes y de las no especificadas de la,S,CIE-10 OPS,1
S33.0,Ruptura traumática de disco intervertebral lumbar,S,CIE-10 OPS,1
S33.1,Luxación de vértebra lumbar,S,CIE-10 OPS,1
S33.2,Luxación de articulación sacrococcígea y sacroiliaca,S,CIE-10 OPS,1
S33.3,Luxación de otras partes y de las no especificadas de la,S,CIE-10 OPS,1
S33.4,Ruptura traumática de la sínfisis del pubis,S,CIE-10 OPS,1
S33.5,Esguinces y torceduras de la columna lumbar,S,CIE-10 OPS,1
S33.6,Esguinces y torceduras de la articulación sacroiliaca,S,CIE-10 OPS,1
S33.7,Esguinces y torceduras de otras partes y de las no,S,CIE-10 OPS,1
S34.0,Concusión y edema de la médula espinal lumbar,S,CIE-10 OPS,1
S34.1,Otro traumatismo de la médula espinal lumbar,S,CIE-10 OPS,1
S34.2,Traumatismo de raíz nerviosa de la columna lumbar y sacra,S,CIE-10 OPS,1
S34.3,Traumatismo de la cola de caballo,S,CIE-10 OPS,1
S34.4,Traumatismo del plexo lumbosacro,S,CIE-10 OPS,1
S34.5,"Traumatismo de nervios(s) simpático(s) lumbar(es),",S,CIE-10 OPS,1
S34.6,"Traumatismo de nervio(s) periférico(s) del abdomen, de la",S,CIE-10 OPS,1
S34.8,"Traumatismo de otros nervios a nivel del abdomen, de la",S,CIE-10 OPS,1
S35.0,Traumatismo de la aorta abdominal,S,CIE-10 OPS,1
S35.1,Traumatismo de la vena cava inferior,S,CIE-10 OPS,1
S35.2,Traumatismo de arterias celíacas y mesentéricas,S,CIE-10 OPS,1
S35.3,Traumatismo de venas porta y esplénica,S,CIE-10 OPS,1
S35.4,Traumatismo de vasos sanguíneos renales,S,CIE-10 OPS,1
S35.5,Traumatismo de vasos sanguíneos iliacos,S,CIE-10 OPS,1
S35.7,Traumatismo de múltiples vasos sanguíneos a nivel del,S,CIE-10 OPS,1
S35.8,Traumatismo de otros vasos sanguíneos a nivel del,S,CIE-10 OPS,1
S35.9,Traumatismo de vasos sanguíneos no especificados a nivel,S,CIE-10 OPS,1
S36.0,Traumatismo del bazo,S,CIE-10 OPS,1
S36.1,Traumatismo del hígado y de la vesícula biliar,S,CIE-10 OPS,1
S36.2,Traumatismo del páncreas,S,CIE-10 OPS,1
S36.3,Traumatismo del estómago,S,CIE-10 OPS,1
S36.4,Traumatismo del intestino delgado,S,CIE-10 OPS,1
S36.5,Traumatismo del colon,S,CIE-10 OPS,1
S36.6,Traumatismo del recto,S,CIE-10 OPS,1
S36.7,Traumatismo de múltiples órganos intraabdominales,S,CIE-10 OPS,1
S36.8,Traumatismo de otros órganos intraabdominales,S,CIE-10 OPS,1
S36.9,Traumatismo de órgano intraabdominal no especificado,S,CIE-10 OPS,1
S37.0,Traumatismo del riñón,S,CIE-10 OPS,1
S37.1,Traumatismo del uréter,S,CIE-10 OPS,1
S37.2,Traumatismo de la vejiga,S,CIE-10 OPS,1
S37.3,Traumatismo de la uretra,S,CIE-10 OPS,1
S37.4,Traumatismo del ovario,S,CIE-10 OPS,1
S37.5,Traumatismo de la trompa de Falopio,S,CIE-10 OPS,1
S37.6,Traumatismo del útero,S,CIE-10 OPS,1
S37.7,Traumatismo de múltiples órganos pélvicos,S,CIE-10 OPS,1
S37.8,Traumatismo de otros órganos pélvicos,S,CIE-10 OPS,1
S37.9,Traumatismo de órgano pélvico no especificado,S,CIE-10 OPS,1
S38.0,Traumatismo por aplastamiento de órganos genitales externos,S,CIE-10 OPS,1
S38.1,Traumatismo por aplastamiento de otras partes y de las no,S,CIE-10 OPS,1
S38.2,Amputación traumática de órganos genitales externos,S,CIE-10 OPS,1
S38.3,Amputación traumática de otras partes y de las no,S,CIE-10 OPS,1
S39.0,"Traumatismo de tendón y de músculos del abdomen, de la",S,CIE-10 OPS,1
S39.6,Traumatismo de órgano(s) intraabdominal(es) con,S,CIE-10 OPS,1
S39.7,"Otros traumatismos múltiples del abdomen, de la región",S,CIE-10 OPS,1
S39.8,"Otros traumatismos especificados del abdomen, de la",S,CIE-10 OPS,1
S39.9,"Traumatismo no especificado del abdomen, de la región",S,CIE-10 OPS,1
S40.0,Contusión del hombro y del brazo,S,CIE-10 OPS,1
S40.7,Traumatismos superficiales múltiples del hombro y del,S,CIE-10 OPS,1
S40.8,Otros traumatismos superficiales del hombro y del brazo,S,CIE-10 OPS,1
S40.9,Traumatismo superficial no especificado del hombro y del,S,CIE-10 OPS,1
S41.0,Herida del hombro,S,CIE-10 OPS,1
S41.1,Herida del brazo,S,CIE-10 OPS,1
S41.7,Heridas múltiples del hombro y del brazo,S,CIE-10 OPS,1
S41.8,Herida de otras partes y de las no especificadas del,S,CIE-10 OPS,1
S42.0,Fractura de la clavícula,S,CIE-10 OPS,1
S42.1,Fractura del omóplato,S,CIE-10 OPS,1
S42.2,Fractura de la epífisis superior del húmero,S,CIE-10 OPS,1
S42.3,Fractura de la diáfisis del húmero,S,CIE-10 OPS,1
S42.4,Fractura de la epífisis inferior del húmero,S,CIE-10 OPS,1
S42.7,"Fracturas múltiples de la clavícula, del omóplato y del",S,CIE-10 OPS,1
S42.8,Fractura de otras partes del hombro y del brazo,S,CIE-10 OPS,1
S42.9,"Fractura del hombro y del brazo, parte no especificada",S,CIE-10 OPS,1
S43.0,Luxación de la articulación del hombro,S,CIE-10 OPS,1
S43.1,Luxación de la articulación acromioclavicular,S,CIE-10 OPS,1
S43.2,Luxación de la articulación esternoclavicular,S,CIE-10 OPS,1
S43.3,Luxación de otras partes de la cintura escapular y de las,S,CIE-10 OPS,1
S43.4,Esguinces y torceduras de la articulación del hombro,S,CIE-10 OPS,1
S43.5,Esguinces y torceduras de la articulación acromioclavicular,S,CIE-10 OPS,1
S43.6,Esguinces y torceduras de la articulación esternoclavicular,S,CIE-10 OPS,1
S43.7,Esguinces y torceduras de otras partes y de las no,S,CIE-10 OPS,1
S44.0,Traumatismo del nervio cubital a nivel del brazo,S,CIE-10 OPS,1
S44.1,Traumatismo del nervio mediano a nivel del brazo,S,CIE-10 OPS,1
S44.2,Traumatismo del nervio radial a nivel del brazo,S,CIE-10 OPS,1
S44.3,Traumatismo del nervio axilar,S,CIE-10 OPS,1
S44.4,Traumatismo del nervio musculocutáneo,S,CIE-10 OPS,1
S44.5,Traumatismo del nervio sensitivo cutáneo a nivel del,S,CIE-10 OPS,1
S44.7,Traumatismo de múltiples nervios a nivel del hombro y del,S,CIE-10 OPS,1
S44.8,Traumatismo de otros nervios a nivel del hombro y del,S,CIE-10 OPS,1
S44.9,Traumatismo de nervio no especificado a nivel del hombro,S,CIE-10 OPS,1
S45.0,Traumatismo de la arteria axilar,S,CIE-10 OPS,1
S45.1,Traumatismo de la arteria braquial,S,CIE-10 OPS,1
S45.2,Traumatismo de la vena axilar o braquial,S,CIE-10 OPS,1
S45.3,Traumatismo de vena superficial a nivel del hombro y del,S,CIE-10 OPS,1
S45.7,Traumatismo de múltiples vasos sanguíneos a nivel del,S,CIE-10 OPS,1
S45.8,Traumatismo de otros vasos sanguíneos a nivel del,S,CIE-10 OPS,1
S45.9,Traumatismo de vaso sanguíneo no especificado a nivel del,S,CIE-10 OPS,1
S46.0,Traumatismo del tendón del manguito rotatorio del hombro,S,CIE-10 OPS,1
S46.1,Traumatismo del tendón y músculo de la cabeza larga del,S,CIE-10 OPS,1
S46.2,Traumatismo del tendón y músculo de otras partes del,S,CIE-10 OPS,1
S46.3,Traumatismo del tendón y músculo del tríceps,S,CIE-10 OPS,1
S46.7,Traumatismo de múltiples tendones y músculos a nivel del,S,CIE-10 OPS,1
S46.8,Traumatismo de otros tendones y músculos a nivel del,S,CIE-10 OPS,1
S46.9,"Traumatismo de tendón y músculo no especificado, a nivel",S,CIE-10 OPS,1
S48.0,Amputación traumática en la articulación del hombro,S,CIE-10 OPS,1
S48.1,Amputación traumática a nivel entre el hombro y el codo,S,CIE-10 OPS,1
S48.9,"Amputación traumática del hombro y del brazo, nivel no",S,CIE-10 OPS,1
S49.7,Traumatismos múltiples del hombro y del brazo,S,CIE-10 OPS,1
S49.8,Otros traumatismos especificados del hombro y del brazo,S,CIE-10 OPS,1
S49.9,Traumatismos no especificados del hombro y del brazo,S,CIE-10 OPS,1
S50.0,Contusión del codo,S,CIE-10 OPS,1
S50.1,Contusión de otras partes del antebrazo y de las no,S,CIE-10 OPS,1
S50.7,Traumatismos superficiales múltiples del antebrazo,S,CIE-10 OPS,1
S50.8,Otros traumatismos superficiales del antebrazo,S,CIE-10 OPS,1
S50.9,"Traumatismo superficial del antebrazo, no especificado",S,CIE-10 OPS,1
S51.0,Herida del codo,S,CIE-10 OPS,1
S51.7,Heridas múltiples del antebrazo,S,CIE-10 OPS,1
S51.8,Herida de otras partes del antebrazo,S,CIE-10 OPS,1
S51.9,"Herida del antebrazo, parte no especificada",S,CIE-10 OPS,1
S52.0,Fractura de la epífisis superior del cúbito,S,CIE-10 OPS,1
S52.1,Fractura de la epífisis superior del radio,S,CIE-10 OPS,1
S52.2,Fractura de la diáfisis del cúbito,S,CIE-10 OPS,1
S52.3,Fractura de la diáfisis del radio,S,CIE-10 OPS,1
S52.4,Fractura de la diáfisis del cúbito y del radio,S,CIE-10 OPS,1
S52.5,Fractura de la epífisis inferior del radio,S,CIE-10 OPS,1
S52.6,Fractura de la epífisis inferior del cúbito y del radio,S,CIE-10 OPS,1
S52.7,Fracturas múltiples del antebrazo,S,CIE-10 OPS,1
S52.8,Fractura de otras partes del antebrazo,S,CIE-10 OPS,1
S52.9,"Fractura del antebrazo, parte no especificada",S,CIE-10 OPS,1
S53.0,Luxación de la cabeza del radio,S,CIE-10 OPS,1
S53.1,"Luxación del codo, no especificada",S,CIE-10 OPS,1
S53.2,Ruptura traumática del ligamento lateral del radio,S,CIE-10 OPS,1
S53.3,Ruptura traumática del ligamento lateral del cúbito,S,CIE-10 OPS,1
S53.4,Esguinces y torceduras del codo,S,CIE-10 OPS,1
S54.0,Traumatismo del nervio cubital a nivel del antebrazo,S,CIE-10 OPS,1
S54.1,Traumatismo del nervio mediano a nivel del antebrazo,S,CIE-10 OPS,1
S54.2,Traumatismo del nervio radial a nivel del antebrazo,S,CIE-10 OPS,1
S54.3,Traumatismo del nervio sensorial cutáneo a nivel del,S,CIE-10 OPS,1
S54.7,Traumatismo de múltiples nervios a nivel del antebrazo,S,CIE-10 OPS,1
S54.8,Traumatismo de otros nervios a nivel del antebrazo,S,CIE-10 OPS,1
S54.9,Traumatismo de nervio no especificado a nivel del,S,CIE-10 OPS,1
S55.0,Traumatismo de la arteria cubital a nivel del antebrazo,S,CIE-10 OPS,1
S55.1,Traumatismo de la arteria radial a nivel del antebrazo,S,CIE-10 OPS,1
S55.2,Traumatismo de vena a nivel del antebrazo,S,CIE-10 OPS,1
S55.7,Traumatismo de múltiples vasos sanguíneos a nivel del,S,CIE-10 OPS,1
S55.8,Traumatismo de otros vasos sanguíneos a nivel del,S,CIE-10 OPS,1
S55.9,Traumatismo de vaso sanguíneo no especificado a nivel del,S,CIE-10 OPS,1
S56.0,Traumatismo del tendón y músculo flexor del pulgar a nivel,S,CIE-10 OPS,1
S56.1,Traumatismo del tendón y músculo flexor de otro(s),S,CIE-10 OPS,1
S56.2,Traumatismo de otro tendón y músculo flexor a nivel del,S,CIE-10 OPS,1
S56.3,Traumatismo de tendones y músculos abductores y,S,CIE-10 OPS,1
S56.4,Traumatismo del tendón y músculo extensor de otro(s),S,CIE-10 OPS,1
S56.5,Traumatismo de otro tendón y músculo extensor a nivel del,S,CIE-10 OPS,1
S56.7,Traumatismo de múltiples tendones y músculos a nivel del,S,CIE-10 OPS,1
S56.8,Traumatismo de otros tendones y músculos y de los no,S,CIE-10 OPS,1
S57.0,Traumatismo por aplastamiento del codo,S,CIE-10 OPS,1
S57.8,Traumatismo por aplastamiento de otras partes del,S,CIE-10 OPS,1
S57.9,"Traumatismo por aplastamiento del antebrazo, parte no",S,CIE-10 OPS,1
S58.0,Amputación traumática a nivel del codo,S,CIE-10 OPS,1
S58.1,Amputación traumática nivel entre el codo y la muñeca,S,CIE-10 OPS,1
S58.9,"Amputación traumática del antebrazo, nivel no especificado",S,CIE-10 OPS,1
S59.7,Traumatismos múltiples del antebrazo,S,CIE-10 OPS,1
S59.8,Otros traumatismos especificados del antebrazo,S,CIE-10 OPS,1
S59.9,Traumatismo no especificado del antebrazo,S,CIE-10 OPS,1
S60.0,"Contusión de dedo(s) de la mano, sin daño de la(s) uña(s)",S,CIE-10 OPS,1
S60.1,Contusión de dedo(s) de la mano con daño de la(s) uña(s),S,CIE-10 OPS,1
S60.2,Contusión de otras partes de la muñeca y de la mano,S,CIE-10 OPS,1
S60.7,Traumatismos superficiales múltiples de la muñeca y de la,S,CIE-10 OPS,1
S60.8,Otros traumatismos superficiales de la muñeca y de la,S,CIE-10 OPS,1
S60.9,"Traumatismo superficial de la muñeca y de la mano, no",S,CIE-10 OPS,1
S61.0,"Herida de dedo(s) de la mano, sin daño de la(s) uña(s)",S,CIE-10 OPS,1
S61.1,"Herida de dedo(s) de la mano, con daño de la(s) uña(s)",S,CIE-10 OPS,1
S61.7,Heridas múltiples de la muñeca y de la mano,S,CIE-10 OPS,1
S61.8,Herida de otras partes de la muñeca y de la mano,S,CIE-10 OPS,1
S61.9,"Herida de la muñeca y de la mano, parte no especificada",S,CIE-10 OPS,1
S62.0,Fractura del hueso escafoides [navicular] de la mano,S,CIE-10 OPS,1
S62.1,Fractura de otro(s) hueso(s) del carpo,S,CIE-10 OPS,1
S62.2,Fractura del primer metacarpiano,S,CIE-10 OPS,1
S62.3,Fractura de otros huesos metacarpianos,S,CIE-10 OPS,1
S62.4,Fracturas múltiples de huesos metacarpianos,S,CIE-10 OPS,1
S62.5,Fractura del pulgar,S,CIE-10 OPS,1
S62.6,Fractura de otro dedo de la mano,S,CIE-10 OPS,1
S62.7,Fracturas múltiples de los dedos de la mano,S,CIE-10 OPS,1
S62.8,Fractura de otras partes y de las no especificadas de la,S,CIE-10 OPS,1
S63.0,Luxación de la muñeca,S,CIE-10 OPS,1
S63.1,Luxación de dedos de la mano,S,CIE-10 OPS,1
S63.2,Luxaciones múltiples de dedos de la mano,S,CIE-10 OPS,1
S63.3,Ruptura traumática de ligamentos de la muñeca y del carpo,S,CIE-10 OPS,1
S63.4,Ruptura traumática de ligamentos del dedo de la mano en,S,CIE-10 OPS,1
S63.5,Esguince y torcedura de la muñeca,S,CIE-10 OPS,1
S63.6,Esguinces y torceduras de dedo(s) de la mano,S,CIE-10 OPS,1
S63.7,Esguinces y torceduras de otras partes y de las no,S,CIE-10 OPS,1
S64.0,Traumatismo del nervio cubital a nivel de la muñeca y de la,S,CIE-10 OPS,1
S64.1,Traumatismo del nervio mediano a nivel de la muñeca y de,S,CIE-10 OPS,1
S64.2,Traumatismo del nervio radial a nivel de la muñeca y de la,S,CIE-10 OPS,1
S64.3,Traumatismo del nervio digital del pulgar,S,CIE-10 OPS,1
S64.4,Traumatismo del nervio digital de otro dedo,S,CIE-10 OPS,1
S64.7,Traumatismo de múltiples nervios a nivel de la muñeca y,S,CIE-10 OPS,1
S64.8,Traumatismo de otros nervios a nivel de la muñeca y de la,S,CIE-10 OPS,1
S64.9,Traumatismo de nervio no especificado a nivel de la,S,CIE-10 OPS,1
S65.0,Traumatismo de la arteria cubital a nivel de la muñeca y de,S,CIE-10 OPS,1
S65.1,Traumatismo de la arteria radial a nivel de la muñeca y de,S,CIE-10 OPS,1
S65.2,Traumatismo del arco palmar superficial,S,CIE-10 OPS,1
S65.3,Traumatismo del arco palmar profundo,S,CIE-10 OPS,1
S65.4,Traumatismo de vaso(s) sanguíneo(s) del pulgar,S,CIE-10 OPS,1
S65.5,Traumatismo de vaso(s) sanguíneo(s) de otro dedo,S,CIE-10 OPS,1
S65.7,Traumatismo de múltiples vasos sanguíneos a nivel de la,S,CIE-10 OPS,1
S65.8,Traumatismo de otros vasos sanguíneos a nivel de la,S,CIE-10 OPS,1
S65.9,"Traumatismo de vaso sanguíneo no especificado, a nivel de",S,CIE-10 OPS,1
S66.0,Traumatismo del tendón y músculo flexor largo del pulgar a,S,CIE-10 OPS,1
S66.1,Traumatismo del tendón y músculo flexor de otro dedo a,S,CIE-10 OPS,1
S66.2,Traumatismo del tendón y músculo extensor del pulgar a,S,CIE-10 OPS,1
S66.3,Traumatismo del tendón y músculo extensor de otro(s),S,CIE-10 OPS,1
S66.4,Traumatismo del músculo y tendón intrínseco del pulgar a,S,CIE-10 OPS,1
S66.5,Traumatismo del músculo y tendón intrínseco de otro(s),S,CIE-10 OPS,1
S66.6,Traumatismo de múltiples tendones y músculos flexores a,S,CIE-10 OPS,1
S66.7,Traumatismo de múltiples tendones y músculos extensores,S,CIE-10 OPS,1
S66.8,Traumatismo de otros tendones y músculos a nivel de la,S,CIE-10 OPS,1
S66.9,"Traumatismo de tendón y músculo no especificado, a nivel",S,CIE-10 OPS,1
S67.0,Traumatismo por aplastamiento del pulgar y otro(s) dedo(s),S,CIE-10 OPS,1
S67.8,Traumatismo por aplastamiento de otras partes y de las no,S,CIE-10 OPS,1
S68.0,Amputación traumática del pulgar (completa) (parcial),S,CIE-10 OPS,1
S68.1,Amputación traumática de otro dedo único (completa),S,CIE-10 OPS,1
S68.2,Amputación traumática de dos o más dedos solamente,S,CIE-10 OPS,1
S68.3,Amputación traumática combinada (de parte) de dedo(s),S,CIE-10 OPS,1
S68.4,Amputación traumática de la mano a nivel de la muñeca,S,CIE-10 OPS,1
S68.8,Amputación traumática de otras partes de la muñeca y de,S,CIE-10 OPS,1
S68.9,"Amputación traumática de la muñeca y de la mano, nivel",S,CIE-10 OPS,1
S69.7,Traumatismos múltiples de la muñeca y de la mano,S,CIE-10 OPS,1
S69.8,Otros traumatismos especificados de la muñeca y de la,S,CIE-10 OPS,1
S69.9,Traumatismo no especificado de la muñeca y de la mano,S,CIE-10 OPS,1
S70.0,Contusión de la cadera,S,CIE-10 OPS,1
S70.1,Contusión del muslo,S,CIE-10 OPS,1
S70.7,Traumatismos superficiales múltiples de la cadera y del,S,CIE-10 OPS,1
S70.8,Otros traumatismos superficiales de la cadera y del muslo,S,CIE-10 OPS,1
S70.9,"Traumatismo superficial de la cadera y del muslo, no",S,CIE-10 OPS,1
S71.0,Herida de la cadera,S,CIE-10 OPS,1
S71.1,Herida del muslo,S,CIE-10 OPS,1
S71.7,Heridas múltiples de la cadera y del muslo,S,CIE-10 OPS,1
S71.8,Herida de otras partes y de las no especificadas de la,S,CIE-10 OPS,1
S72.0,Fractura del cuello de fémur,S,CIE-10 OPS,1
S72.1,Fractura pertrocanteriana,S,CIE-10 OPS,1
S72.2,Fractura subtrocanteriana,S,CIE-10 OPS,1
S72.3,Fractura de la diáfisis del fémur,S,CIE-10 OPS,1
S72.4,Fractura de la epífisis inferior del fémur,S,CIE-10 OPS,1
S72.7,Fracturas múltiples del fémur,S,CIE-10 OPS,1
S72.8,Fracturas de otras partes del fémur,S,CIE-10 OPS,1
S72.9,"Fractura del fémur, parte no especificada",S,CIE-10 OPS,1
S73.0,Luxación de la cadera,S,CIE-10 OPS,1
S73.1,Esguinces y torceduras de la cadera,S,CIE-10 OPS,1
S74.0,Traumatismo del nervio ciático a nivel de la cadera y del,S,CIE-10 OPS,1
S74.1,Traumatismo del nervio femorocutáneo a nivel de la cadera,S,CIE-10 OPS,1
S74.2,Traumatismo del nervio sensorial cutáneo a nivel de la,S,CIE-10 OPS,1
S74.7,Traumatismo de nervios múltiples a nivel de la cadera y del,S,CIE-10 OPS,1
S74.8,Traumatismo de otros nervios a nivel de la cadera y del muslo,S,CIE-10 OPS,1
S74.9,Traumatismo de nervio no especificado a nivel de la cadera,S,CIE-10 OPS,1
S75.0,Traumatismo de la arteria femoral,S,CIE-10 OPS,1
S75.1,Traumatismo de la vena femoral a nivel de la cadera y del,S,CIE-10 OPS,1
S75.2,Traumatismo de la gran vena safena a nivel de la cadera y,S,CIE-10 OPS,1
S75.7,Traumatismo de múltiples vasos sanguíneos a nivel de la,S,CIE-10 OPS,1
S75.8,Traumatismo de otros vasos sanguíneos a nivel de la,S,CIE-10 OPS,1
S75.9,Traumatismo de vaso sanguíneo no especificado a nivel de,S,CIE-10 OPS,1
S76.0,Traumatismo del tendón y músculo de la cadera,S,CIE-10 OPS,1
S76.1,Traumatismo del tendón y músculo cuádriceps,S,CIE-10 OPS,1
S76.2,Traumatismo del tendón y músculo aductor mayor del,S,CIE-10 OPS,1
S76.3,Traumatismo de tendón y músculo del grupo muscular,S,CIE-10 OPS,1
S76.4,Traumatismo de otros tendones y músculos y los no,S,CIE-10 OPS,1
S76.7,Traumatismo de múltiples tendones y músculos a nivel de,S,CIE-10 OPS,1
S77.0,Traumatismo por aplastamiento de la cadera,S,CIE-10 OPS,1
S77.1,Traumatismo por aplastamiento del muslo,S,CIE-10 OPS,1
S77.2,Traumatismo por aplastamiento de la cadera con el muslo,S,CIE-10 OPS,1
S78.0,Amputación traumática de la articulación de la cadera,S,CIE-10 OPS,1
S78.1,Amputación traumática en algún nivel entre la cadera y la,S,CIE-10 OPS,1
S78.9,"Amputación traumática de cadera y muslo, nivel no",S,CIE-10 OPS,1
S79.7,Traumatismos múltiples de la cadera y del muslo,S,CIE-10 OPS,1
S79.8,Otros traumatismos especificados de la cadera y del muslo,S,CIE-10 OPS,1
S79.9,Traumatismo no especificado de la cadera y del muslo,S,CIE-10 OPS,1
S80.0,Contusión de la rodilla,S,CIE-10 OPS,1
S80.1,Contusión de otras partes y las no especificadas de la,S,CIE-10 OPS,1
S80.7,Traumatismos superficiales múltiples de la pierna,S,CIE-10 OPS,1
S80.8,Otros traumatismos superficiales de la pierna,S,CIE-10 OPS,1
S80.9,"Traumatismo superficial de la pierna, no especificado",S,CIE-10 OPS,1
S81.0,Herida de la rodilla,S,CIE-10 OPS,1
S81.7,Heridas múltiples de la pierna,S,CIE-10 OPS,1
S81.8,Herida de otras partes de la pierna,S,CIE-10 OPS,1
S81.9,"Herida de la pierna, parte no especificada",S,CIE-10 OPS,1
S82.0,Fractura de la rótula,S,CIE-10 OPS,1
S82.1,Fractura de la epífisis superior de la tibia,S,CIE-10 OPS,1
S82.2,Fractura de la diáfisis de la tibia,S,CIE-10 OPS,1
S82.3,Fractura de la epífisis inferior de la tibia,S,CIE-10 OPS,1
S82.4,Fractura del peroné solamente,S,CIE-10 OPS,1
S82.5,Fractura del maléolo interno,S,CIE-10 OPS,1
S82.6,Fractura del maléolo externo,S,CIE-10 OPS,1
S82.7,Fracturas múltiples de la pierna,S,CIE-10 OPS,1
S82.8,Fractura de otras partes de la pierna,S,CIE-10 OPS,1
S82.9,"Fractura de la pierna, parte no especificada",S,CIE-10 OPS,1
S83.0,Luxación de la rótula,S,CIE-10 OPS,1
S83.1,Luxación de la rodilla,S,CIE-10 OPS,1
S83.2,"Desgarro de meniscos, presente",S,CIE-10 OPS,1
S83.3,"Desgarro del cartílago articular de la rodilla, presente",S,CIE-10 OPS,1
S83.4,Esguinces y torceduras que comprometen los ligamentos,S,CIE-10 OPS,1
S83.5,Esguinces y torceduras que comprometen el ligamento,S,CIE-10 OPS,1
S83.6,Esguinces y torceduras de otras partes y las no,S,CIE-10 OPS,1
S83.7,Traumatismo de estructuras múltiples de la rodilla,S,CIE-10 OPS,1
S84.0,Traumatismo del nervio tibial a nivel de la pierna,S,CIE-10 OPS,1
S84.1,Traumatismo del nervio peroneo a nivel de la pierna,S,CIE-10 OPS,1
S84.2,Traumatismo del nervio sensorial cutáneo a nivel de la,S,CIE-10 OPS,1
S84.7,Traumatismo de nervios múltiples a nivel de la pierna,S,CIE-10 OPS,1
S84.8,Traumatismo de otros nervios a nivel de la pierna,S,CIE-10 OPS,1
S84.9,Traumatismo de nervio no especificado a nivel de la pierna,S,CIE-10 OPS,1
S85.0,Traumatismo de la arteria poplítea,S,CIE-10 OPS,1
S85.1,Traumatismo de la arteria tibial (anterior) (posterior),S,CIE-10 OPS,1
S85.2,Traumatismo de la arteria peronea,S,CIE-10 OPS,1
S85.3,Traumatismo de la gran vena safena a nivel de la pierna,S,CIE-10 OPS,1
S85.4,Traumatismo de la vena safena externa a nivel de la pierna,S,CIE-10 OPS,1
S85.5,Traumatismo de la vena poplítea,S,CIE-10 OPS,1
S85.7,Traumatismo de vasos sanguíneos múltiples a nivel de la,S,CIE-10 OPS,1
S85.8,Traumatismo de otros vasos sanguíneos a nivel de la,S,CIE-10 OPS,1
S85.9,Traumatismo de vaso sanguíneo no especificado a nivel de,S,CIE-10 OPS,1
S86.0,Traumatismo del tendón de Aquiles,S,CIE-10 OPS,1
S86.1,Traumatismo de otro(s) tendón(es) y músculo(s) del grupo,S,CIE-10 OPS,1
S86.2,Traumatismo de tendón(es) y músculo(s) del grupo,S,CIE-10 OPS,1
S86.3,Traumatismo de tendón(es) y músculo(s) del grupo,S,CIE-10 OPS,1
S86.7,Traumatismo de múltiples tendones y músculos a nivel de,S,CIE-10 OPS,1
S86.8,Traumatismo de otros tendones y músculos a nivel de la,S,CIE-10 OPS,1
S86.9,Traumatismo de tendón y músculo no especificado a nivel,S,CIE-10 OPS,1
S87.0,Traumatismo por aplastamiento de la rodilla,S,CIE-10 OPS,1
S87.8,Traumatismo por aplastamiento de otras partes y de las no,S,CIE-10 OPS,1
S88.0,Amputación traumática a nivel de la rodilla,S,CIE-10 OPS,1
S88.1,Amputación traumática en algún nivel entre la rodilla y el,S,CIE-10 OPS,1
S88.9,"Amputación traumática de la pierna, nivel no especificado",S,CIE-10 OPS,1
S89.7,Traumatismos múltiples de la pierna,S,CIE-10 OPS,1
S89.8,"Otros traumatismos de la pierna, especificados",S,CIE-10 OPS,1
S89.9,"Traumatismo de la pierna, no especificado",S,CIE-10 OPS,1
S90.0,Contusión del tobillo,S,CIE-10 OPS,1
S90.1,Contusión de dedo(s) del pie sin daño de la(s) uña(s),S,CIE-10 OPS,1
S90.2,Contusión de dedo(s) del pie con daño de la(s) uña(s),S,CIE-10 OPS,1
S90.3,Contusión de otras partes y de las no especificadas del pie,S,CIE-10 OPS,1
S90.7,Traumatismos superficiales múltiples del pie y del tobillo,S,CIE-10 OPS,1
S90.8,Otros traumatismos superficiales del pie y del tobillo,S,CIE-10 OPS,1
S90.9,"Traumatismo superficial del pie y del tobillo, no",S,CIE-10 OPS,1
S91.0,Herida del tobillo,S,CIE-10 OPS,1
S91.1,Herida de dedo(s) del pie sin daño de la(s) uña(s),S,CIE-10 OPS,1
S91.2,Herida de dedo(s) del pie con daño de la(s) uña(s),S,CIE-10 OPS,1
S91.3,Herida de otras partes del pie,S,CIE-10 OPS,1
S91.7,Heridas múltiples del tobillo y del pie,S,CIE-10 OPS,1
S92.0,Fractura del calcáneo,S,CIE-10 OPS,1
S92.1,Fractura del astrágalo,S,CIE-10 OPS,1
S92.2,Fractura de otro(s) hueso(s) del tarso,S,CIE-10 OPS,1
S92.3,Fractura de hueso del metatarso,S,CIE-10 OPS,1
S92.4,Fractura de los huesos del dedo gordo del pie,S,CIE-10 OPS,1
S92.5,Fractura de los huesos de otro(s) dedo(s) del pie,S,CIE-10 OPS,1
S92.7,Fracturas múltiples del pie,S,CIE-10 OPS,1
S92.9,"Fractura del pie, no especificada",S,CIE-10 OPS,1
S93.0,Luxación de la articulación del tobillo,S,CIE-10 OPS,1
S93.1,Luxación de dedo(s) del pie,S,CIE-10 OPS,1
S93.2,Ruptura de ligamentos a nivel del tobillo y del pie,S,CIE-10 OPS,1
S93.3,Luxación de otros sitios y los no especificados del pie,S,CIE-10 OPS,1
S93.4,Esguinces y torceduras del tobillo,S,CIE-10 OPS,1
S93.5,Esguinces y torceduras de dedo(s) del pie,S,CIE-10 OPS,1
S93.6,Esguinces y torceduras de otros sitios y de los no,S,CIE-10 OPS,1
S94.0,Traumatismo del nervio plantar externo,S,CIE-10 OPS,1
S94.1,Traumatismo del nervio plantar interno,S,CIE-10 OPS,1
S94.2,Traumatismo del nervio peroneal profundo a nivel del pie y,S,CIE-10 OPS,1
S94.3,Traumatismo de nervio sensorial cutáneo a nivel del pie y,S,CIE-10 OPS,1
S94.7,Traumatismo de múltiples nervios a nivel del pie y del,S,CIE-10 OPS,1
S94.8,Traumatismo de otros nervios a nivel del pie y del tobillo,S,CIE-10 OPS,1
S94.9,Traumatismo de nervio no especificado a nivel del pie y del,S,CIE-10 OPS,1
S95.0,Traumatismo de la arteria dorsal del pie,S,CIE-10 OPS,1
S95.1,Traumatismo de la arteria plantar del pie,S,CIE-10 OPS,1
S95.2,Traumatismo de la vena dorsal del pie,S,CIE-10 OPS,1
S95.7,Traumatismo de múltiples vasos sanguíneos a nivel del pie,S,CIE-10 OPS,1
S95.8,Traumatismo de otros vasos sanguíneos a nivel del pie y,S,CIE-10 OPS,1
S95.9,Traumatismo de vaso sanguíneo no especificado a nivel del,S,CIE-10 OPS,1
S96.0,Traumatismo del tendón y músculo del flexor largo del,S,CIE-10 OPS,1
S96.1,Traumatismo del tendón y músculo del extensor largo del,S,CIE-10 OPS,1
S96.2,Traumatismo de tendones y músculos intrínsecos a nivel,S,CIE-10 OPS,1
S96.7,Traumatismo de múltiples tendones y músculos a nivel del,S,CIE-10 OPS,1
S96.8,Traumatismo de otros tendones y músculos a nivel del pie,S,CIE-10 OPS,1
S96.9,Traumatismo de tendones y músculos no especificados a,S,CIE-10 OPS,1
S97.0,Traumatismo por aplastamiento del tobillo,S,CIE-10 OPS,1
S97.1,Traumatismo por aplastamiento de dedo(s) del pie,S,CIE-10 OPS,1
S97.8,Traumatismo por aplastamiento de otras partes del pie y,S,CIE-10 OPS,1
S98.0,Amputación traumática del pie a nivel del tobillo,S,CIE-10 OPS,1
S98.1,Amputación traumática de un dedo del pie,S,CIE-10 OPS,1
S98.2,Amputación traumática de dos o más dedos del pie,S,CIE-10 OPS,1
S98.3,Amputación traumática de otras partes del pie,S,CIE-10 OPS,1
S98.4,"Amputación del pie, nivel no especificado",S,CIE-10 OPS,1
S99.7,Traumatismos múltiples del pie y del tobillo,S,CIE-10 OPS,1
S99.8,"Otros traumatismos del pie y del tobillo, especificados",S,CIE-10 OPS,1
S99.9,"Traumatismo del pie y del tobillo, no especificado",S,CIE-10 OPS,1
T00.0,Traumatismos superficiales que afectan la cabeza con el,T,CIE-10 OPS,1
T00.1,Traumatismos superficiales que afectan el tórax con el,T,CIE-10 OPS,1
T00.2,Traumatismos superficiales que afectan múltiples regiones,T,CIE-10 OPS,1
T00.3,Traumatismos superficiales que afectan múltiples regiones,T,CIE-10 OPS,1
T00.6,Traumatismos superficiales que afectan múltiples regiones,T,CIE-10 OPS,1
T00.8,Traumatismos superficiales que afectan otras,T,CIE-10 OPS,1
T00.9,"Traumatismos superficiales múltiples, no especificados",T,CIE-10 OPS,1
T01.0,Heridas que afectan la cabeza con el cuello,T,CIE-10 OPS,1
T01.1,"Heridas que afectan el tórax con el abdomen, la región",T,CIE-10 OPS,1
T01.2,Heridas que afectan múltiples regiones del (de los),T,CIE-10 OPS,1
T01.3,Heridas que afectan múltiples regiones del (de los),T,CIE-10 OPS,1
T01.6,Heridas que afectan múltiples regiones del (de los),T,CIE-10 OPS,1
T01.8,Heridas que afectan otras combinaciones de las regiones,T,CIE-10 OPS,1
T01.9,"Heridas múltiples, no especificadas",T,CIE-10 OPS,1
T02.0,Fracturas que afectan la cabeza con el cuello,T,CIE-10 OPS,1
T02.1,Fracturas que afectan el tórax con la región lumbosacra y,T,CIE-10 OPS,1
T02.2,Fracturas que afectan múltiples regiones de un miembro,T,CIE-10 OPS,1
T02.3,Fracturas que afectan múltiples regiones de un miembro,T,CIE-10 OPS,1
T02.4,Fracturas que afectan múltiples regiones de ambos,T,CIE-10 OPS,1
T02.5,Fracturas que afectan múltiples regiones de ambos,T,CIE-10 OPS,1
T02.6,Fracturas que afectan múltiples regiones de miembro(s),T,CIE-10 OPS,1
T02.7,Fracturas que afectan el tórax con la región lumbosacra y,T,CIE-10 OPS,1
T02.8,Fracturas que afectan otras combinaciones de las regiones,T,CIE-10 OPS,1
T02.9,"Fracturas múltiples, no especificadas",T,CIE-10 OPS,1
T03.0,"Luxaciones, torceduras y esguinces que afectan la cabeza",T,CIE-10 OPS,1
T03.1,"Luxaciones, torceduras y esguinces que afectan el tórax",T,CIE-10 OPS,1
T03.2,"Luxaciones, torceduras y esguinces que afectan múltiples",T,CIE-10 OPS,1
T03.3,"Luxaciones, torceduras y esguinces que afectan múltiples",T,CIE-10 OPS,1
T03.4,"Luxaciones, torceduras y esguinces que afectan múltiples",T,CIE-10 OPS,1
T03.8,"Luxaciones, torceduras y esguinces que afectan otras",T,CIE-10 OPS,1
T03.9,"Luxaciones, torceduras y esguinces múltiples, no",T,CIE-10 OPS,1
T04.0,Traumatismos por aplastamiento que afectan la cabeza con,T,CIE-10 OPS,1
T04.1,Traumatismos por aplastamiento que afectan el tórax con,T,CIE-10 OPS,1
T04.2,Traumatismos por aplastamiento que afectan múltiples,T,CIE-10 OPS,1
T04.3,Traumatismos por aplastamiento que afectan múltiples,T,CIE-10 OPS,1
T04.4,Traumatismos por aplastamiento que afectan múltiples,T,CIE-10 OPS,1
T04.7,"Traumatismos por aplastamiento del tórax, del abdomen,",T,CIE-10 OPS,1
T04.8,Traumatismos por aplastamiento que afectan otras,T,CIE-10 OPS,1
T04.9,"Traumatismos por aplastamiento múltiple, no especificados",T,CIE-10 OPS,1
T05.0,Amputación traumática de ambas manos,T,CIE-10 OPS,1
T05.1,Amputación traumática de una mano y el otro brazo,T,CIE-10 OPS,1
T05.2,Amputación traumática de ambos brazos [cualquier nivel],T,CIE-10 OPS,1
T05.3,Amputación traumática de ambos pies,T,CIE-10 OPS,1
T05.4,Amputación traumática de un pie y la otra pierna [cualquier,T,CIE-10 OPS,1
T05.5,Amputación traumática de ambas piernas [cualquier nivel],T,CIE-10 OPS,1
T05.6,Amputación traumática de miembros superior(es) e,T,CIE-10 OPS,1
T05.8,Amputación traumática que afecta otras combinaciones de,T,CIE-10 OPS,1
T05.9,"Amputaciones traumáticas múltiples, no especificadas",T,CIE-10 OPS,1
T06.0,Traumatismos del encéfalo y de nervios craneales con,T,CIE-10 OPS,1
T06.1,Traumatismos de nervios y médula espinal que afectan,T,CIE-10 OPS,1
T06.2,Traumatismos de nervios que afectan múltiples regiones,T,CIE-10 OPS,1
T06.3,Traumatismos de vasos sanguíneos que afectan múltiples,T,CIE-10 OPS,1
T06.4,Traumatismos de tendones y músculos que afectan,T,CIE-10 OPS,1
T06.5,Traumatismos de órganos intratorácicos con órganos,T,CIE-10 OPS,1
T06.8,Otros traumatismos especificados que afectan múltiples,T,CIE-10 OPS,1
T09.0,"Traumatismo superficial del tronco, nivel no especificado",T,CIE-10 OPS,1
T09.1,"Herida del tronco, nivel no especificado",T,CIE-10 OPS,1
T09.2,"Luxación, esguince o torcedura de articulación y",T,CIE-10 OPS,1
T09.3,"Traumatismo de la médula espinal, nivel no especificado",T,CIE-10 OPS,1
T09.4,"Traumatismo de nervios, raíz de nervio espinal y plexos del",T,CIE-10 OPS,1
T09.5,Traumatismo de tendones y músculos del tronco no,T,CIE-10 OPS,1
T09.6,"Amputación traumática del tronco, nivel no especificado",T,CIE-10 OPS,1
T09.8,"Otros traumatismos especificados del tronco, nivel no",T,CIE-10 OPS,1
T09.9,"Traumatismo no especificado del tronco, nivel no",T,CIE-10 OPS,1
T11.0,"Traumatismo superficial de miembro superior, nivel no",T,CIE-10 OPS,1
T11.1,"Herida de miembro superior, nivel no especificado",T,CIE-10 OPS,1
T11.2,"Luxación, esguince o torcedura de articulación o ligamento",T,CIE-10 OPS,1
T11.3,Traumatismo de nervio no especificado de miembro,T,CIE-10 OPS,1
T11.4,Traumatismo de vasos sanguíneos no especificados de,T,CIE-10 OPS,1
T11.5,Traumatismo de tendón y músculo no especificados de,T,CIE-10 OPS,1
T11.6,"Amputación traumática de miembro superior, nivel no",T,CIE-10 OPS,1
T11.8,"Otros traumatismos especificados de miembro superior,",T,CIE-10 OPS,1
T11.9,"Traumatismo no especificado de miembro superior, nivel",T,CIE-10 OPS,1
T13.0,"Traumatismo superficial de miembro inferior, nivel no",T,CIE-10 OPS,1
T13.1,"Herida de miembro inferior, nivel no especificado",T,CIE-10 OPS,1
T13.2,"Luxación, esguince o torcedura de articulación y",T,CIE-10 OPS,1
T13.3,Traumatismo de nervios no especificados de miembro,T,CIE-10 OPS,1
T13.4,Traumatismo de vasos sanguíneos no especificados de,T,CIE-10 OPS,1
T13.5,Traumatismo de tendones y músculos no especificados de,T,CIE-10 OPS,1
T13.6,"Amputación traumática de miembro inferior, nivel no",T,CIE-10 OPS,1
T13.8,"Otros traumatismos especificados de miembro inferior,",T,CIE-10 OPS,1
T13.9,"Traumatismo no especificado de miembro inferior, nivel no",T,CIE-10 OPS,1
T14.0,Traumatismo superficial de región no especificada del,T,CIE-10 OPS,1
T14.1,Herida de región no especificada del cuerpo,T,CIE-10 OPS,1
T14.2,Fractura de región no especificada del cuerpo,T,CIE-10 OPS,1
T14.3,"Luxación, esguince y torcedura de región no especificada",T,CIE-10 OPS,1
T14.4,Traumatismo de nervio(s) de región no especificada del,T,CIE-10 OPS,1
T14.5,Traumatismo de vaso(s) sanguíneo(s) de región no,T,CIE-10 OPS,1
T14.6,Traumatismo de tendones y músculos de región no,T,CIE-10 OPS,1
T14.7,Traumatismo por aplastamiento y amputación traumática,T,CIE-10 OPS,1
T14.8,Otros traumatismos de región no especificada del cuerpo,T,CIE-10 OPS,1
T14.9,"Traumatismo, no especificado",T,CIE-10 OPS,1
T15.0,Cuerpo extraño en la córnea,T,CIE-10 OPS,1
T15.1,Cuerpo extraño en el saco conjuntival,T,CIE-10 OPS,1
T15.8,Cuerpo extraño en otras y en múltiples partes de la parte,T,CIE-10 OPS,1
T15.9,"Cuerpo extraño en parte externa del ojo, sitio no",T,CIE-10 OPS,1
T17.0,Cuerpo extraño en seno paranasal,T,CIE-10 OPS,1
T17.1,Cuerpo extraño en el orificio nasal,T,CIE-10 OPS,1
T17.2,Cuerpo extraño en la faringe,T,CIE-10 OPS,1
T17.3,Cuerpo extraño en la laringe,T,CIE-10 OPS,1
T17.4,Cuerpo extraño en la tráquea,T,CIE-10 OPS,1
T17.5,Cuerpo extraño en bronquios,T,CIE-10 OPS,1
T17.8,Cuerpo extraño en otras y en múltiples partes de las vías,T,CIE-10 OPS,1
T17.9,"Cuerpo extraño en las vías respiratorias, parte no",T,CIE-10 OPS,1
T18.0,Cuerpo extraño en la boca,T,CIE-10 OPS,1
T18.1,Cuerpo extraño en el esófago,T,CIE-10 OPS,1
T18.2,Cuerpo extraño en el estómago,T,CIE-10 OPS,1
T18.3,Cuerpo extraño en el intestino delgado,T,CIE-10 OPS,1
T18.4,Cuerpo extraño en el colon,T,CIE-10 OPS,1
T18.5,Cuerpo extraño en el ano y en el recto,T,CIE-10 OPS,1
T18.8,Cuerpo extraño en otras y en múltiples partes del tubo digestivo,T,CIE-10 OPS,1
T18.9,"Cuerpo extraño en el tubo digestivo, parte no especificada",T,CIE-10 OPS,1
T19.0,Cuerpo extraño en la uretra,T,CIE-10 OPS,1
T19.1,Cuerpo extraño en la vejiga,T,CIE-10 OPS,1
T19.2,Cuerpo extraño en la vulva y en la vagina,T,CIE-10 OPS,1
T19.3,Cuerpo extraño en el útero [cualquier parte],T,CIE-10 OPS,1
T19.8,Cuerpo extraño en otras y en múltiples partes de las vías,T,CIE-10 OPS,1
T19.9,"Cuerpo extraño en las vías genitourinarias, parte no",T,CIE-10 OPS,1
T20.0,"Quemadura de la cabeza y del cuello, grado no",T,CIE-10 OPS,1
T20.1,"Quemadura de la cabeza y del cuello, de primer grado",T,CIE-10 OPS,1
T20.2,"Quemadura de la cabeza y del cuello, de segundo grado",T,CIE-10 OPS,1
T20.3,"Quemadura de la cabeza y del cuello, de tercer grado",T,CIE-10 OPS,1
T20.4,"Corrosión de la cabeza y del cuello, grado no especificado",T,CIE-10 OPS,1
T20.5,"Corrosión de la cabeza y del cuello, de primer grado",T,CIE-10 OPS,1
T20.6,"Corrosión de la cabeza y del cuello, de segundo grado",T,CIE-10 OPS,1
T20.7,"Corrosión de la cabeza y del cuello, de tercer grado",T,CIE-10 OPS,1
T21.0,"Quemadura del tronco, grado no especificado",T,CIE-10 OPS,1
T21.1,"Quemadura del tronco, de primer grado",T,CIE-10 OPS,1
T21.2,"Quemadura del tronco, de segundo grado",T,CIE-10 OPS,1
T21.3,"Quemadura del tronco, de tercer grado",T,CIE-10 OPS,1
T21.4,"Corrosión del tronco, grado no especificado",T,CIE-10 OPS,1
T21.5,"Corrosión del tronco, de primer grado",T,CIE-10 OPS,1
T21.6,"Corrosión del tronco, de segundo grado",T,CIE-10 OPS,1
T21.7,"Corrosión del tronco, de tercer grado",T,CIE-10 OPS,1
T22.0,"Quemadura del hombro y miembro superior, grado no",T,CIE-10 OPS,1
T22.1,"Quemadura del hombro y miembro superior, de primer",T,CIE-10 OPS,1
T22.2,"Quemadura del hombro y miembro superior, de segundo",T,CIE-10 OPS,1
T22.3,"Quemadura del hombro y miembro superior, de tercer",T,CIE-10 OPS,1
T22.4,"Corrosión del hombro y miembro superior, grado no",T,CIE-10 OPS,1
T22.5,"Corrosión del hombro y miembro superior, de primer",T,CIE-10 OPS,1
T22.6,"Corrosión del hombro y miembro superior, de segundo",T,CIE-10 OPS,1
T22.7,"Corrosión del hombro y miembro superior, de tercer grado,",T,CIE-10 OPS,1
T23.0,"Quemadura de la muñeca y de la mano, grado no",T,CIE-10 OPS,1
T23.1,"Quemadura de la muñeca y de la mano, de primer grado",T,CIE-10 OPS,1
T23.2,"Quemadura de la muñeca y de la mano, de segundo grado",T,CIE-10 OPS,1
T23.3,"Quemadura de la muñeca y de la mano, de tercer grado",T,CIE-10 OPS,1
T23.4,"Corrosión de la muñeca y de la mano, grado no",T,CIE-10 OPS,1
T23.5,"Corrosión de la muñeca y de la mano, de primer grado",T,CIE-10 OPS,1
T23.6,"Corrosión de la muñeca y de la mano, de segundo grado",T,CIE-10 OPS,1
T23.7,"Corrosión de la muñeca y de la mano, de tercer grado",T,CIE-10 OPS,1
T24.0,"Quemadura de la cadera y miembro inferior, grado no",T,CIE-10 OPS,1
T24.1,"Quemadura de la cadera y miembro inferior, de primer",T,CIE-10 OPS,1
T24.2,"Quemadura de la cadera y miembro inferior, de segundo",T,CIE-10 OPS,1
T24.3,"Quemadura de la cadera y miembro inferior, de tercer",T,CIE-10 OPS,1
T24.4,"Corrosión de la cadera y miembro inferior, grado no",T,CIE-10 OPS,1
T24.5,"Corrosión de la cadera y miembro inferior, de primer grado,",T,CIE-10 OPS,1
T24.6,"Corrosión de la cadera y miembro inferior, de segundo",T,CIE-10 OPS,1
T24.7,"Corrosión de la cadera y miembro inferior, de tercer grado,",T,CIE-10 OPS,1
T25.0,"Quemadura del tobillo y del pie, grado no especificado",T,CIE-10 OPS,1
T25.1,"Quemadura del tobillo y del pie, de primer grado",T,CIE-10 OPS,1
T25.2,"Quemadura del tobillo y del pie, de segundo grado",T,CIE-10 OPS,1
T25.3,"Quemadura del tobillo y del pie, de tercer grado",T,CIE-10 OPS,1
T25.4,"Corrosión del tobillo y del pie, grado no especificado",T,CIE-10 OPS,1
T25.5,"Corrosión del tobillo y del pie, de primer grado",T,CIE-10 OPS,1
T25.6,"Corrosión del tobillo y del pie, de segundo grado",T,CIE-10 OPS,1
T25.7,"Corrosión del tobillo y del pie, de tercer grado",T,CIE-10 OPS,1
T26.0,Quemadura del párpado y área periocular,T,CIE-10 OPS,1
T26.1,Quemadura de la córnea y saco conjuntival,T,CIE-10 OPS,1
T26.2,Quemadura con ruptura y destrucción resultantes del globo,T,CIE-10 OPS,1
T26.3,Quemadura de otras partes del ojo y sus anexos,T,CIE-10 OPS,1
T26.4,"Quemadura del ojo y anexos, parte no especificada",T,CIE-10 OPS,1
T26.5,Corrosión del párpado y área periocular,T,CIE-10 OPS,1
T26.6,Corrosión de la córnea y saco conjuntival,T,CIE-10 OPS,1
T26.7,Corrosión con ruptura y destrucción resultantes del globo,T,CIE-10 OPS,1
T26.8,Corrosión de otras partes del ojo y sus anexos,T,CIE-10 OPS,1
T26.9,"Corrosión del ojo y sus anexos, parte no especificada",T,CIE-10 OPS,1
T27.0,Quemadura de la laringe y de la tráquea,T,CIE-10 OPS,1
T27.1,Quemadura que afecta la laringe y la tráquea con el pulmón,T,CIE-10 OPS,1
T27.2,Quemadura de otras partes de las vías respiratorias,T,CIE-10 OPS,1
T27.3,"Quemadura de las vías respiratorias, parte no especificada",T,CIE-10 OPS,1
T27.4,Corrosión de la laringe y de la tráquea,T,CIE-10 OPS,1
T27.5,Corrosión que afecta la laringe y la tráquea con el pulmón,T,CIE-10 OPS,1
T27.6,Corrosión de otras partes de las vías respiratorias,T,CIE-10 OPS,1
T27.7,"Corrosión de las vías respiratorias, parte no especificada",T,CIE-10 OPS,1
T28.0,Quemadura de la boca y de la faringe,T,CIE-10 OPS,1
T28.1,Quemadura del esófago,T,CIE-10 OPS,1
T28.2,Quemadura de otras partes del tubo digestivo,T,CIE-10 OPS,1
T28.3,Quemadura de órganos genitourinarios internos,T,CIE-10 OPS,1
T28.4,Quemadura de otros órganos internos y de los no,T,CIE-10 OPS,1
T28.5,Corrosión de la boca y de la faringe,T,CIE-10 OPS,1
T28.6,Corrosión del esófago,T,CIE-10 OPS,1
T28.7,Corrosión de otras partes del tubo digestivo,T,CIE-10 OPS,1
T28.8,Corrosión de órganos genitourinarios internos,T,CIE-10 OPS,1
T28.9,Corrosión de otros órganos internos y de los no,T,CIE-10 OPS,1
T29.0,"Quemaduras de múltiples regiones, grado no especificado",T,CIE-10 OPS,1
T29.1,"Quemaduras de múltiples regiones, mencionadas como de",T,CIE-10 OPS,1
T29.2,"Quemaduras de múltiples regiones, mencionadas como de",T,CIE-10 OPS,1
T29.3,"Quemaduras múltiples, con mención al menos de una",T,CIE-10 OPS,1
T29.4,"Corrosiones de múltiples regiones, grado no especificado",T,CIE-10 OPS,1
T29.5,"Corrosiones múltiples, mencionadas como de no más de",T,CIE-10 OPS,1
T29.6,"Corrosiones múltiples, mencionadas como de no más de",T,CIE-10 OPS,1
T29.7,"Corrosiones múltiples, con mención al menos de una",T,CIE-10 OPS,1
T30.0,Quemadura de región del cuerpo y grado no especificados,T,CIE-10 OPS,1
T30.1,"Quemadura de primer grado, región del cuerpo no",T,CIE-10 OPS,1
T30.2,"Quemadura de segundo grado, región del cuerpo no",T,CIE-10 OPS,1
T30.3,"Quemadura de tercer grado, región del cuerpo no",T,CIE-10 OPS,1
T30.4,Corrosión de región del cuerpo y grado no especificados,T,CIE-10 OPS,1
T30.5,"Corrosión de primer grado, región del cuerpo no",T,CIE-10 OPS,1
T30.6,"Corrosión de segundo grado, región del cuerpo no",T,CIE-10 OPS,1
T30.7,"Corrosión de tercer grado, región del cuerpo no",T,CIE-10 OPS,1
T31.0,Quemaduras que afectan menos del 10% de la superficie,T,CIE-10 OPS,1
T31.1,Quemaduras que afectan del 10 al 19% de la superficie del,T,CIE-10 OPS,1
T31.2,Quemaduras que afectan del 20 al 29% de la superficie del,T,CIE-10 OPS,1
T31.3,Quemaduras que afectan del 30 al 39% de la superficie del,T,CIE-10 OPS,1
T31.4,Quemaduras que afectan del 40 al 49% de la superficie del,T,CIE-10 OPS,1
T31.5,Quemaduras que afectan del 50 al 59% de la superficie del,T,CIE-10 OPS,1
T31.6,Quemaduras que afectan del 60 al 69% de la superficie del,T,CIE-10 OPS,1
T31.7,Quemaduras que afectan del 70 al 79% de la superficie del,T,CIE-10 OPS,1
T31.8,Quemaduras que afectan del 80 al 89% de la superficie del,T,CIE-10 OPS,1
T31.9,Quemaduras que afectan el 90% o más de la superficie del,T,CIE-10 OPS,1
T32.0,Corrosiones que afectan menos del 10% de la superficie,T,CIE-10 OPS,1
T32.1,Corrosiones que afectan del 10 al 19% de la superficie del,T,CIE-10 OPS,1
T32.2,Corrosiones que afectan del 20 al 29% de la superficie del,T,CIE-10 OPS,1
T32.3,Corrosiones que afectan del 30 al 39% de la superficie del,T,CIE-10 OPS,1
T32.4,Corrosiones que afectan del 40 al 49% de la superficie del,T,CIE-10 OPS,1
T32.5,Corrosiones que afectan del 50 al 59% de la superficie del,T,CIE-10 OPS,1
T32.6,Corrosiones que afectan del 60 al 69% de la superficie del,T,CIE-10 OPS,1
T32.7,Corrosiones que afectan del 70 al 79% de la superficie del,T,CIE-10 OPS,1
T32.8,Corrosiones que afectan del 80 al 89% de la superficie del,T,CIE-10 OPS,1
T32.9,Corrosiones que afectan el 90% o más de la superficie del,T,CIE-10 OPS,1
T33.0,Congelamiento superficial de la cabeza,T,CIE-10 OPS,1
T33.1,Congelamiento superficial del cuello,T,CIE-10 OPS,1
T33.2,Congelamiento superficial del tórax,T,CIE-10 OPS,1
T33.3,"Congelamiento superficial de la pared abdominal, región",T,CIE-10 OPS,1
T33.4,Congelamiento superficial del brazo,T,CIE-10 OPS,1
T33.5,Congelamiento superficial de la muñeca y de la mano,T,CIE-10 OPS,1
T33.6,Congelamiento superficial de la cadera y del muslo,T,CIE-10 OPS,1
T33.7,Congelamiento superficial de la rodilla y de la pierna,T,CIE-10 OPS,1
T33.8,Congelamiento superficial del tobillo y del pie,T,CIE-10 OPS,1
T33.9,Congelamiento superficial de otros sitios y de los no,T,CIE-10 OPS,1
T34.0,Congelamiento con necrosis tisular de la cabeza,T,CIE-10 OPS,1
T34.1,Congelamiento con necrosis tisular del cuello,T,CIE-10 OPS,1
T34.2,Congelamiento con necrosis tisular del tórax,T,CIE-10 OPS,1
T34.3,"Congelamiento con necrosis tisular de la pared abdominal,",T,CIE-10 OPS,1
T34.4,Congelamiento con necrosis tisular del brazo,T,CIE-10 OPS,1
T34.5,Congelamiento con necrosis tisular de la muñeca y de la,T,CIE-10 OPS,1
T34.6,Congelamiento con necrosis tisular de la cadera y del,T,CIE-10 OPS,1
T34.7,Congelamiento con necrosis tisular de la rodilla y de la,T,CIE-10 OPS,1
T34.8,Congelamiento con necrosis tisular del tobillo y del pie,T,CIE-10 OPS,1
T34.9,Congelamiento con necrosis tisular de otros sitios y de los,T,CIE-10 OPS,1
T35.0,Congelamiento superficial que afecta múltiples regiones,T,CIE-10 OPS,1
T35.1,Congelamiento con necrosis tisular que afecta múltiples,T,CIE-10 OPS,1
T35.2,Congelamiento no especificado de la cabeza y del cuello,T,CIE-10 OPS,1
T35.3,"Congelamiento no especificado del tórax, del abdomen, de",T,CIE-10 OPS,1
T35.4,Congelamiento no especificado del miembro superior,T,CIE-10 OPS,1
T35.5,Congelamiento no especificado del miembro inferior,T,CIE-10 OPS,1
T35.6,Congelamiento no especificado que afecta múltiples,T,CIE-10 OPS,1
T35.7,"Congelamiento no especificado, de sitio no especificado",T,CIE-10 OPS,1
T36.0,Penicilinas,T,CIE-10 OPS,1
T36.1,Cefalosporinas y otros antibióticos beta-lactámicos,T,CIE-10 OPS,1
T36.2,Grupo del cloramfenicol,T,CIE-10 OPS,1
T36.3,Macrólidos,T,CIE-10 OPS,1
T36.4,Tetraciclinas,T,CIE-10 OPS,1
T36.5,Aminoglucósidos,T,CIE-10 OPS,1
T36.6,Rifamicinas,T,CIE-10 OPS,1
T36.7,Antibióticos antimicóticos usados sistémicamente,T,CIE-10 OPS,1
T36.8,Otros antibióticos sistémicos,T,CIE-10 OPS,1
T36.9,"Antibióticos sistémicos, no especificados",T,CIE-10 OPS,1
T37.0,Sulfonamidas,T,CIE-10 OPS,1
T37.1,Drogas antimicobacterianas,T,CIE-10 OPS,1
T37.2,Antipalúdicos y drogas de acción contra otros protozoarios,T,CIE-10 OPS,1
T37.3,Otras drogas antiprotozoarias,T,CIE-10 OPS,1
T37.4,Antihelmínticos,T,CIE-10 OPS,1
T37.5,Drogas antivirales,T,CIE-10 OPS,1
T37.8,Otros antiinfecciosos y antiparasitarios sistémicos,T,CIE-10 OPS,1
T37.9,"Antiinfecciosos y antiparasitarios sistémicos, no",T,CIE-10 OPS,1
T38.0,Glucocorticoides y análogos sintéticos,T,CIE-10 OPS,1
T38.1,Hormonas tiroideas y sustitutos,T,CIE-10 OPS,1
T38.2,Drogas antitiroideas,T,CIE-10 OPS,1
T38.3,Insulina y drogas hipoglucemiantes orales [antidiabéticas],T,CIE-10 OPS,1
T38.4,Anticonceptivos orales,T,CIE-10 OPS,1
T38.5,Otros estrógenos y progestógenos,T,CIE-10 OPS,1
T38.6,"Antigonadotrofinas, antiestrógenos y antiandrógenos, no",T,CIE-10 OPS,1
T38.7,Andrógenos y sus congéneres anabólicos,T,CIE-10 OPS,1
T38.8,Otras hormonas y sustitutos sintéticos y los no,T,CIE-10 OPS,1
T38.9,Otros antagonistas de las hormonas y los no especificados,T,CIE-10 OPS,1
T39.0,Salicilatos,T,CIE-10 OPS,1
T39.1,Derivados del paraaminofenol,T,CIE-10 OPS,1
T39.2,Derivados de la pirazolona,T,CIE-10 OPS,1
T39.3,Otras drogas antiinflamatorias no esteroideas [DAINE],T,CIE-10 OPS,1
T39.4,"Antirreumáticos, no clasificados en otra parte",T,CIE-10 OPS,1
T39.8,"Otros analgésicos no narcóticos y antipiréticos, no",T,CIE-10 OPS,1
T39.9,"Analgésicos no narcóticos, antipiréticos y antirreumáticos,",T,CIE-10 OPS,1
T40.0,Opio,T,CIE-10 OPS,1
T40.1,Heroína,T,CIE-10 OPS,1
T40.2,Otros opiáceos,T,CIE-10 OPS,1
T40.3,Metadona,T,CIE-10 OPS,1
T40.4,Otros narcóticos sintéticos,T,CIE-10 OPS,1
T40.5,Cocaína,T,CIE-10 OPS,1
T40.6,Otros narcóticos y los no especificados,T,CIE-10 OPS,1
T40.7,Cannabis (derivados),T,CIE-10 OPS,1
T40.8,Acido lisérgico [LSD],T,CIE-10 OPS,1
T40.9,Otros psicodislépticos y los no especificados,T,CIE-10 OPS,1
T41.0,Anestésicos por inhalación,T,CIE-10 OPS,1
T41.1,Anestésicos intravenosos,T,CIE-10 OPS,1
T41.2,Otros anestésicos generales y los no especificados,T,CIE-10 OPS,1
T41.3,Anestésicos locales,T,CIE-10 OPS,1
T41.4,"Anestésicos, no especificados",T,CIE-10 OPS,1
T41.5,Gases terapéuticos,T,CIE-10 OPS,1
T42.0,Derivados de la hidantoína,T,CIE-10 OPS,1
T42.1,Iminostilbenos,T,CIE-10 OPS,1
T42.2,Succinamidas y derivados de la oxazolidina,T,CIE-10 OPS,1
T42.3,Barbitúricos,T,CIE-10 OPS,1
T42.4,Benzodiazepinas,T,CIE-10 OPS,1
T42.5,"Antiepilépticos mixtos, no clasificados en otra parte",T,CIE-10 OPS,1
T42.6,Otros antiepilépticos y drogas hipnótico–sedantes,T,CIE-10 OPS,1
T42.7,"Antiepilépticos y drogas hipnótico–sedantes, no",T,CIE-10 OPS,1
T42.8,Drogas antiparkinsonianas y otros depresores del tono,T,CIE-10 OPS,1
T43.0,Antidepresivos tricíclicos y tetracíclicos,T,CIE-10 OPS,1
T43.1,Antidepresivos inhibidores de la monoaminoxidasa,T,CIE-10 OPS,1
T43.2,Otros antidepresivos y los no especificados,T,CIE-10 OPS,1
T43.3,Antipsicóticos y neurolépticos fenotiacínicos,T,CIE-10 OPS,1
T43.4,Butirofenona y neurolépticos tioxanténicos,T,CIE-10 OPS,1
T43.5,Otros antipsicóticos y neurolépticos y los no especificados,T,CIE-10 OPS,1
T43.6,Psicoestimulantes con abuso potencial,T,CIE-10 OPS,1
T43.8,"Otras drogas psicotrópicas, no clasificadas en otra parte",T,CIE-10 OPS,1
T43.9,"Droga psicotrópica, no especificada",T,CIE-10 OPS,1
T44.0,Agentes anticolinesterasa,T,CIE-10 OPS,1
T44.1,Otros parasimpaticomiméticos [colinérgicos],T,CIE-10 OPS,1
T44.2,"Drogas bloqueadoras ganglionares, no clasificadas en otra",T,CIE-10 OPS,1
T44.3,Otros parasimpaticolíticos [anticolinérgicos y,T,CIE-10 OPS,1
T44.4,"Agonistas, predominantemente alfa-adrenérgicos, no",T,CIE-10 OPS,1
T44.5,"Agonistas, predominantemente beta-adrenérgicos, no",T,CIE-10 OPS,1
T44.6,"Antagonistas alfa-adrenérgicos, no clasificados en otra",T,CIE-10 OPS,1
T44.7,"Antagonistas beta-adrenérgicos, no clasificados en otra",T,CIE-10 OPS,1
T44.8,Agentes de acción central y bloqueadores neuronales,T,CIE-10 OPS,1
T44.9,Otras drogas y las no especificadas que afectan,T,CIE-10 OPS,1
T45.0,Drogas antialérgicas y antieméticas,T,CIE-10 OPS,1
T45.1,Drogas antineoplásicas e inmunosupresoras,T,CIE-10 OPS,1
T45.2,"Vitaminas, no clasificadas en otra parte",T,CIE-10 OPS,1
T45.3,"Enzimas, no clasificadas en otra parte",T,CIE-10 OPS,1
T45.4,Hierro y sus compuestos,T,CIE-10 OPS,1
T45.5,Anticoagulantes,T,CIE-10 OPS,1
T45.6,Drogas que afectan la fibrinólisis,T,CIE-10 OPS,1
T45.7,"Antagonistas de anticoagulantes, vitamina K y otros",T,CIE-10 OPS,1
T45.8,Otros agentes principalmente sistémicos y hematológicos,T,CIE-10 OPS,1
T45.9,"Agentes principalmente sistémicos y hematológicos, no",T,CIE-10 OPS,1
T46.0,Glucósidos cardiotónicos y medicamentos de acción,T,CIE-10 OPS,1
T46.1,Bloqueadores del canal del calcio,T,CIE-10 OPS,1
T46.2,"Otras drogas antiarrítmicas, no clasificadas en otra parte",T,CIE-10 OPS,1
T46.3,"Vasodilatadores coronarios, no clasificados en otra parte",T,CIE-10 OPS,1
T46.4,Inhibidores de la enzima convertidora de la angiotensina,T,CIE-10 OPS,1
T46.5,"Otras drogas antihipertensivas, no clasificadas en otra",T,CIE-10 OPS,1
T46.6,Drogas antilipémicas y antiarterioscleróticas,T,CIE-10 OPS,1
T46.7,Vasodilatadores periféricos,T,CIE-10 OPS,1
T46.8,"Drogas antivaricosas, inclusive agentes esclerosantes",T,CIE-10 OPS,1
T46.9,Otros agentes y los no especificados que afectan,T,CIE-10 OPS,1
T47.0,Antagonistas del receptor H de histamina,T,CIE-10 OPS,1
T47.1,Otras drogas antiácidas y que inhiben la secreción gástrica,T,CIE-10 OPS,1
T47.2,Laxantes estimulantes,T,CIE-10 OPS,1
T47.3,Laxantes salinos y osmóticos,T,CIE-10 OPS,1
T47.4,Otros laxantes,T,CIE-10 OPS,1
T47.5,Digestivos,T,CIE-10 OPS,1
T47.6,Drogas antidiarreicas,T,CIE-10 OPS,1
T47.7,Eméticos,T,CIE-10 OPS,1
T47.8,Otros agentes que afectan principalmente el sistema,T,CIE-10 OPS,1
T47.9,Agentes no especificados que afectan principalmente el,T,CIE-10 OPS,1
T48.0,Drogas oxitócicas,T,CIE-10 OPS,1
T48.1,Relajantes musculoesqueléticos [agentes bloqueadores,T,CIE-10 OPS,1
T48.2,Otros medicamentos y los no especificados de acción,T,CIE-10 OPS,1
T48.3,Antitusígenos,T,CIE-10 OPS,1
T48.4,Expectorantes,T,CIE-10 OPS,1
T48.5,Drogas contra el catarro común,T,CIE-10 OPS,1
T48.6,"Antiasmáticos, no clasificados en otra parte",T,CIE-10 OPS,1
T48.7,Otros agentes y los no especificados de acción principal,T,CIE-10 OPS,1
T49.0,"Drogas locales antimicóticas, antiinfecciosas y",T,CIE-10 OPS,1
T49.1,Antipruríticos,T,CIE-10 OPS,1
T49.2,Astringentes y detergentes locales,T,CIE-10 OPS,1
T49.3,"Emolientes, demulcentes y protectores",T,CIE-10 OPS,1
T49.4,"Queratolíticos, queratoplásticos, drogas y otras",T,CIE-10 OPS,1
T49.5,Drogas y preparaciones oftalmológicas,T,CIE-10 OPS,1
T49.6,Drogas y preparaciones otorrinolaringológicas,T,CIE-10 OPS,1
T49.7,"Drogas dentales, aplicadas tópicamente",T,CIE-10 OPS,1
T49.8,Otros agentes tópicos,T,CIE-10 OPS,1
T49.9,"Agentes tópicos, no especificados",T,CIE-10 OPS,1
T50.0,Mineralocorticoides y sus antagonistas,T,CIE-10 OPS,1
T50.1,Diuréticos del asa [dintel alto],T,CIE-10 OPS,1
T50.2,"Inhibidores de la anhidrasa del ácido carbónico,",T,CIE-10 OPS,1
T50.3,"Agentes del equilibrio hidrolítico, electrolítico y calórico",T,CIE-10 OPS,1
T50.4,Drogas que afectan el metabolismo del ácido úrico,T,CIE-10 OPS,1
T50.5,Depresores del apetito,T,CIE-10 OPS,1
T50.6,"Antídotos y agentes quelantes, no clasificados en otra",T,CIE-10 OPS,1
T50.7,Analépticos y antagonistas del opio,T,CIE-10 OPS,1
T50.8,Agentes diagnósticos,T,CIE-10 OPS,1
T50.9,"Otras drogas y sustancias biológicas, y las no",T,CIE-10 OPS,1
T51.0,Etanol,T,CIE-10 OPS,1
T51.1,Metanol,T,CIE-10 OPS,1
T51.2,Propanol–2,T,CIE-10 OPS,1
T51.3,Licor de alcohol insuficientemente destilado,T,CIE-10 OPS,1
T51.8,Otros alcoholes,T,CIE-10 OPS,1
T51.9,"Alcohol, no especificado",T,CIE-10 OPS,1
T52.0,Productos del petróleo,T,CIE-10 OPS,1
T52.1,Benceno,T,CIE-10 OPS,1
T52.2,Homólogos del benceno,T,CIE-10 OPS,1
T52.3,Glicoles,T,CIE-10 OPS,1
T52.4,Cetonas,T,CIE-10 OPS,1
T52.8,Otros disolventes orgánicos,T,CIE-10 OPS,1
T52.9,"Disolventes orgánicos, no especificados",T,CIE-10 OPS,1
T53.0,Tetracloruro de carbono,T,CIE-10 OPS,1
T53.1,Cloroformo,T,CIE-10 OPS,1
T53.2,Tricloroetileno,T,CIE-10 OPS,1
T53.3,Tetracloroetileno,T,CIE-10 OPS,1
T53.4,Dicloroetano,T,CIE-10 OPS,1
T53.5,Clorofluorocarburos,T,CIE-10 OPS,1
T53.6,Otros derivados halogenados de hidrocarburos alifáticos,T,CIE-10 OPS,1
T53.7,Otros derivados halogenados de hidrocarburos aromáticos,T,CIE-10 OPS,1
T53.9,Derivados halogenados de hidrocarburos alifáticos y,T,CIE-10 OPS,1
T54.0,Fenol y homólogos del fenol,T,CIE-10 OPS,1
T54.1,Otros compuestos orgánicos corrosivos,T,CIE-10 OPS,1
T54.2,Ácidos corrosivos y sustancias ácidas similares,T,CIE-10 OPS,1
T54.3,Álcalis cáusticos y sustancias alcalinas similares,T,CIE-10 OPS,1
T54.9,"Efecto tóxico de sustancia corrosiva, no especificada",T,CIE-10 OPS,1
T56.0,Plomo y sus compuestos,T,CIE-10 OPS,1
T56.1,Mercurio y sus compuestos,T,CIE-10 OPS,1
T56.2,Cromo y sus compuestos,T,CIE-10 OPS,1
T56.3,Cadmio y sus compuestos,T,CIE-10 OPS,1
T56.4,Cobre y sus compuestos,T,CIE-10 OPS,1
T56.5,Zinc y sus compuestos,T,CIE-10 OPS,1
T56.6,Estaño y sus compuestos,T,CIE-10 OPS,1
T56.7,Berilio y sus compuestos,T,CIE-10 OPS,1
T56.8,Otros metales,T,CIE-10 OPS,1
T56.9,"Metal, no especificado",T,CIE-10 OPS,1
T57.0,Arsénico y sus compuestos,T,CIE-10 OPS,1
T57.1,Fósforo y sus compuestos,T,CIE-10 OPS,1
T57.2,Manganeso y sus compuestos,T,CIE-10 OPS,1
T57.3,Ácido cianhídrico,T,CIE-10 OPS,1
T57.8,"Otras sustancias inorgánicas, especificadas",T,CIE-10 OPS,1
T57.9,"Sustancia inorgánica, no especificada",T,CIE-10 OPS,1
T59.0,Óxidos de nitrógeno,T,CIE-10 OPS,1
T59.1,Dióxido de sulfuro,T,CIE-10 OPS,1
T59.2,Formaldehído,T,CIE-10 OPS,1
T59.3,Gas lacrimógeno,T,CIE-10 OPS,1
T59.4,Cloro gaseoso,T,CIE-10 OPS,1
T59.5,Gas de flúor y fluoruro de hidrógeno,T,CIE-10 OPS,1
T59.6,Sulfuro de hidrógeno,T,CIE-10 OPS,1
T59.7,Dióxido de carbono,T,CIE-10 OPS,1
T59.8,"Otros gases, humos y vapores especificados",T,CIE-10 OPS,1
T59.9,"Gases, humos y vapores no especificados",T,CIE-10 OPS,1
T60.0,Insecticidas organofosforados y carbamatos,T,CIE-10 OPS,1
T60.1,Insecticidas halogenados,T,CIE-10 OPS,1
T60.2,Otros insecticidas,T,CIE-10 OPS,1
T60.3,Herbicidas y fungicidas,T,CIE-10 OPS,1
T60.4,Rodenticidas,T,CIE-10 OPS,1
T60.8,Otros plaguicidas,T,CIE-10 OPS,1
T60.9,"Plaguicida, no especificado",T,CIE-10 OPS,1
T61.0,Envenenamiento ciguatero por pescado,T,CIE-10 OPS,1
T61.1,Envenenamiento escombroideo por pescado,T,CIE-10 OPS,1
T61.2,Otros envenenamientos por pescados y mariscos,T,CIE-10 OPS,1
T61.8,Efecto tóxico de otros alimentos marinos,T,CIE-10 OPS,1
T61.9,Efecto tóxico de alimentos marinos no especificados,T,CIE-10 OPS,1
T62.0,Hongos ingeridos,T,CIE-10 OPS,1
T62.1,Bayas ingeridas,T,CIE-10 OPS,1
T62.2,Otra(s) (partes de) planta(s) ingerida(s),T,CIE-10 OPS,1
T62.8,Otras sustancias nocivas especificadas ingeridas como,T,CIE-10 OPS,1
T62.9,"Sustancia nociva ingerida como alimento, no especificada",T,CIE-10 OPS,1
T63.0,Veneno de serpiente,T,CIE-10 OPS,1
T63.1,Veneno de otros reptiles,T,CIE-10 OPS,1
T63.2,Veneno de escorpión,T,CIE-10 OPS,1
T63.3,Veneno de arañas,T,CIE-10 OPS,1
T63.4,Veneno de otros artrópodos,T,CIE-10 OPS,1
T63.5,Efecto tóxico del contacto con peces,T,CIE-10 OPS,1
T63.6,Efecto tóxico del contacto con otros animales marinos,T,CIE-10 OPS,1
T63.8,Efectos tóxicos del contacto con otros animales venenosos,T,CIE-10 OPS,1
T63.9,Efecto tóxico del contacto con animal venenoso no,T,CIE-10 OPS,1
T65.0,Cianuro,T,CIE-10 OPS,1
T65.1,Estricnina y sus sales,T,CIE-10 OPS,1
T65.2,Tabaco y nicotina,T,CIE-10 OPS,1
T65.3,Nitroderivados y aminoderivados del benceno y sus,T,CIE-10 OPS,1
T65.4,Bisulfuro de carbono,T,CIE-10 OPS,1
T65.5,Nitroglicerina y otros ácidos y ésteres nítricos,T,CIE-10 OPS,1
T65.6,"Pinturas y colorantes, no clasificados en otra parte",T,CIE-10 OPS,1
T65.8,Efectos tóxicos de otras sustancias especificadas,T,CIE-10 OPS,1
T65.9,Efecto tóxico de sustancia no especificada,T,CIE-10 OPS,1
T67.0,Golpe de calor e insolación,T,CIE-10 OPS,1
T67.1,Síncope por calor,T,CIE-10 OPS,1
T67.2,Calambre por calor,T,CIE-10 OPS,1
T67.3,"Agotamiento por calor, anhidrótico",T,CIE-10 OPS,1
T67.4,Agotamiento por calor debido a depleción de sal,T,CIE-10 OPS,1
T67.5,"Agotamiento por calor, no especificado",T,CIE-10 OPS,1
T67.6,"Fatiga por calor, transitoria",T,CIE-10 OPS,1
T67.7,Edema por calor,T,CIE-10 OPS,1
T67.8,Otros efectos del calor y de la luz,T,CIE-10 OPS,1
T67.9,"Efecto del calor y de la luz, no especificado",T,CIE-10 OPS,1
T69.0,Mano y pie de inmersión,T,CIE-10 OPS,1
T69.1,Sabañón(es),T,CIE-10 OPS,1
T69.8,Otros efectos especificados de la reducción de la,T,CIE-10 OPS,1
T69.9,"Efecto de la reducción de la temperatura, no especificado",T,CIE-10 OPS,1
T70.0,Barotrauma otítico,T,CIE-10 OPS,1
T70.1,Barotrauma sinusal,T,CIE-10 OPS,1
T70.2,Otros efectos y los no especificados de la gran altitud,T,CIE-10 OPS,1
T70.3,Enfermedad por descompresión [de los cajones,T,CIE-10 OPS,1
T70.4,Efectos de líquidos con alta presión,T,CIE-10 OPS,1
T70.8,Otros efectos de la presión del aire y del agua,T,CIE-10 OPS,1
T70.9,"Efecto de la presión del aire y del agua, no especificado",T,CIE-10 OPS,1
T73.0,Efectos del hambre,T,CIE-10 OPS,1
T73.1,Efectos de la sed,T,CIE-10 OPS,1
T73.2,Agotamiento debido a exposición a la intemperie,T,CIE-10 OPS,1
T73.3,Agotamiento debido a esfuerzo excesivo,T,CIE-10 OPS,1
T73.8,Otros efectos de privación,T,CIE-10 OPS,1
T73.9,"Efectos de privación, no especificados",T,CIE-10 OPS,1
T74.0,Negligencia o abandono,T,CIE-10 OPS,1
T74.1,Abuso físico,T,CIE-10 OPS,1
T74.2,Abuso sexual,T,CIE-10 OPS,1
T74.3,Abuso psicológico,T,CIE-10 OPS,1
T74.8,Otros síndromes del maltrato,T,CIE-10 OPS,1
T74.9,"Síndrome del maltrato, no especificado",T,CIE-10 OPS,1
T75.0,Efectos del rayo,T,CIE-10 OPS,1
T75.1,Ahogamiento y sumersión no mortal,T,CIE-10 OPS,1
T75.2,Efectos de la vibración,T,CIE-10 OPS,1
T75.3,Mal del movimiento,T,CIE-10 OPS,1
T75.4,Efectos de la corriente eléctrica,T,CIE-10 OPS,1
T75.8,Otros efectos especificados de causas externas,T,CIE-10 OPS,1
T78.0,Choque anafiláctico debido a reacción adversa a alimentos,T,CIE-10 OPS,1
T78.1,"Otra reacción adversa a alimentos, no clasificada en otra",T,CIE-10 OPS,1
T78.2,"Choque anafiláctico, no especificado",T,CIE-10 OPS,1
T78.3,Edema angioneurótico,T,CIE-10 OPS,1
T78.4,Alergia no especificada,T,CIE-10 OPS,1
T78.8,"Otros efectos adversos, no clasificados en otra parte",T,CIE-10 OPS,1
T78.9,Efecto adverso no especificado,T,CIE-10 OPS,1
T79.0,Embolia gaseosa (traumática),T,CIE-10 OPS,1
T79.1,Embolia grasa (traumática),T,CIE-10 OPS,1
T79.2,Hemorragia traumática secundaria y recurrente,T,CIE-10 OPS,1
T79.3,"Infección postraumática de herida, no clasificada en otra",T,CIE-10 OPS,1
T79.4,Choque traumático,T,CIE-10 OPS,1
T79.5,Anuria traumática,T,CIE-10 OPS,1
T79.6,Isquemia traumática de músculo,T,CIE-10 OPS,1
T79.7,Enfisema subcutáneo traumático,T,CIE-10 OPS,1
T79.8,Otras complicaciones precoces de los traumatismos,T,CIE-10 OPS,1
T79.9,Complicaciones precoces no especificadas de los,T,CIE-10 OPS,1
T80.0,"Embolia gaseosa consecutiva a infusión, transfusión e",T,CIE-10 OPS,1
T80.1,"Complicaciones vasculares consecutivas a infusión,",T,CIE-10 OPS,1
T80.2,"Infecciones consecutivas a infusión, transfusión e",T,CIE-10 OPS,1
T80.3,Reacción de incompatibilidad al grupo ABO,T,CIE-10 OPS,1
T80.4,Reacción de incompatibilidad a Rh,T,CIE-10 OPS,1
T80.5,Choque anafiláctico debido a suero,T,CIE-10 OPS,1
T80.6,Otras reacciones al suero,T,CIE-10 OPS,1
T80.8,"Otras complicaciones consecutivas a infusión, transfusión,",T,CIE-10 OPS,1
T80.9,"Complicaciones no especificadas consecutivas a infusión,",T,CIE-10 OPS,1
T81.0,"Hemorragia y hematoma que complican un procedimiento,",T,CIE-10 OPS,1
T81.1,"Choque durante o resultante de un procedimiento, no",T,CIE-10 OPS,1
T81.2,"Punción o laceración accidental durante un procedimiento,",T,CIE-10 OPS,1
T81.3,"Desgarro de herida operatoria, no clasificado en otra parte",T,CIE-10 OPS,1
T81.4,"Infección consecutiva a procedimiento, no clasificada en",T,CIE-10 OPS,1
T81.5,Cuerpo extraño dejado accidentalmente en cavidad,T,CIE-10 OPS,1
T81.6,Reacción aguda a sustancia extraña dejada,T,CIE-10 OPS,1
T81.7,"Complicaciones vasculares consecutivas a procedimiento,",T,CIE-10 OPS,1
T81.8,"Otras complicaciones de procedimientos, no clasificadas",T,CIE-10 OPS,1
T81.9,"Complicación de procedimientos, no especificada",T,CIE-10 OPS,1
T82.0,Complicación mecánica de prótesis de válvula cardíaca,T,CIE-10 OPS,1
T82.1,Complicación mecánica de dispositivo electrónico cardíaco,T,CIE-10 OPS,1
T82.2,Complicación mecánica de derivación de arteria coronaria,T,CIE-10 OPS,1
T82.3,Complicación mecánica de otros injertos vasculares,T,CIE-10 OPS,1
T82.4,Complicación mecánica de catéter para diálisis vascular,T,CIE-10 OPS,1
T82.5,Complicación mecánica de otros dispositivos e implantes,T,CIE-10 OPS,1
T82.6,Infección y reacción inflamatoria debidas a prótesis de,T,CIE-10 OPS,1
T82.7,Infección y reacción inflamatoria debidas a otros,T,CIE-10 OPS,1
T82.8,"Otras complicaciones de dispositivos protésicos, implantes",T,CIE-10 OPS,1
T82.9,"Complicación no especificada de dispositivo protésico,",T,CIE-10 OPS,1
T83.0,Complicación mecánica de catéter urinario (fijo),T,CIE-10 OPS,1
T83.1,Complicación mecánica de otros dispositivos e implantes,T,CIE-10 OPS,1
T83.2,Complicación mecánica de injerto en órgano urinario,T,CIE-10 OPS,1
T83.3,Complicación mecánica de dispositivo anticonceptivo,T,CIE-10 OPS,1
T83.4,"Complicación mecánica de otros dispositivos, implantes e",T,CIE-10 OPS,1
T83.5,Infección y reacción inflamatoria debidas a dispositivo,T,CIE-10 OPS,1
T83.6,Infección y reacción inflamatoria debidas a dispositivo,T,CIE-10 OPS,1
T83.8,"Otras complicaciones de dispositivos protésicos, implantes",T,CIE-10 OPS,1
T83.9,"Complicación no especificada de dispositivo protésico,",T,CIE-10 OPS,1
T84.0,Complicación mecánica de prótesis articular interna,T,CIE-10 OPS,1
T84.1,Complicación mecánica de dispositivo de fijación interna,T,CIE-10 OPS,1
T84.2,Complicación mecánica de dispositivo de fijación interna,T,CIE-10 OPS,1
T84.3,"Complicación mecánica de otros dispositivos óseos,",T,CIE-10 OPS,1
T84.4,"Complicación mecánica de otros dispositivos protésicos,",T,CIE-10 OPS,1
T84.5,Infección y reacción inflamatoria debidas a prótesis,T,CIE-10 OPS,1
T84.6,Infección y reacción inflamatoria debidas a dispositivo de,T,CIE-10 OPS,1
T84.7,Infección y reacción inflamatoria debidas a otros disposi-,T,CIE-10 OPS,1
T84.8,"Otras complicaciones de dispositivos protésicos, implantes",T,CIE-10 OPS,1
T84.9,Complicaciones no especificadas de dispositivos,T,CIE-10 OPS,1
T85.0,Complicación mecánica de derivación (anastomótica),T,CIE-10 OPS,1
T85.1,Complicación mecánica de implante de estimulador,T,CIE-10 OPS,1
T85.2,Complicación mecánica de lentes intraoculares,T,CIE-10 OPS,1
T85.3,"Complicación mecánica de otros dispositivos protésicos,",T,CIE-10 OPS,1
T85.4,Complicación mecánica de prótesis e implante de mama,T,CIE-10 OPS,1
T85.5,"Complicación mecánica de dispositivo protésico, implante",T,CIE-10 OPS,1
T85.6,"Complicación mecánica de otros dispositivos protésicos,",T,CIE-10 OPS,1
T85.7,Infección y reacción inflamatoria debidas a otros,T,CIE-10 OPS,1
T85.8,"Otras complicaciones de dispositivos protésicos, implantes",T,CIE-10 OPS,1
T85.9,"Complicación no especificada de dispositivo protésico,",T,CIE-10 OPS,1
T86.0,Rechazo de trasplante de médula ósea,T,CIE-10 OPS,1
T86.1,Falla y rechazo de trasplante de riñón,T,CIE-10 OPS,1
T86.2,Falla y rechazo de trasplante de corazón,T,CIE-10 OPS,1
T86.3,Falla y rechazo de trasplante de pulmón-corazón,T,CIE-10 OPS,1
T86.4,Falla y rechazo de trasplante de hígado,T,CIE-10 OPS,1
T86.8,Falla y rechazo de otros órganos y tejidos trasplantados,T,CIE-10 OPS,1
T86.9,Falla y rechazo de trasplante de órgano y tejido no,T,CIE-10 OPS,1
T87.0,Complicaciones de la reinserción (de parte) de extremidad,T,CIE-10 OPS,1
T87.1,Complicaciones de la reinserción (de parte) de extremidad,T,CIE-10 OPS,1
T87.2,Complicaciones de otras partes del cuerpo reinsertadas,T,CIE-10 OPS,1
T87.3,Neuroma de muñón de amputación,T,CIE-10 OPS,1
T87.4,Infección de muñón de amputación,T,CIE-10 OPS,1
T87.5,Necrosis de muñón de amputación,T,CIE-10 OPS,1
T87.6,Otras complicaciones y las no especificadas de muñón de,T,CIE-10 OPS,1
T88.0,Infección consecutiva a inmunización,T,CIE-10 OPS,1
T88.1,"Otras complicaciones consecutivas a inmunización, no",T,CIE-10 OPS,1
T88.2,Choque debido a la anestesia,T,CIE-10 OPS,1
T88.3,Hipertermia maligna debida a la anestesia,T,CIE-10 OPS,1
T88.4,Falla o dificultad de la intubación,T,CIE-10 OPS,1
T88.5,Otras complicaciones de la anestesia,T,CIE-10 OPS,1
T88.6,Choque anafiláctico debido a efecto adverso de droga o,T,CIE-10 OPS,1
T88.7,Efecto adverso no especificado de droga o medicamento,T,CIE-10 OPS,1
T88.8,Otras complicaciones especificadas de la atención médica,T,CIE-10 OPS,1
T88.9,Complicaciones no especificadas de la atención médica y,T,CIE-10 OPS,1
T90.0,Secuelas de traumatismo superficial de la cabeza,T,CIE-10 OPS,1
T90.1,Secuelas de herida de la cabeza,T,CIE-10 OPS,1
T90.2,Secuelas de fractura del cráneo y de huesos faciales,T,CIE-10 OPS,1
T90.3,Secuelas de traumatismo de nervios craneales,T,CIE-10 OPS,1
T90.4,Secuelas de traumatismo del ojo y de la órbita,T,CIE-10 OPS,1
T90.5,Secuelas de traumatismo intracraneal,T,CIE-10 OPS,1
T90.8,Secuelas de otros traumatismos especificados de la cabeza,T,CIE-10 OPS,1
T90.9,Secuelas de traumatismo no especificado de la cabeza,T,CIE-10 OPS,1
T91.0,Secuelas de traumatismo superficial y de heridas del cuello,T,CIE-10 OPS,1
T91.1,Secuelas de fractura de la columna vertebral,T,CIE-10 OPS,1
T91.2,Secuelas de otra fractura del tórax y de la pelvis,T,CIE-10 OPS,1
T91.3,Secuelas de traumatismo de la médula espinal,T,CIE-10 OPS,1
T91.4,Secuelas de traumatismo de órganos intratorácicos,T,CIE-10 OPS,1
T91.5,Secuelas de traumatismo de órganos intraabdominales y,T,CIE-10 OPS,1
T91.8,Secuelas de otros traumatismos especificados del cuello y,T,CIE-10 OPS,1
T91.9,Secuelas de traumatismo no especificado del cuello y del,T,CIE-10 OPS,1
T92.0,Secuelas de herida de miembro superior,T,CIE-10 OPS,1
T92.1,Secuelas de fractura del brazo,T,CIE-10 OPS,1
T92.2,Secuelas de fractura de la muñeca y de la mano,T,CIE-10 OPS,1
T92.3,"Secuelas de luxación, torcedura y esguince de miembro",T,CIE-10 OPS,1
T92.4,Secuelas de traumatismo de nervio de miembro superior,T,CIE-10 OPS,1
T92.5,Secuelas de traumatismo de tendón y músculo de miembro,T,CIE-10 OPS,1
T92.6,Secuelas de aplastamiento y amputación traumáticas de,T,CIE-10 OPS,1
T92.8,Secuelas de otros traumatismos especificados de miembro,T,CIE-10 OPS,1
T92.9,Secuelas de traumatismo no especificado de miembro,T,CIE-10 OPS,1
T93.0,Secuelas de herida de miembro inferior,T,CIE-10 OPS,1
T93.1,Secuelas de fractura del fémur,T,CIE-10 OPS,1
T93.2,Secuelas de otras fracturas de miembro inferior,T,CIE-10 OPS,1
T93.3,"Secuelas de luxación, torcedura y esguince de miembro",T,CIE-10 OPS,1
T93.4,Secuelas de traumatismo de nervio de miembro inferior,T,CIE-10 OPS,1
T93.5,Secuelas de traumatismo de tendón y músculo de miembro,T,CIE-10 OPS,1
T93.6,Secuelas de aplastamiento y amputación traumáticas de,T,CIE-10 OPS,1
T93.8,Secuelas de otros traumatismos especificados de miembro,T,CIE-10 OPS,1
T93.9,Secuelas de traumatismo no especificado de miembro,T,CIE-10 OPS,1
T94.0,Secuelas de traumatismos que afectan múltiples regiones,T,CIE-10 OPS,1
T94.1,Secuelas de traumatismos de regiones no especificadas,T,CIE-10 OPS,1
T95.0,"Secuelas de quemadura, corrosión y congelamiento de la",T,CIE-10 OPS,1
T95.1,"Secuelas de quemadura, corrosión y congelamiento del",T,CIE-10 OPS,1
T95.2,"Secuelas de quemadura, corrosión y congelamiento de",T,CIE-10 OPS,1
T95.3,"Secuelas de quemadura, corrosión y congelamiento de",T,CIE-10 OPS,1
T95.4,Secuelas de quemadura y corrosión clasificables sólo de,T,CIE-10 OPS,1
T95.8,"Secuelas de otras quemaduras, corrosiones y",T,CIE-10 OPS,1
T95.9,"Secuelas de quemadura, corrosión y congelamiento no",T,CIE-10 OPS,1
T98.0,Secuelas de efectos de cuerpos extraños que penetran en,T,CIE-10 OPS,1
T98.1,Secuelas de otros efectos y los no especificados de causas,T,CIE-10 OPS,1
T98.2,Secuelas de ciertas complicaciones precoces de los,T,CIE-10 OPS,1
T98.3,Secuelas de complicaciones de la atención médica y,T,CIE-10 OPS,1
V09.0,Peatón lesionado en accidente no de tránsito que involucra,V,CIE-10 OPS,1
V09.1,Peatón lesionado en accidente no de tránsito no,V,CIE-10 OPS,1
V09.2,Peatón lesionado en accidente de tránsito que involucra,V,CIE-10 OPS,1
V09.3,Peatón lesionado en accidente de tránsito no especificado,V,CIE-10 OPS,1
V09.9,Peatón lesionado en accidente de transporte no,V,CIE-10 OPS,1
V19.0,Conductor de vehículo de pedal lesionado por colisión con,V,CIE-10 OPS,1
V19.1,Pasajero de vehículo de pedal lesionado por colisión con,V,CIE-10 OPS,1
V19.2,Ciclista no especificado lesionado por colisión con otros,V,CIE-10 OPS,1
V19.3,"Ciclista [cualquiera] lesionado en accidente no de tránsito,",V,CIE-10 OPS,1
V19.4,Conductor de vehículo de pedal lesionado por colisión con,V,CIE-10 OPS,1
V19.5,Pasajero de vehículo de pedal lesionado por colisión con,V,CIE-10 OPS,1
V19.6,Ciclista no especificado lesionado por colisión con otros,V,CIE-10 OPS,1
V19.8,Ciclista [cualquiera] lesionado en otros accidentes de,V,CIE-10 OPS,1
V19.9,Ciclista [cualquiera] lesionado en accidente de tránsito no,V,CIE-10 OPS,1
V29.0,Conductor de motocicleta lesionado por colisión con otros,V,CIE-10 OPS,1
V29.1,Pasajero de motocicleta lesionado por colisión con otros,V,CIE-10 OPS,1
V29.2,Motociclista no especificado lesionado por colisión con,V,CIE-10 OPS,1
V29.3,Motociclista [cualquiera] lesionado en accidente no de,V,CIE-10 OPS,1
V29.4,Conductor de motocicleta lesionado por colisión con otros,V,CIE-10 OPS,1
V29.5,Pasajero de motocicleta lesionado por colisión con otros,V,CIE-10 OPS,1
V29.6,Motociclista no especificado lesionado por colisión con,V,CIE-10 OPS,1
V29.8,Motociclista [cualquiera] lesionado en otros accidentes de,V,CIE-10 OPS,1
V29.9,Motociclista [cualquiera] lesionado en accidente de tránsito,V,CIE-10 OPS,1
V39.0,Conductor de vehículo de motor de tres ruedas lesionado,V,CIE-10 OPS,1
V39.1,Pasajero de vehículo de motor de tres ruedas lesionado,V,CIE-10 OPS,1
V39.2,Ocupante no especificado de vehículo de motor de tres,V,CIE-10 OPS,1
V39.3,Ocupante [cualquiera] de vehículo de motor de tres ruedas,V,CIE-10 OPS,1
V39.4,Conductor de vehículo de motor de tres ruedas lesionado,V,CIE-10 OPS,1
V39.5,Pasajero de vehículo de motor de tres ruedas lesionado,V,CIE-10 OPS,1
V39.6,Ocupante no especificado de vehículo de motor de tres,V,CIE-10 OPS,1
V39.8,Ocupante [cualquiera] de vehículo de motor de tres ruedas,V,CIE-10 OPS,1
V39.9,Ocupante [cualquiera] de vehículo de motor de tres ruedas,V,CIE-10 OPS,1
V49.0,Conductor de automóvil lesionado por colisión con otros,V,CIE-10 OPS,1
V49.1,Pasajero de automóvil lesionado por colisión con otros,V,CIE-10 OPS,1
V49.2,Ocupante no especificado de automóvil lesionado por,V,CIE-10 OPS,1
V49.3,Ocupante [cualquiera] de automóvil lesionado en accidente,V,CIE-10 OPS,1
V49.4,Conductor de automóvil lesionado por colisión con otros,V,CIE-10 OPS,1
V49.5,Pasajero de automóvil lesionado por colisión con otros,V,CIE-10 OPS,1
V49.6,Ocupante no especificado de automóvil lesionado por,V,CIE-10 OPS,1
V49.8,Ocupante [cualquiera] de automóvil lesionado en otros,V,CIE-10 OPS,1
V49.9,Ocupante [cualquiera] de automóvil lesionado en accidente,V,CIE-10 OPS,1
V59.0,Conductor de camioneta o furgoneta lesionado por colisión,V,CIE-10 OPS,1
V59.1,Pasajero de camioneta o furgoneta lesionado por colisión,V,CIE-10 OPS,1
V59.2,Ocupante no especificado de camioneta o furgoneta,V,CIE-10 OPS,1
V59.3,Ocupante [cualquiera] de camioneta o furgoneta lesionado,V,CIE-10 OPS,1
V59.4,Conductor de camioneta o furgoneta lesionado por colisión,V,CIE-10 OPS,1
V59.5,Pasajero de camioneta o furgoneta lesionado por colisión,V,CIE-10 OPS,1
V59.6,Ocupante no especificado de camioneta o furgoneta,V,CIE-10 OPS,1
V59.8,Ocupante [cualquiera] de camioneta o furgoneta lesionado,V,CIE-10 OPS,1
V59.9,Ocupante [cualquiera] de camioneta o furgoneta lesionado,V,CIE-10 OPS,1
V69.0,Conductor de vehículo de transporte pesado lesionado por,V,CIE-10 OPS,1
V69.1,Pasajero de vehículo de transporte pesado lesionado por,V,CIE-10 OPS,1
V69.2,Ocupante no especificado de vehículo de transporte,V,CIE-10 OPS,1
V69.3,Ocupante [cualquiera] de vehículo de transporte pesado,V,CIE-10 OPS,1
V69.4,Conductor de vehículo de transporte pesado lesionado por,V,CIE-10 OPS,1
V69.5,Pasajero de vehículo de transporte pesado lesionado por,V,CIE-10 OPS,1
V69.6,Ocupante no especificado de vehículo de transporte,V,CIE-10 OPS,1
V69.8,Ocupante [cualquiera] de vehículo de transporte pesado,V,CIE-10 OPS,1
V69.9,Ocupante [cualquiera] de vehículo de transporte pesado,V,CIE-10 OPS,1
V79.0,Conductor de autobús lesionado por colisión con otros,V,CIE-10 OPS,1
V79.1,Pasajero de autobús lesionado por colisión con otros,V,CIE-10 OPS,1
V79.2,Ocupante no especificado de autobús lesionado por,V,CIE-10 OPS,1
V79.3,Ocupante [cualquiera] de autobús lesionado en accidente,V,CIE-10 OPS,1
V79.4,Conductor de autobús lesionado por colisión con otros,V,CIE-10 OPS,1
V79.5,Pasajero de autobús lesionado por colisión con otros,V,CIE-10 OPS,1
V79.6,Ocupante no especificado de autobús lesionado por,V,CIE-10 OPS,1
V79.8,Ocupante [cualquiera] de autobús lesionado en otros,V,CIE-10 OPS,1
V79.9,Ocupante [cualquiera] de autobús lesionado en accidente,V,CIE-10 OPS,1
V80.0,Jinete u ocupante de vehículo de tracción animal lesionado,V,CIE-10 OPS,1
V80.1,Jinete u ocupante de vehículo de tracción animal lesionado,V,CIE-10 OPS,1
V80.2,Jinete u ocupante de vehículo de tracción animal lesionado,V,CIE-10 OPS,1
V80.3,Jinete u ocupante de vehículo de tracción animal lesionado,V,CIE-10 OPS,1
V80.4,Jinete u ocupante de vehículo de tracción animal lesionado,V,CIE-10 OPS,1
V80.5,Jinete u ocupante de vehículo de tracción animal lesionado,V,CIE-10 OPS,1
V80.6,Jinete u ocupante de vehículo de tracción animal lesionado,V,CIE-10 OPS,1
V80.7,Jinete u ocupante de vehículo de tracción animal lesionado,V,CIE-10 OPS,1
V80.8,Jinete u ocupante de vehículo de tracción animal lesionado,V,CIE-10 OPS,1
V80.9,Jinete u ocupante de vehículo de tracción animal lesionado,V,CIE-10 OPS,1
V81.0,Ocupante de tren o vehículo de rieles lesionado por,V,CIE-10 OPS,1
V81.1,Ocupante de tren o vehículo de rieles lesionado por,V,CIE-10 OPS,1
V81.2,Ocupante de tren o vehículo de rieles lesionado por,V,CIE-10 OPS,1
V81.3,Ocupante de tren o vehículo de rieles lesionado por,V,CIE-10 OPS,1
V81.4,Persona lesionada al subir o bajar del tren o vehículo de,V,CIE-10 OPS,1
V81.5,Ocupante de tren o vehículo de rieles lesionado por caída,V,CIE-10 OPS,1
V81.6,Ocupante de tren o vehículo de rieles lesionado por caída,V,CIE-10 OPS,1
V81.7,Ocupante de tren o vehículo de rieles lesionado en,V,CIE-10 OPS,1
V81.8,Ocupante de tren o vehículo de rieles lesionado en otros,V,CIE-10 OPS,1
V81.9,Ocupante de tren o vehículo de rieles lesionado en,V,CIE-10 OPS,1
V82.0,Ocupante de tranvía lesionado por colisión con vehículo de,V,CIE-10 OPS,1
V82.1,Ocupante de tranvía lesionado por colisión con vehículo de,V,CIE-10 OPS,1
V82.2,"Ocupante de tranvía lesionado por colisión con, o golpeado",V,CIE-10 OPS,1
V82.3,Ocupante de tranvía lesionado por colisión con otros,V,CIE-10 OPS,1
V82.4,Persona lesionada al subir o bajar del tranvía,V,CIE-10 OPS,1
V82.5,Ocupante de tranvía lesionado por caída dentro del tranvía,V,CIE-10 OPS,1
V82.6,Ocupante de tranvía lesionado por caída desde el tranvía,V,CIE-10 OPS,1
V82.7,"Ocupante de tranvía lesionado por descarrilamiento, sin",V,CIE-10 OPS,1
V82.8,Ocupante de tranvía lesionado en otros accidentes de,V,CIE-10 OPS,1
V82.9,Ocupante de tranvía lesionado en accidente de tránsito no,V,CIE-10 OPS,1
V83.0,Conductor de vehículo industrial especial lesionado en,V,CIE-10 OPS,1
V83.1,Pasajero de vehículo industrial especial lesionado en,V,CIE-10 OPS,1
V83.2,Persona que viaja fuera de vehículo industrial especial,V,CIE-10 OPS,1
V83.3,Ocupante no especificado de vehículo industrial especial,V,CIE-10 OPS,1
V83.4,Persona lesionada al subir o bajar del vehículo industrial,V,CIE-10 OPS,1
V83.5,Conductor de vehículo industrial especial lesionado en,V,CIE-10 OPS,1
V83.6,Pasajero de vehículo industrial especial lesionado en,V,CIE-10 OPS,1
V83.7,Persona que viaja fuera del vehículo industrial especial,V,CIE-10 OPS,1
V83.9,Ocupante no especificado del vehículo industrial especial,V,CIE-10 OPS,1
V84.0,Conductor de vehículo agrícola especial lesionado en,V,CIE-10 OPS,1
V84.1,Pasajero de vehículo agrícola especial lesionado en,V,CIE-10 OPS,1
V84.2,Persona que viaja fuera del vehículo agrícola especial,V,CIE-10 OPS,1
V84.3,Ocupante no especificado de vehículo agrícola especial,V,CIE-10 OPS,1
V84.4,Persona lesionada al subir o bajar del vehículo agrícola,V,CIE-10 OPS,1
V84.5,Conductor de vehículo agrícola especial lesionado en,V,CIE-10 OPS,1
V84.6,Pasajero de vehículo agrícola especial lesionado en,V,CIE-10 OPS,1
V84.7,Persona que viaja fuera del vehículo agrícola especial,V,CIE-10 OPS,1
V84.9,Ocupante no especificado de vehículo agrícola especial,V,CIE-10 OPS,1
V85.0,Conductor de vehículo especial para construcción,V,CIE-10 OPS,1
V85.1,Pasajero de vehículo especial para construcción lesionado,V,CIE-10 OPS,1
V85.2,Persona que viaja fuera del vehículo especial para,V,CIE-10 OPS,1
V85.3,Ocupante no especificado de vehículo especial para,V,CIE-10 OPS,1
V85.4,Persona lesionada al subir o bajar del vehículo especial,V,CIE-10 OPS,1
V85.5,Conductor de vehículo especial para construcción,V,CIE-10 OPS,1
V85.6,Pasajero de vehículo especial para construcción lesionado,V,CIE-10 OPS,1
V85.7,Persona que viaja fuera del vehículo especial para,V,CIE-10 OPS,1
V85.9,Ocupante no especificado de vehículo especial para,V,CIE-10 OPS,1
V86.0,Conductor de vehículo para todo terreno o de otro vehículo,V,CIE-10 OPS,1
V86.1,Pasajero de vehículo para todo terreno o de otro vehículo,V,CIE-10 OPS,1
V86.2,Persona que viaja fuera del vehículo para todo terreno o de,V,CIE-10 OPS,1
V86.3,Ocupante no especificado de vehículo para todo terreno o,V,CIE-10 OPS,1
V86.4,Persona lesionada al subir o bajar de vehículo para todo,V,CIE-10 OPS,1
V86.5,Conductor de vehículo para todo terreno o de otro vehículo,V,CIE-10 OPS,1
V86.6,Pasajero de vehículo para todo terreno o de otro vehículo,V,CIE-10 OPS,1
V86.7,Persona que viaja fuera de vehículo para todo terreno o de,V,CIE-10 OPS,1
V86.9,Ocupante no especificado de vehículo para todo terreno o,V,CIE-10 OPS,1
V87.0,Persona lesionada por colisión entre automóvil y vehículo,V,CIE-10 OPS,1
V87.1,Persona lesionada por colisión entre otros vehículos de,V,CIE-10 OPS,1
V87.2,Persona lesionada por colisión entre automóvil y,V,CIE-10 OPS,1
V87.3,Persona lesionada por colisión entre automóvil y autobús,V,CIE-10 OPS,1
V87.4,Persona lesionada por colisión entre automóvil y vehículo,V,CIE-10 OPS,1
V87.5,Persona lesionada por colisión entre vehículo de transporte,V,CIE-10 OPS,1
V87.6,Persona lesionada por colisión entre tren o vehículo de,V,CIE-10 OPS,1
V87.7,Persona lesionada por colisión entre otros vehículos de,V,CIE-10 OPS,1
V87.8,Persona lesionada en otros accidentes especificados de,V,CIE-10 OPS,1
V87.9,Persona lesionada en otros accidentes especificados de,V,CIE-10 OPS,1
V88.0,Persona lesionada por colisión entre automóvil y vehículo,V,CIE-10 OPS,1
V88.1,Persona lesionada por colisión entre otros vehículos de,V,CIE-10 OPS,1
V88.2,Persona lesionada por colisión entre automóvil y,V,CIE-10 OPS,1
V88.3,"Persona lesionada por colisión entre automóvil y autobús,",V,CIE-10 OPS,1
V88.4,Persona lesionada por colisión entre automóvil y vehículo,V,CIE-10 OPS,1
V88.5,Persona lesionada por colisión entre vehículo de transporte,V,CIE-10 OPS,1
V88.6,Persona lesionada por colisión entre tren o vehículo de,V,CIE-10 OPS,1
V88.7,Persona lesionada por colisión entre otros vehículos de,V,CIE-10 OPS,1
V88.8,Persona lesionada en otros accidentes especificados de,V,CIE-10 OPS,1
V88.9,Persona lesionada en otros accidentes especificados de,V,CIE-10 OPS,1
V89.0,"Persona lesionada en accidente no de tránsito, de vehículo",V,CIE-10 OPS,1
V89.1,"Persona lesionada en accidente no de tránsito, de vehículo",V,CIE-10 OPS,1
V89.2,"Persona lesionada en accidente de tránsito, de vehículo de",V,CIE-10 OPS,1
V89.3,"Persona lesionada en accidente de tránsito, de vehículo sin",V,CIE-10 OPS,1
V89.9,Persona lesionada en accidente de vehículo no,V,CIE-10 OPS,1
V95.0,Accidente de helicóptero con ocupante lesionado,V,CIE-10 OPS,1
V95.1,"Accidente de planeador ultra liviano, micro liviano o",V,CIE-10 OPS,1
V95.2,"Accidente de otros vehículos aéreos de alas fijas, privados,",V,CIE-10 OPS,1
V95.3,"Accidente de vehículo aéreo de alas fijas, comercial, con",V,CIE-10 OPS,1
V95.4,"Accidente de nave espacial, con ocupante lesionado",V,CIE-10 OPS,1
V95.8,"Accidente de otras aeronaves, con ocupante lesionado",V,CIE-10 OPS,1
V95.9,"Accidente de aeronave no especificada, con ocupante",V,CIE-10 OPS,1
V96.0,"Accidente de globo aerostático, con ocupante lesionado",V,CIE-10 OPS,1
V96.1,"Accidente de ala delta, con ocupante lesionado",V,CIE-10 OPS,1
V96.2,"Accidente de planeador (sin motor), con ocupante lesionado",V,CIE-10 OPS,1
V96.8,"Accidente de otras aeronaves sin motor, con ocupante",V,CIE-10 OPS,1
V96.9,"Accidente de aeronave sin motor no especificada, con",V,CIE-10 OPS,1
V97.0,Ocupante de aeronave lesionado en otros accidentes,V,CIE-10 OPS,1
V97.1,Persona lesionada al subir o bajar de una aeronave,V,CIE-10 OPS,1
V97.2,Paracaidista lesionado en accidente de transporte aéreo,V,CIE-10 OPS,1
V97.3,Persona en tierra lesionada por accidente de transporte,V,CIE-10 OPS,1
V97.8,"Otros accidentes de transporte aéreo, no clasificados en",V,CIE-10 OPS,1
X59.0,Exposición a factores no especificados que causan fractura,X,CIE-10 OPS,1
X59.9,Exposición a factores no especificados que causan otras,X,CIE-10 OPS,1
Y06.0,Por esposo o pareja,Y,CIE-10 OPS,1
Y06.1,Por padre o madre,Y,CIE-10 OPS,1
Y06.2,Por conocido o amigo,Y,CIE-10 OPS,1
Y06.8,Por otra persona especificada,Y,CIE-10 OPS,1
Y06.9,Por persona no especificada,Y,CIE-10 OPS,1
Y07.0,Por esposo o pareja,Y,CIE-10 OPS,1
Y07.1,Por padre o madre,Y,CIE-10 OPS,1
Y07.2,Por conocido o amigo,Y,CIE-10 OPS,1
Y07.3,Por autoridades oficiales,Y,CIE-10 OPS,1
Y07.8,Por otra persona especificada,Y,CIE-10 OPS,1
Y07.9,Por persona no especificada,Y,CIE-10 OPS,1
Y35.0,Intervención legal con disparo de arma de fuego,Y,CIE-10 OPS,1
Y35.1,Intervención legal con explosivos,Y,CIE-10 OPS,1
Y35.2,Intervención legal con gas,Y,CIE-10 OPS,1
Y35.3,Intervención legal con objetos romos o sin filo,Y,CIE-10 OPS,1
Y35.4,Intervención legal con objetos cortantes,Y,CIE-10 OPS,1
Y35.5,Ejecución legal,Y,CIE-10 OPS,1
Y35.6,Intervención legal con otros medios especificados,Y,CIE-10 OPS,1
Y35.7,"Intervención legal, medios no especificados",Y,CIE-10 OPS,1
Y36.0,Operaciones de guerra con explosión de armamento naval,Y,CIE-10 OPS,1
Y36.1,Operaciones de guerra con destrucción de aeronave,Y,CIE-10 OPS,1
Y36.2,Operaciones de guerra con otras explosiones y esquirlas,Y,CIE-10 OPS,1
Y36.3,Operaciones de guerra con fuego y sustancias incendiarias,Y,CIE-10 OPS,1
Y36.4,Operaciones de guerra con disparo de arma de fuego y,Y,CIE-10 OPS,1
Y36.5,Operaciones de guerra con armas nucleares,Y,CIE-10 OPS,1
Y36.6,Operaciones de guerra con armas biológicas,Y,CIE-10 OPS,1
Y36.7,Operaciones de guerra con armas químicas y otras formas,Y,CIE-10 OPS,1
Y36.8,Operaciones de guerra que ocurren después del cese de,Y,CIE-10 OPS,1
Y36.9,Operación de guerra no especificada,Y,CIE-10 OPS,1
Y40.0,Efectos adversos de penicilinas,Y,CIE-10 OPS,1
Y40.1,Efectos adversos de cefalosporinas y otros antibióticos,Y,CIE-10 OPS,1
Y40.2,Efectos adversos del grupo de cloramfenicol,Y,CIE-10 OPS,1
Y40.3,Efectos adversos de los macrólidos,Y,CIE-10 OPS,1
Y40.4,Efectos adversos de tetraciclinas,Y,CIE-10 OPS,1
Y40.5,Efectos adversos de aminoglucósidos,Y,CIE-10 OPS,1
Y40.6,Efectos adversos de rifamicinas,Y,CIE-10 OPS,1
Y40.7,Efectos adversos de antibióticos antimicóticos usados,Y,CIE-10 OPS,1
Y40.8,Efectos adversos de otros antibióticos sistémicos,Y,CIE-10 OPS,1
Y40.9,Efectos adversos de antibiótico sistémico no especificado,Y,CIE-10 OPS,1
Y41.0,Efectos adversos de sulfonamidas,Y,CIE-10 OPS,1
Y41.1,Efectos adversos de drogas antimicobacterianas,Y,CIE-10 OPS,1
Y41.2,Efectos adversos de drogas antipalúdicas y agentes que,Y,CIE-10 OPS,1
Y41.3,Efectos adversos de otras drogas antiprotozoarias,Y,CIE-10 OPS,1
Y41.4,Efectos adversos de antihelmínticos,Y,CIE-10 OPS,1
Y41.5,Efectos adversos de drogas antivirales,Y,CIE-10 OPS,1
Y41.8,Efectos adversos de otros antiinfecciosos y,Y,CIE-10 OPS,1
Y41.9,Efectos adversos de antiinfecciosos y antiparasitarios,Y,CIE-10 OPS,1
Y42.0,Efectos adversos de glucocorticoides y análogos sintéticos,Y,CIE-10 OPS,1
Y42.1,Efectos adversos de hormonas tiroideas y sustitutos,Y,CIE-10 OPS,1
Y42.2,Efectos adversos de drogas antitiroideas,Y,CIE-10 OPS,1
Y42.3,Efectos adversos de drogas hipoglucemiantes orales e,Y,CIE-10 OPS,1
Y42.4,Efectos adversos de anticonceptivos orales,Y,CIE-10 OPS,1
Y42.5,Efectos adversos de otros estrógenos y progestágenos,Y,CIE-10 OPS,1
Y42.6,"Efectos adversos de antigonadotropinas, antiestrógenos y",Y,CIE-10 OPS,1
Y42.7,Efectos adversos de andrógenos y congéneres anabólicos,Y,CIE-10 OPS,1
Y42.8,Efectos adversos de otras hormonas y sus sustitutos,Y,CIE-10 OPS,1
Y42.9,"Efectos adversos de otras hormonas antagonistas, y las no",Y,CIE-10 OPS,1
Y43.0,Efectos adversos de antialérgicos y antieméticos,Y,CIE-10 OPS,1
Y43.1,Efectos adversos de antimetabolitos antineoplásicos,Y,CIE-10 OPS,1
Y43.2,Efectos adversos de productos naturales antineoplásicos,Y,CIE-10 OPS,1
Y43.3,Efectos adversos de otras drogas antineoplásicas,Y,CIE-10 OPS,1
Y43.4,Efectos adversos de agentes inmunosupresores,Y,CIE-10 OPS,1
Y43.5,Efectos adversos de agentes acidificantes y alcalinizantes,Y,CIE-10 OPS,1
Y43.6,Efectos adversos de enzimas no clasificadas en otra parte,Y,CIE-10 OPS,1
Y43.8,Efectos adversos de otros agentes sistémicos primarios no,Y,CIE-10 OPS,1
Y43.9,Efectos adversos de agente sistémico primario no,Y,CIE-10 OPS,1
Y44.0,Efectos adversos de preparaciones con hierro y otros,Y,CIE-10 OPS,1
Y44.1,"Efectos adversos de vitamina B , ácido fólico y otros",Y,CIE-10 OPS,1
Y44.2,Efectos adversos de anticoagulantes,Y,CIE-10 OPS,1
Y44.3,"Efectos adversos de antagonistas de anticoagulantes,",Y,CIE-10 OPS,1
Y44.4,Efectos adversos de drogas antitrombóticas [inhibidoras,Y,CIE-10 OPS,1
Y44.5,Efectos adversos de drogas trombolíticas,Y,CIE-10 OPS,1
Y44.6,Efectos adversos de sangre natural y productos,Y,CIE-10 OPS,1
Y44.7,Efectos adversos de los sustitutos del plasma,Y,CIE-10 OPS,1
Y44.9,Efectos adversos de otros agentes que afectan los,Y,CIE-10 OPS,1
Y45.0,Efectos adversos de opiáceos y analgésicos relacionados,Y,CIE-10 OPS,1
Y45.1,Efectos adversos de salicilatos,Y,CIE-10 OPS,1
Y45.2,Efectos adversos de derivados del ácido propiónico,Y,CIE-10 OPS,1
Y45.3,Efectos adversos de otras drogas antiinflamatorias no,Y,CIE-10 OPS,1
Y45.4,Efectos adversos de los antirreumáticos,Y,CIE-10 OPS,1
Y45.5,Efectos adversos de los derivados del 4–aminofenol,Y,CIE-10 OPS,1
Y45.8,Efectos adversos de otros analgésicos y antipiréticos,Y,CIE-10 OPS,1
Y45.9,"Efectos adversos de drogas analgésicas, antipiréticas y",Y,CIE-10 OPS,1
Y46.0,Efectos adversos de succinamidas,Y,CIE-10 OPS,1
Y46.1,Efectos adversos de oxazolidinadionas,Y,CIE-10 OPS,1
Y46.2,Efectos adversos de derivados de la hidantoína,Y,CIE-10 OPS,1
Y46.3,Efectos adversos de desoxibarbitúricos,Y,CIE-10 OPS,1
Y46.4,Efectos adversos de iminoestilbenos,Y,CIE-10 OPS,1
Y46.5,Efectos adversos del ácido valproico,Y,CIE-10 OPS,1
Y46.6,"Efectos adversos de otros antiepilépticos, y los no",Y,CIE-10 OPS,1
Y46.7,Efectos adversos de drogas antiparkinsonianas,Y,CIE-10 OPS,1
Y46.8,Efectos adversos de drogas antiespásticas,Y,CIE-10 OPS,1
Y47.0,"Efectos adversos de barbitúricos, no clasificados en otra",Y,CIE-10 OPS,1
Y47.1,Efectos adversos de benzodiazepinas,Y,CIE-10 OPS,1
Y47.2,Efectos adversos de derivados clorales,Y,CIE-10 OPS,1
Y47.3,Efectos adversos de paraldehído,Y,CIE-10 OPS,1
Y47.4,Efectos adversos de compuestos del bromo,Y,CIE-10 OPS,1
Y47.5,"Efectos adversos de mezclas sedantes e hipnóticas, no",Y,CIE-10 OPS,1
Y47.8,"Efectos adversos de otras drogas sedantes, hipnóticas y",Y,CIE-10 OPS,1
Y47.9,"Efectos adversos de drogas sedantes, hipnóticas y",Y,CIE-10 OPS,1
Y48.0,Efectos adversos de gases anestésicos por inhalación,Y,CIE-10 OPS,1
Y48.1,Efectos adversos de gases anestésicos parenterales,Y,CIE-10 OPS,1
Y48.2,"Efectos adversos de otros gases anestésicos generales, y",Y,CIE-10 OPS,1
Y48.3,Efectos adversos de gases anestésicos locales,Y,CIE-10 OPS,1
Y48.4,Efectos adversos de anestésicos no especificados,Y,CIE-10 OPS,1
Y48.5,Efectos adversos de gases terapéuticos,Y,CIE-10 OPS,1
Y49.0,Efectos adversos de antidepresivos tricíclicos y,Y,CIE-10 OPS,1
Y49.1,Efectos adversos de antidepresivos inhibidores de la,Y,CIE-10 OPS,1
Y49.2,"Efectos adversos de otros antidepresivos, y los no",Y,CIE-10 OPS,1
Y49.3,Efectos adversos de antipsicóticos y neurolépticos,Y,CIE-10 OPS,1
Y49.4,Efectos adversos de neurolépticos de la butirofenona y,Y,CIE-10 OPS,1
Y49.5,Efectos adversos de otros antipsicóticos y neurolépticos,Y,CIE-10 OPS,1
Y49.6,Efectos adversos de psicodislépticos [alucinógenos],Y,CIE-10 OPS,1
Y49.7,Efectos adversos de psicoestimulantes con abuso,Y,CIE-10 OPS,1
Y49.8,"Efectos adversos de otras drogas psicotrópicas, no",Y,CIE-10 OPS,1
Y49.9,Efectos adversos de drogas psicotrópicas no especificadas,Y,CIE-10 OPS,1
Y50.0,Efectos adversos de analépticos,Y,CIE-10 OPS,1
Y50.1,Efectos adversos de antagonistas de opiáceos,Y,CIE-10 OPS,1
Y50.2,"Efectos adversos de metilxantinas, no clasificadas en otra",Y,CIE-10 OPS,1
Y50.8,Efectos adversos de otros estimulantes del sistema,Y,CIE-10 OPS,1
Y50.9,Efectos adversos de estimulante no especificado del,Y,CIE-10 OPS,1
Y51.0,Efectos adversos de agentes anticolinesterasa,Y,CIE-10 OPS,1
Y51.1,Efectos adversos de otros parasimpaticomiméticos,Y,CIE-10 OPS,1
Y51.2,"Efectos adversos de drogas bloqueadoras ganglionares, no",Y,CIE-10 OPS,1
Y51.3,Efectos adversos de otros parasimpaticolíticos,Y,CIE-10 OPS,1
Y51.4,Efectos adversos de agonistas [estimulantes],Y,CIE-10 OPS,1
Y51.5,Efectos adversos de agonistas [estimulantes],Y,CIE-10 OPS,1
Y51.6,Efectos adversos de antagonistas [bloqueadores],Y,CIE-10 OPS,1
Y51.7,Efectos adversos de antagonistas [bloqueadores],Y,CIE-10 OPS,1
Y51.8,Efectos adversos de agentes bloqueadores,Y,CIE-10 OPS,1
Y51.9,Efectos adversos de otras drogas que afectan,Y,CIE-10 OPS,1
Y52.0,Efectos adversos de glucósidos cardiotónicos y drogas de,Y,CIE-10 OPS,1
Y52.1,Efectos adversos de bloqueadores del canal del calcio,Y,CIE-10 OPS,1
Y52.2,"Efectos adversos de otras drogas antiarrítmicas, no",Y,CIE-10 OPS,1
Y52.3,"Efectos adversos de vasodilatadores coronarios, no",Y,CIE-10 OPS,1
Y52.4,Efectos adversos de inhibidores de la enzima convertidora,Y,CIE-10 OPS,1
Y52.5,"Efectos adversos de otras drogas antihipertensivas, no",Y,CIE-10 OPS,1
Y52.6,Efectos adversos de drogas antihiperlipidémicas y,Y,CIE-10 OPS,1
Y52.7,Efectos adversos de vasodilatadores periféricos,Y,CIE-10 OPS,1
Y52.8,"Efectos adversos de drogas antivaricosas, inclusive",Y,CIE-10 OPS,1
Y52.9,Efectos adversos de otros agentes que afectan,Y,CIE-10 OPS,1
Y53.0,Efectos adversos de bloqueadores de los receptores H de,Y,CIE-10 OPS,1
Y53.1,Efectos adversos de otras drogas antiácidas e inhibidoras,Y,CIE-10 OPS,1
Y53.2,Efectos adversos de laxantes estimulantes,Y,CIE-10 OPS,1
Y53.3,Efectos adversos de laxantes salinos y osmóticos,Y,CIE-10 OPS,1
Y53.4,Efectos adversos de otros laxantes,Y,CIE-10 OPS,1
Y53.5,Efectos adversos de digestivos,Y,CIE-10 OPS,1
Y53.6,Efectos adversos de drogas antidiarreicas,Y,CIE-10 OPS,1
Y53.7,Efectos adversos de eméticos,Y,CIE-10 OPS,1
Y53.8,Efectos adversos de otros agentes que afectan,Y,CIE-10 OPS,1
Y53.9,Efectos adversos de agentes que afectan el sistema,Y,CIE-10 OPS,1
Y54.0,Efectos adversos de mineralocorticoides,Y,CIE-10 OPS,1
Y54.1,Efectos adversos de los bloqueadores de,Y,CIE-10 OPS,1
Y54.2,Efectos adversos de los inhibidores de la anhidrasa,Y,CIE-10 OPS,1
Y54.3,Efectos adversos de los derivados de la benzotiadiazina,Y,CIE-10 OPS,1
Y54.4,Efectos adversos de diuréticos de asa [“high-ceiling”],Y,CIE-10 OPS,1
Y54.5,Efectos adversos de otros diuréticos,Y,CIE-10 OPS,1
Y54.6,"Efectos adversos de agentes electrolíticos, calóricos y del",Y,CIE-10 OPS,1
Y54.7,Efectos adversos de agentes que afectan la calcificación,Y,CIE-10 OPS,1
Y54.8,Efectos adversos de agentes que afectan el metabolismo,Y,CIE-10 OPS,1
Y54.9,"Efectos adversos de sales minerales, no clasificadas en",Y,CIE-10 OPS,1
Y55.0,Efectos adversos de drogas oxitócicas,Y,CIE-10 OPS,1
Y55.1,Efectos adversos de relajantes de los músculos estriados,Y,CIE-10 OPS,1
Y55.2,Efectos adversos de otros agentes que actúan,Y,CIE-10 OPS,1
Y55.3,Efectos adversos de antitusígenos,Y,CIE-10 OPS,1
Y55.4,Efectos adversos de expectorantes,Y,CIE-10 OPS,1
Y55.5,Efectos adversos de drogas contra el resfriado común,Y,CIE-10 OPS,1
Y55.6,"Efectos adversos de antiasmáticos, no clasificados en otra",Y,CIE-10 OPS,1
Y55.7,Efectos adversos de otros agentes que actúan,Y,CIE-10 OPS,1
Y56.0,"Efectos adversos de drogas antimicóticas, antiinfecciosas",Y,CIE-10 OPS,1
Y56.1,Efectos adversos de antipruriginosos,Y,CIE-10 OPS,1
Y56.2,Efectos adversos de astringentes y detergentes locales,Y,CIE-10 OPS,1
Y56.3,"Efectos adversos de emolientes, demulcentes y protectores",Y,CIE-10 OPS,1
Y56.4,"Efectos adversos de drogas y preparados queratolíticos,",Y,CIE-10 OPS,1
Y56.5,Efectos adversos de drogas y preparados oftalmológicos,Y,CIE-10 OPS,1
Y56.6,Efectos adversos de drogas y preparados,Y,CIE-10 OPS,1
Y56.7,"Efectos adversos de drogas dentales, de aplicación tópica",Y,CIE-10 OPS,1
Y56.8,Efectos adversos de otros agentes tópicos,Y,CIE-10 OPS,1
Y56.9,Efectos adversos de otros agentes tópicos no,Y,CIE-10 OPS,1
Y57.0,Efectos adversos de depresores del apetito [anoréxicos],Y,CIE-10 OPS,1
Y57.1,Efectos adversos de drogas lipotrópicas,Y,CIE-10 OPS,1
Y57.2,"Efectos adversos de antídotos y agentes quelantes, no",Y,CIE-10 OPS,1
Y57.3,Efectos adversos de disuasivos del alcohol,Y,CIE-10 OPS,1
Y57.4,Efectos adversos de excipientes farmacéuticos,Y,CIE-10 OPS,1
Y57.5,Efectos adversos de medios de contraste para rayos X,Y,CIE-10 OPS,1
Y57.6,Efectos adversos de otros agentes diagnósticos,Y,CIE-10 OPS,1
Y57.7,"Efectos adversos de vitaminas, no clasificadas en otra",Y,CIE-10 OPS,1
Y57.8,Efectos adversos de otras drogas y medicamentos,Y,CIE-10 OPS,1
Y57.9,Efectos adversos de drogas o medicamentos no,Y,CIE-10 OPS,1
Y58.0,Efectos adversos de la vacuna BCG,Y,CIE-10 OPS,1
Y58.1,Efectos adversos de la vacuna tifoidea y paratifoidea,Y,CIE-10 OPS,1
Y58.2,Efectos adversos de la vacuna contra el cólera,Y,CIE-10 OPS,1
Y58.3,Efectos adversos de la vacuna contra la peste,Y,CIE-10 OPS,1
Y58.4,Efectos adversos de la vacuna contra el tétanos,Y,CIE-10 OPS,1
Y58.5,Efectos adversos de la vacuna contra la difteria,Y,CIE-10 OPS,1
Y58.6,"Efectos adversos de la vacuna contra la tos ferina,",Y,CIE-10 OPS,1
Y58.8,"Efectos adversos de vacunas bacterianas mixtas, excepto",Y,CIE-10 OPS,1
Y58.9,"Efectos adversos de otras vacunas bacterianas, y las no",Y,CIE-10 OPS,1
Y59.0,Efectos adversos de vacunas virales,Y,CIE-10 OPS,1
Y59.1,Efectos adversos de vacunas contra rickettsias,Y,CIE-10 OPS,1
Y59.2,Efectos adversos de vacunas antiprotozoarias,Y,CIE-10 OPS,1
Y59.3,Efectos adversos de la inmunoglobulina,Y,CIE-10 OPS,1
Y59.8,Efectos adversos de otras vacunas y sustancias biológicas,Y,CIE-10 OPS,1
Y59.9,Efectos adversos de vacunas o sustancias biológicas no,Y,CIE-10 OPS,1
Y60.0,Incidente durante operación quirúrgica,Y,CIE-10 OPS,1
Y60.1,Incidente durante infusión o transfusión,Y,CIE-10 OPS,1
Y60.2,Incidente durante diálisis renal u otra perfusión,Y,CIE-10 OPS,1
Y60.3,Incidente durante inyección o inmunización,Y,CIE-10 OPS,1
Y60.4,Incidente durante examen endoscópico,Y,CIE-10 OPS,1
Y60.5,Incidente durante cateterización cardíaca,Y,CIE-10 OPS,1
Y60.6,"Incidente durante aspiración, punción y otra cateterización",Y,CIE-10 OPS,1
Y60.7,Incidente durante administración de enema,Y,CIE-10 OPS,1
Y60.8,Incidente durante otras atenciones médicas y quirúrgicas,Y,CIE-10 OPS,1
Y60.9,Incidente durante atención médica y quirúrgica no,Y,CIE-10 OPS,1
Y61.0,Objeto extraño dejado accidentalmente en el cuerpo,Y,CIE-10 OPS,1
Y61.1,Objeto extraño dejado accidentalmente en el cuerpo,Y,CIE-10 OPS,1
Y61.2,Objeto extraño dejado accidentalmente en el cuerpo,Y,CIE-10 OPS,1
Y61.3,Objeto extraño dejado accidentalmente en el cuerpo,Y,CIE-10 OPS,1
Y61.4,Objeto extraño dejado accidentalmente en el cuerpo,Y,CIE-10 OPS,1
Y61.5,Objeto extraño dejado accidentalmente en el cuerpo,Y,CIE-10 OPS,1
Y61.6,Objeto extraño dejado accidentalmente en el cuerpo,Y,CIE-10 OPS,1
Y61.7,Objeto extraño dejado accidentalmente en el cuerpo,Y,CIE-10 OPS,1
Y61.8,Objeto extraño dejado accidentalmente en el cuerpo,Y,CIE-10 OPS,1
Y61.9,Objeto extraño dejado accidentalmente en el cuerpo,Y,CIE-10 OPS,1
Y62.0,Fallas en la esterilización durante operación quirúrgica,Y,CIE-10 OPS,1
Y62.1,Fallas en la esterilización durante infusión o transfusión,Y,CIE-10 OPS,1
Y62.2,Fallas en la esterilización durante diálisis renal u otra,Y,CIE-10 OPS,1
Y62.3,Fallas en la esterilización durante inyección o inmunización,Y,CIE-10 OPS,1
Y62.4,Fallas en la esterilización durante examen endoscópico,Y,CIE-10 OPS,1
Y62.5,Fallas en la esterilización durante cateterización cardíaca,Y,CIE-10 OPS,1
Y62.6,"Fallas en la esterilización durante aspiración, punción y",Y,CIE-10 OPS,1
Y62.8,Fallas en la esterilización durante otras atenciones médicas,Y,CIE-10 OPS,1
Y62.9,Fallas en la esterilización durante atención médica y,Y,CIE-10 OPS,1
Y63.0,Excesiva cantidad de sangre u otro líquido administrado,Y,CIE-10 OPS,1
Y63.1,Dilución incorrecta de líquido durante una infusión,Y,CIE-10 OPS,1
Y63.2,Sobredosis de radiación administrada durante terapia,Y,CIE-10 OPS,1
Y63.3,Exposición inadvertida del paciente a radiación durante la,Y,CIE-10 OPS,1
Y63.4,Falla en la dosificación en electrochoque o en choque,Y,CIE-10 OPS,1
Y63.5,"Falla en el control de la temperatura, en taponamientos y",Y,CIE-10 OPS,1
Y63.6,"No administración de drogas, medicamentos o sustancias",Y,CIE-10 OPS,1
Y63.8,Falla en la dosificación durante otras atenciones médicas y,Y,CIE-10 OPS,1
Y63.9,Falla en la dosificación durante atención médica y,Y,CIE-10 OPS,1
Y64.0,Medicamento o sustancia biológica contaminado en,Y,CIE-10 OPS,1
Y64.1,"Medicamento o sustancia biológica contaminado, inyectado",Y,CIE-10 OPS,1
Y64.8,"Medicamento o sustancia biológica contaminado,",Y,CIE-10 OPS,1
Y64.9,"Medicamento o sustancia biológica contaminado,",Y,CIE-10 OPS,1
Y65.0,Sangre incompatible usada en transfusión,Y,CIE-10 OPS,1
Y65.1,Líquido erróneo usado en infusión,Y,CIE-10 OPS,1
Y65.2,Falla en la sutura o ligadura durante operación quirúrgica,Y,CIE-10 OPS,1
Y65.3,Tubo endotraqueal colocado erróneamente durante,Y,CIE-10 OPS,1
Y65.4,Falla en la introducción o remoción de otro tubo o,Y,CIE-10 OPS,1
Y65.5,Realización de una operación inadecuada,Y,CIE-10 OPS,1
Y65.8,Otros incidentes especificados durante la atención médica,Y,CIE-10 OPS,1
Y83.0,Operación quirúrgica con trasplante de un órgano,Y,CIE-10 OPS,1
Y83.1,Operación quirúrgica con implante de un dispositivo,Y,CIE-10 OPS,1
Y83.2,"Operación quirúrgica con anastomosis, derivación o injerto",Y,CIE-10 OPS,1
Y83.3,Operación quirúrgica con formación de estoma externo,Y,CIE-10 OPS,1
Y83.4,Otra cirugía reconstructiva,Y,CIE-10 OPS,1
Y83.5,Amputación de miembro(s),Y,CIE-10 OPS,1
Y83.6,Remoción de otro órgano (parcial) (total),Y,CIE-10 OPS,1
Y83.8,Otros procedimientos quirúrgicos,Y,CIE-10 OPS,1
Y83.9,Procedimiento quirúrgico no especificado,Y,CIE-10 OPS,1
Y84.0,Cateterización cardíaca,Y,CIE-10 OPS,1
Y84.1,Diálisis renal,Y,CIE-10 OPS,1
Y84.2,Procedimiento radiológico y radioterapia,Y,CIE-10 OPS,1
Y84.3,Terapia por choque,Y,CIE-10 OPS,1
Y84.4,Aspiración de líquidos,Y,CIE-10 OPS,1
Y84.5,Inserción de sonda gástrica o duodenal,Y,CIE-10 OPS,1
Y84.6,Cateterización urinaria,Y,CIE-10 OPS,1
Y84.7,Muestra de sangre,Y,CIE-10 OPS,1
Y84.8,Otros procedimientos médicos,Y,CIE-10 OPS,1
Y84.9,Procedimiento médico no especificado,Y,CIE-10 OPS,1
Y85.0,Secuelas de accidente de vehículo de motor,Y,CIE-10 OPS,1
Y85.9,"Secuelas de otros accidentes de transporte, y los no",Y,CIE-10 OPS,1
Y87.0,Secuelas de lesiones autoinfligidas,Y,CIE-10 OPS,1
Y87.1,Secuelas de agresiones,Y,CIE-10 OPS,1
Y87.2,Secuelas de eventos de intención no determinada,Y,CIE-10 OPS,1
Y88.0,"Secuelas de efectos adversos causados por drogas,",Y,CIE-10 OPS,1
Y88.1,Secuelas de incidentes ocurridos al paciente durante,Y,CIE-10 OPS,1
Y88.2,Secuelas de incidentes adversos asociados con,Y,CIE-10 OPS,1
Y88.3,Secuelas de procedimientos médicos y quirúrgicos como la,Y,CIE-10 OPS,1
Y89.0,Secuelas de intervención legal,Y,CIE-10 OPS,1
Y89.1,Secuelas de operaciones de guerra,Y,CIE-10 OPS,1
Y89.9,Secuelas de causa externa no especificada,Y,CIE-10 OPS,1
Y90.0,Nivel de alcohol en la sangre menor de 20 mg/100 ml,Y,CIE-10 OPS,1
Y90.1,Nivel de alcohol en la sangre de 20 a 39 mg/100 ml,Y,CIE-10 OPS,1
Y90.2,Nivel de alcohol en la sangre de 40 a 59 mg/100 ml,Y,CIE-10 OPS,1
Y90.3,Nivel de alcohol en la sangre de 60 a 79 mg/100 ml,Y,CIE-10 OPS,1
Y90.4,Nivel de alcohol en la sangre de 80 a 99 mg/100 ml,Y,CIE-10 OPS,1
Y90.5,Nivel de alcohol en la sangre de 100 a 119 mg/100 ml,Y,CIE-10 OPS,1
Y90.6,Nivel de alcohol en la sangre de 120 a 199 mg/100 ml,Y,CIE-10 OPS,1
Y90.7,Nivel de alcohol en la sangre de 200 a 239 mg/100 ml,Y,CIE-10 OPS,1
Y90.8,Nivel de alcohol en la sangre de 240 mg/100 ml o más,Y,CIE-10 OPS,1
Y90.9,"Presencia de alcohol en la sangre, nivel no especificado",Y,CIE-10 OPS,1
Y91.0,Intoxicación alcohólica leve,Y,CIE-10 OPS,1
Y91.1,Intoxicación alcohólica moderada,Y,CIE-10 OPS,1
Y91.2,Intoxicación alcohólica severa,Y,CIE-10 OPS,1
Y91.3,Intoxicación alcohólica muy severa,Y,CIE-10 OPS,1
Y91.9,"Alcoholismo, nivel de intoxicación no especificado",Y,CIE-10 OPS,1
Z00.0,Examen médico general,Z,CIE-10 OPS,1
Z00.1,Control de salud de rutina del niño,Z,CIE-10 OPS,1
Z00.2,Examen durante el período de crecimiento rápido en la,Z,CIE-10 OPS,1
Z00.3,Examen del estado de desarrollo del adolescente,Z,CIE-10 OPS,1
Z00.4,"Examen psiquiátrico general, no clasificado en otra parte",Z,CIE-10 OPS,1
Z00.5,Examen de donante potencial de órgano o tejido,Z,CIE-10 OPS,1
Z00.6,Examen para comparación y control normales en programa,Z,CIE-10 OPS,1
Z00.8,Otros exámenes generales,Z,CIE-10 OPS,1
Z01.0,Examen de ojos y de la visión,Z,CIE-10 OPS,1
Z01.1,Examen de oídos y de la audición,Z,CIE-10 OPS,1
Z01.2,Examen odontológico,Z,CIE-10 OPS,1
Z01.3,Examen de la presión sanguínea,Z,CIE-10 OPS,1
Z01.4,Examen ginecológico (general) (de rutina),Z,CIE-10 OPS,1
Z01.5,Pruebas de sensibilización y diagnóstico cutáneo,Z,CIE-10 OPS,1
Z01.6,"Examen radiológico, no clasificado en otra parte",Z,CIE-10 OPS,1
Z01.7,Examen de laboratorio,Z,CIE-10 OPS,1
Z01.8,Otros exámenes especiales especificados,Z,CIE-10 OPS,1
Z01.9,Examen especial no especificado,Z,CIE-10 OPS,1
Z02.0,Examen para admisión a instituciones educativas,Z,CIE-10 OPS,1
Z02.1,Examen preempleo,Z,CIE-10 OPS,1
Z02.2,Examen para admisión a instituciones residenciales,Z,CIE-10 OPS,1
Z02.3,Examen para reclutamiento en las fuerzas armadas,Z,CIE-10 OPS,1
Z02.4,Examen para obtención de licencia de conducir,Z,CIE-10 OPS,1
Z02.5,Examen para participación en competencias deportivas,Z,CIE-10 OPS,1
Z02.6,Examen para fines de seguros,Z,CIE-10 OPS,1
Z02.7,Extensión de certificado médico,Z,CIE-10 OPS,1
Z02.8,Otros exámenes para fines administrativos,Z,CIE-10 OPS,1
Z02.9,"Examen para fines administrativos, no especificado",Z,CIE-10 OPS,1
Z03.0,Observación por sospecha de tuberculosis,Z,CIE-10 OPS,1
Z03.1,Observación por sospecha de tumor maligno,Z,CIE-10 OPS,1
Z03.2,Observación por sospecha de trastorno mental y del,Z,CIE-10 OPS,1
Z03.3,Observación por sospecha de trastorno del sistema,Z,CIE-10 OPS,1
Z03.4,Observación por sospecha de infarto de miocardio,Z,CIE-10 OPS,1
Z03.5,Observación por sospecha de otras enfermedades,Z,CIE-10 OPS,1
Z03.6,Observación por sospecha de efectos tóxicos de,Z,CIE-10 OPS,1
Z03.8,Observación por sospecha de otras enfermedades y,Z,CIE-10 OPS,1
Z03.9,Observación por sospecha de enfermedad o afección no,Z,CIE-10 OPS,1
Z04.0,Prueba de alcohol o drogas en la sangre,Z,CIE-10 OPS,1
Z04.1,Examen y observación consecutivos a accidente de,Z,CIE-10 OPS,1
Z04.2,Examen y observación consecutivos a accidente de trabajo,Z,CIE-10 OPS,1
Z04.3,Examen y observación consecutivos a otro accidente,Z,CIE-10 OPS,1
Z04.4,Examen y observación consecutivos a denuncia de,Z,CIE-10 OPS,1
Z04.5,Examen y observación consecutivos a otra lesión infligida,Z,CIE-10 OPS,1
Z04.6,"Examen psiquiátrico general, solicitado por una autoridad",Z,CIE-10 OPS,1
Z04.8,Examen y observación por otras razones especificadas,Z,CIE-10 OPS,1
Z04.9,Examen y observación por razones no especificadas,Z,CIE-10 OPS,1
Z08.0,Examen de seguimiento consecutivo a cirugía por tumor,Z,CIE-10 OPS,1
Z08.1,Examen de seguimiento consecutivo a radioterapia por,Z,CIE-10 OPS,1
Z08.2,Examen de seguimiento consecutivo a quimioterapia por,Z,CIE-10 OPS,1
Z08.7,Examen de seguimiento consecutivo a tratamiento,Z,CIE-10 OPS,1
Z08.8,Examen de seguimiento consecutivo a otro tratamiento por,Z,CIE-10 OPS,1
Z08.9,Examen de seguimiento consecutivo a tratamiento no,Z,CIE-10 OPS,1
Z09.0,Examen de seguimiento consecutivo a cirugía por otras,Z,CIE-10 OPS,1
Z09.1,Examen de seguimiento consecutivo a radioterapia por,Z,CIE-10 OPS,1
Z09.2,Examen de seguimiento consecutivo a quimioterapia por,Z,CIE-10 OPS,1
Z09.3,Examen de seguimiento consecutivo a psicoterapia,Z,CIE-10 OPS,1
Z09.4,Examen de seguimiento consecutivo a tratamiento de,Z,CIE-10 OPS,1
Z09.7,Examen de seguimiento consecutivo a tratamiento,Z,CIE-10 OPS,1
Z09.8,Examen de seguimiento consecutivo a otro tratamiento por,Z,CIE-10 OPS,1
Z09.9,Examen de seguimiento consecutivo a tratamiento no,Z,CIE-10 OPS,1
Z10.0,Examen de salud ocupacional,Z,CIE-10 OPS,1
Z10.1,Control general de salud de rutina de residentes de,Z,CIE-10 OPS,1
Z10.2,Control general de salud de rutina a miembros de las,Z,CIE-10 OPS,1
Z10.3,Control general de salud de rutina a integrantes de equipos,Z,CIE-10 OPS,1
Z10.8,Otros controles generales de salud de rutina de otras,Z,CIE-10 OPS,1
Z11.0,Examen de pesquisa especial para enfermedades,Z,CIE-10 OPS,1
Z11.1,Examen de pesquisa especial para tuberculosis respiratoria,Z,CIE-10 OPS,1
Z11.2,Examen de pesquisa especial para otras enfermedades,Z,CIE-10 OPS,1
Z11.3,Examen de pesquisa especial para infecciones de,Z,CIE-10 OPS,1
Z11.4,Examen de pesquisa especial para el virus de la,Z,CIE-10 OPS,1
Z11.5,Examen de pesquisa especial para otras enfermedades,Z,CIE-10 OPS,1
Z11.6,Examen de pesquisa especial para otras enfermedades,Z,CIE-10 OPS,1
Z11.8,Examen de pesquisa especial para otras enfermedades,Z,CIE-10 OPS,1
Z11.9,Examen de pesquisa especial para enfermedades,Z,CIE-10 OPS,1
Z12.0,Examen de pesquisa especial para tumor de estómago,Z,CIE-10 OPS,1
Z12.1,Examen de pesquisa especial para tumor del intestino,Z,CIE-10 OPS,1
Z12.2,Examen de pesquisa especial para tumores de órganos,Z,CIE-10 OPS,1
Z12.3,Examen de pesquisa especial para tumor de la mama,Z,CIE-10 OPS,1
Z12.4,Examen de pesquisa especial para tumor del cuello uterino,Z,CIE-10 OPS,1
Z12.5,Examen de pesquisa especial para tumor de la próstata,Z,CIE-10 OPS,1
Z12.6,Examen de pesquisa especial para tumor de la vejiga,Z,CIE-10 OPS,1
Z12.8,Examen de pesquisa especial para tumores de otros sitios,Z,CIE-10 OPS,1
Z12.9,Examen de pesquisa especial para tumor de sitio no,Z,CIE-10 OPS,1
Z13.0,Examen de pesquisa especial para enfermedades de la,Z,CIE-10 OPS,1
Z13.1,Examen de pesquisa especial para diabetes mellitus,Z,CIE-10 OPS,1
Z13.2,Examen de pesquisa especial para trastornos de la,Z,CIE-10 OPS,1
Z13.3,Examen de pesquisa especial para trastornos mentales y,Z,CIE-10 OPS,1
Z13.4,Examen de pesquisa especial para ciertos trastornos del,Z,CIE-10 OPS,1
Z13.5,Examen de pesquisa especial para trastornos del ojo y del,Z,CIE-10 OPS,1
Z13.6,Examen de pesquisa especial para trastornos,Z,CIE-10 OPS,1
Z13.7,Examen de pesquisa especial para malformaciones,Z,CIE-10 OPS,1
Z13.8,Examen de pesquisa especial para otras enfermedades y,Z,CIE-10 OPS,1
Z13.9,"Examen de pesquisa especial, no especificado",Z,CIE-10 OPS,1
Z20.0,Contacto con y exposición a enfermedades infecciosas,Z,CIE-10 OPS,1
Z20.1,Contacto con y exposición a tuberculosis,Z,CIE-10 OPS,1
Z20.2,Contacto con y exposición a enfermedades infecciosas con,Z,CIE-10 OPS,1
Z20.3,Contacto con y exposición a rabia,Z,CIE-10 OPS,1
Z20.4,Contacto con y exposición a rubéola,Z,CIE-10 OPS,1
Z20.5,Contacto con y exposición a hepatitis viral,Z,CIE-10 OPS,1
Z20.6,Contacto con y exposición al virus de la inmunodeficiencia,Z,CIE-10 OPS,1
Z20.7,"Contacto con y exposición a pediculosis, acariasis y otras",Z,CIE-10 OPS,1
Z20.8,Contacto con y exposición a otras enfermedades,Z,CIE-10 OPS,1
Z20.9,Contacto con y exposición a enfermedades transmisibles,Z,CIE-10 OPS,1
Z22.0,Portador del agente de la fiebre tifoidea,Z,CIE-10 OPS,1
Z22.1,Portador de agentes de otras enfermedades infecciosas,Z,CIE-10 OPS,1
Z22.2,Portador del agente de la difteria,Z,CIE-10 OPS,1
Z22.3,Portador de agentes de otras enfermedades bacterianas,Z,CIE-10 OPS,1
Z22.4,Portador de agentes de enfermedades infecciosas con un,Z,CIE-10 OPS,1
Z22.5,Portador de agente de hepatitis viral,Z,CIE-10 OPS,1
Z22.6,Portador del virus humano T-linfotrópico tipo 1 [VHTL-1],Z,CIE-10 OPS,1
Z22.8,Portador de agentes de otras enfermedades infecciosas,Z,CIE-10 OPS,1
Z22.9,Portador de agente de enfermedad infecciosa no,Z,CIE-10 OPS,1
Z23.0,Necesidad de inmunización sólo contra el cólera,Z,CIE-10 OPS,1
Z23.1,Necesidad de inmunización sólo contra la,Z,CIE-10 OPS,1
Z23.2,Necesidad de inmunización contra la tuberculosis [BCG],Z,CIE-10 OPS,1
Z23.3,Necesidad de inmunización contra la peste,Z,CIE-10 OPS,1
Z23.4,Necesidad de inmunización contra la tularemia,Z,CIE-10 OPS,1
Z23.5,Necesidad de inmunización sólo contra el tétanos,Z,CIE-10 OPS,1
Z23.6,Necesidad de inmunización sólo contra la difteria,Z,CIE-10 OPS,1
Z23.7,Necesidad de inmunización sólo contra la tos ferina,Z,CIE-10 OPS,1
Z23.8,Necesidad de inmunización sólo contra otra enfermedad,Z,CIE-10 OPS,1
Z24.0,Necesidad de inmunización contra la poliomielitis,Z,CIE-10 OPS,1
Z24.1,Necesidad de inmunización contra la encefalitis viral,Z,CIE-10 OPS,1
Z24.2,Necesidad de inmunización contra la rabia,Z,CIE-10 OPS,1
Z24.3,Necesidad de inmunización contra la fiebre amarilla,Z,CIE-10 OPS,1
Z24.4,Necesidad de inmunización sólo contra el sarampión,Z,CIE-10 OPS,1
Z24.5,Necesidad de inmunización sólo contra la rubéola,Z,CIE-10 OPS,1
Z24.6,Necesidad de inmunización contra la hepatitis viral,Z,CIE-10 OPS,1
Z25.0,Necesidad de inmunización sólo contra la parotiditis,Z,CIE-10 OPS,1
Z25.1,Necesidad de inmunización contra la influenza [gripe],Z,CIE-10 OPS,1
Z25.8,Necesidad de inmunización contra otras enfermedades,Z,CIE-10 OPS,1
Z26.0,Necesidad de inmunización contra la leishmaniasis,Z,CIE-10 OPS,1
Z26.8,Necesidad de inmunización contra otras enfermedades,Z,CIE-10 OPS,1
Z26.9,Necesidad de inmunización contra enfermedad infecciosa,Z,CIE-10 OPS,1
Z27.0,Necesidad de inmunización contra el cólera y la,Z,CIE-10 OPS,1
Z27.1,Necesidad de inmunización contra,Z,CIE-10 OPS,1
Z27.2,Necesidad de inmunización contra,Z,CIE-10 OPS,1
Z27.3,Necesidad de inmunización contra,Z,CIE-10 OPS,1
Z27.4,Necesidad de inmunización contra,Z,CIE-10 OPS,1
Z27.8,Necesidad de inmunización contra otras combinaciones de,Z,CIE-10 OPS,1
Z27.9,Necesidad de inmunización contra combinaciones no,Z,CIE-10 OPS,1
Z28.0,Inmunización no realizada por contraindicación,Z,CIE-10 OPS,1
Z28.1,"Inmunización no realizada por decisión del paciente, por",Z,CIE-10 OPS,1
Z28.2,"Inmunización no realizada por decisión del paciente, por",Z,CIE-10 OPS,1
Z28.8,Inmunización no realizada por otras razones,Z,CIE-10 OPS,1
Z28.9,Inmunización no realizada por razón no especificada,Z,CIE-10 OPS,1
Z29.0,Aislamiento,Z,CIE-10 OPS,1
Z29.1,Inmunoterapia profiláctica,Z,CIE-10 OPS,1
Z29.2,Otra quimioterapia profiláctica,Z,CIE-10 OPS,1
Z29.8,Otras medidas profiláticas especificadas,Z,CIE-10 OPS,1
Z29.9,Medida profiláctica no especificada,Z,CIE-10 OPS,1
Z30.0,Consejo y asesoramiento general sobre la anticoncepción,Z,CIE-10 OPS,1
Z30.1,Inserción de dispositivo anticonceptivo (intrauterino),Z,CIE-10 OPS,1
Z30.2,Esterilización,Z,CIE-10 OPS,1
Z30.3,Extracción menstrual,Z,CIE-10 OPS,1
Z30.4,Supervisión del uso de drogas anticonceptivas,Z,CIE-10 OPS,1
Z30.5,Supervisión del uso de dispositivo anticonceptivo,Z,CIE-10 OPS,1
Z30.8,Otras atenciones especificadas para la anticoncepción,Z,CIE-10 OPS,1
Z30.9,"Asistencia para la anticoncepción, no especificada",Z,CIE-10 OPS,1
Z31.0,Tuboplastia o vasoplastia posterior a esterilización,Z,CIE-10 OPS,1
Z31.1,Inseminación artificial,Z,CIE-10 OPS,1
Z31.2,Fecundaciónin vitro,Z,CIE-10 OPS,1
Z31.3,Otros métodos de atención para la fecundación,Z,CIE-10 OPS,1
Z31.4,Investigación y prueba para la procreación,Z,CIE-10 OPS,1
Z31.5,Asesoramiento genético,Z,CIE-10 OPS,1
Z31.6,Consejo y asesoramiento general sobre la procreación,Z,CIE-10 OPS,1
Z31.8,Otra atención especificada para la procreación,Z,CIE-10 OPS,1
Z31.9,Atención no especificada relacionada con la procreación,Z,CIE-10 OPS,1
Z32.0,Embarazo (aún) no confirmado,Z,CIE-10 OPS,1
Z32.1,Embarazo confirmado,Z,CIE-10 OPS,1
Z34.0,Supervisión de primer embarazo normal,Z,CIE-10 OPS,1
Z34.8,Supervisión de otros embarazos normales,Z,CIE-10 OPS,1
Z34.9,Supervisión de embarazo normal no especificado,Z,CIE-10 OPS,1
Z35.0,Supervisión de embarazo con historia de esterilidad,Z,CIE-10 OPS,1
Z35.1,Supervisión de embarazo con historia de aborto,Z,CIE-10 OPS,1
Z35.2,Supervisión de embarazo con otro riesgo en la historia,Z,CIE-10 OPS,1
Z35.3,Supervisión de embarazo con historia de insuficiente,Z,CIE-10 OPS,1
Z35.4,Supervisión de embarazo con gran multiparidad,Z,CIE-10 OPS,1
Z35.5,Supervisión de primigesta añosa,Z,CIE-10 OPS,1
Z35.6,Supervisión de primigesta muy joven,Z,CIE-10 OPS,1
Z35.7,Supervisión de embarazo de alto riesgo debido a,Z,CIE-10 OPS,1
Z35.8,Supervisión de otros embarazos de alto riesgo,Z,CIE-10 OPS,1
Z35.9,"Supervisión de embarazo de alto riesgo, sin otra",Z,CIE-10 OPS,1
Z36.0,Pesquisa prenatal para anomalías cromosómicas,Z,CIE-10 OPS,1
Z36.1,Pesquisa prenatal para medir niveles elevados de,Z,CIE-10 OPS,1
Z36.2,Otras pesquisas prenatales basadas en amniocentesis,Z,CIE-10 OPS,1
Z36.3,Pesquisa prenatal de malformaciones usando ultrasonido y,Z,CIE-10 OPS,1
Z36.4,Pesquisa prenatal del retardo del crecimiento fetal usando,Z,CIE-10 OPS,1
Z36.5,Pesquisa prenatal para isoinmunización,Z,CIE-10 OPS,1
Z36.8,Otras pesquisas prenatales específicas,Z,CIE-10 OPS,1
Z36.9,"Pesquisa prenatal, sin otra especificación",Z,CIE-10 OPS,1
Z37.0,"Nacido vivo, único",Z,CIE-10 OPS,1
Z37.1,"Nacido muerto, único",Z,CIE-10 OPS,1
Z37.2,"Gemelos, ambos nacidos vivos",Z,CIE-10 OPS,1
Z37.3,"Gemelos, un nacido vivo y un nacido muerto",Z,CIE-10 OPS,1
Z37.4,"Gemelos, ambos nacidos muertos",Z,CIE-10 OPS,1
Z37.5,"Otros nacimientos múltiples, todos nacidos vivos",Z,CIE-10 OPS,1
Z37.6,"Otros nacimientos múltiples, algunos nacidos vivos",Z,CIE-10 OPS,1
Z37.7,"Otros nacimientos múltiples, todos nacidos muertos",Z,CIE-10 OPS,1
Z37.9,Producto del parto no especificado,Z,CIE-10 OPS,1
Z38.0,"Producto único, nacido en hospital",Z,CIE-10 OPS,1
Z38.1,"Producto único, nacido fuera de hospital",Z,CIE-10 OPS,1
Z38.2,"Producto único, lugar de nacimiento no especificado",Z,CIE-10 OPS,1
Z38.3,"Gemelos, nacidos en hospital",Z,CIE-10 OPS,1
Z38.4,"Gemelos, nacidos fuera de hospital",Z,CIE-10 OPS,1
Z38.5,"Gemelos, lugar de nacimiento no especificado",Z,CIE-10 OPS,1
Z38.6,"Otros nacimientos múltiples, en hospital",Z,CIE-10 OPS,1
Z38.7,"Otros nacimientos múltiples, fuera del hospital",Z,CIE-10 OPS,1
Z38.8,"Otros nacimientos múltiples, lugar de nacimiento no",Z,CIE-10 OPS,1
Z39.0,Atención y examen inmediatamente después del parto,Z,CIE-10 OPS,1
Z39.1,Atención y examen de madre en período de lactancia,Z,CIE-10 OPS,1
Z39.2,"Seguimiento postparto, de rutina",Z,CIE-10 OPS,1
Z40.0,Cirugía profiláctica por factores de riesgo relacionados con,Z,CIE-10 OPS,1
Z40.8,Otra cirugía profiláctica,Z,CIE-10 OPS,1
Z40.9,Cirugía profiláctica no especificada,Z,CIE-10 OPS,1
Z41.0,Trasplante de pelo,Z,CIE-10 OPS,1
Z41.1,Otras cirugías plásticas por razones estéticas,Z,CIE-10 OPS,1
Z41.2,Circuncisión ritual o de rutina,Z,CIE-10 OPS,1
Z41.3,Perforación de la oreja,Z,CIE-10 OPS,1
Z41.8,Otros procedimientos para otros propósitos que no sean,Z,CIE-10 OPS,1
Z41.9,Procedimiento no especificado para otros propósitos que,Z,CIE-10 OPS,1
Z42.0,Cuidados posteriores a la cirugía plástica de la cabeza y,Z,CIE-10 OPS,1
Z42.1,Cuidados posteriores a la cirugía plástica de la mama,Z,CIE-10 OPS,1
Z42.2,Cuidados posteriores a la cirugía plástica de otras partes,Z,CIE-10 OPS,1
Z42.3,Cuidados posteriores a la cirugía plástica de las,Z,CIE-10 OPS,1
Z42.4,Cuidados posteriores a la cirugía plástica de las,Z,CIE-10 OPS,1
Z42.8,Cuidados posteriores a la cirugía plástica de otras partes,Z,CIE-10 OPS,1
Z42.9,Cuidados posteriores a la cirugía plástica no especificada,Z,CIE-10 OPS,1
Z43.0,Atención de traqueostomía,Z,CIE-10 OPS,1
Z43.1,Atención de gastrostomía,Z,CIE-10 OPS,1
Z43.2,Atención de ileostomía,Z,CIE-10 OPS,1
Z43.3,Atención de colostomía,Z,CIE-10 OPS,1
Z43.4,Atención de otros orificios artificiales de las vías digestivas,Z,CIE-10 OPS,1
Z43.5,Atención de cistostomía,Z,CIE-10 OPS,1
Z43.6,Atención de otros orificios artificiales de las vías urinarias,Z,CIE-10 OPS,1
Z43.7,Atención de vagina artificial,Z,CIE-10 OPS,1
Z43.8,Atención de otros orificios artificiales,Z,CIE-10 OPS,1
Z43.9,Atención de orificio artificial no especificado,Z,CIE-10 OPS,1
Z44.0,Prueba y ajuste de brazo artificial (completo) (parcial),Z,CIE-10 OPS,1
Z44.1,Prueba y ajuste de pierna artificial (completa) (parcial),Z,CIE-10 OPS,1
Z44.2,Prueba y ajuste de ojo artificial,Z,CIE-10 OPS,1
Z44.3,Prueba y ajuste de prótesis mamaria externa,Z,CIE-10 OPS,1
Z44.8,Prueba y ajuste de otros dispositivos protésicos externos,Z,CIE-10 OPS,1
Z44.9,Prueba y ajuste de dispositivo protésico externo no,Z,CIE-10 OPS,1
Z45.0,Asistencia y ajuste de marcapaso cardíaco,Z,CIE-10 OPS,1
Z45.1,Asistencia y ajuste de bomba de infusión,Z,CIE-10 OPS,1
Z45.2,Asistencia y ajuste de dispositivos de acceso vascular,Z,CIE-10 OPS,1
Z45.3,Asistencia y ajuste de dispositivo auditivo implantado,Z,CIE-10 OPS,1
Z45.8,Asistencia y ajuste de otros dispositivos implantados,Z,CIE-10 OPS,1
Z45.9,Asistencia y ajuste de dispositivo implantado no,Z,CIE-10 OPS,1
Z46.0,Prueba y ajuste de anteojos y lentes de contacto,Z,CIE-10 OPS,1
Z46.1,Prueba y ajuste de audífonos,Z,CIE-10 OPS,1
Z46.2,Prueba y ajuste de otros dispositivos relacionados con el,Z,CIE-10 OPS,1
Z46.3,Prueba y ajuste de prótesis dental,Z,CIE-10 OPS,1
Z46.4,Prueba y ajuste de dispositivo ortodóncico,Z,CIE-10 OPS,1
Z46.5,Prueba y ajuste de ileostomía u otro dispositivo intestinal,Z,CIE-10 OPS,1
Z46.6,Prueba y ajuste de dispositivo urinario,Z,CIE-10 OPS,1
Z46.7,Prueba y ajuste de dispositivo ortopédico,Z,CIE-10 OPS,1
Z46.8,Prueba y ajuste de otros dispositivos especificados,Z,CIE-10 OPS,1
Z46.9,Prueba y ajuste de dispositivo no especificado,Z,CIE-10 OPS,1
Z47.0,Cuidados posteriores a la extracción de placa u otro,Z,CIE-10 OPS,1
Z47.8,Otros cuidados especificados posteriores a la ortopedia,Z,CIE-10 OPS,1
Z47.9,"Cuidado posterior a la ortopedia, no especificado",Z,CIE-10 OPS,1
Z48.0,Atención de los apósitos y suturas,Z,CIE-10 OPS,1
Z48.8,Otros cuidados especificados posteriores a la cirugía,Z,CIE-10 OPS,1
Z48.9,"Cuidado posterior a la cirugía, no especificado",Z,CIE-10 OPS,1
Z49.0,Cuidados preparatorios para diálisis,Z,CIE-10 OPS,1
Z49.1,Diálisis extracorpórea,Z,CIE-10 OPS,1
Z49.2,Otras diálisis,Z,CIE-10 OPS,1
Z50.0,Rehabilitación cardíaca,Z,CIE-10 OPS,1
Z50.1,Otras terapias físicas,Z,CIE-10 OPS,1
Z50.2,Rehabilitación del alcohólico,Z,CIE-10 OPS,1
Z50.3,Rehabilitación del drogadicto,Z,CIE-10 OPS,1
Z50.4,"Psicoterapia, no clasificada en otra parte",Z,CIE-10 OPS,1
Z50.5,Terapia del lenguaje,Z,CIE-10 OPS,1
Z50.6,Adiestramiento ortóptico,Z,CIE-10 OPS,1
Z50.7,"Terapia ocupacional y rehabilitación vocacional, no",Z,CIE-10 OPS,1
Z50.8,Atención por otros procedimientos de rehabilitación,Z,CIE-10 OPS,1
Z50.9,"Atención por procedimiento de rehabilitación, no especificada",Z,CIE-10 OPS,1
Z51.0,Sesión de radioterapia,Z,CIE-10 OPS,1
Z51.1,Sesión de quimioterapia por tumor,Z,CIE-10 OPS,1
Z51.2,Otra quimioterapia,Z,CIE-10 OPS,1
Z51.3,"Transfusión de sangre, sin diagnóstico informado",Z,CIE-10 OPS,1
Z51.4,"Atención preparatoria para tratamiento subsecuente, no",Z,CIE-10 OPS,1
Z51.5,Atención paliativa,Z,CIE-10 OPS,1
Z51.6,Desensibilización a alérgenos,Z,CIE-10 OPS,1
Z51.8,Otras atenciones médicas especificadas,Z,CIE-10 OPS,1
Z51.9,"Atención médica, no especificada",Z,CIE-10 OPS,1
Z52.0,Donante de sangre,Z,CIE-10 OPS,1
Z52.1,Donante de piel,Z,CIE-10 OPS,1
Z52.2,Donante de hueso,Z,CIE-10 OPS,1
Z52.3,Donante de médula osea,Z,CIE-10 OPS,1
Z52.4,Donante de riñón,Z,CIE-10 OPS,1
Z52.5,Donante de córnea,Z,CIE-10 OPS,1
Z52.6,Donante de hígado,Z,CIE-10 OPS,1
Z52.7,Donante de corazón,Z,CIE-10 OPS,1
Z52.8,Donante de otros órganos o tejidos,Z,CIE-10 OPS,1
Z52.9,Donante de órgano o tejido no especificado,Z,CIE-10 OPS,1
Z53.0,Procedimiento no realizado por contraindicación,Z,CIE-10 OPS,1
Z53.1,"Procedimiento no realizado por decisión del paciente, por",Z,CIE-10 OPS,1
Z53.2,"Procedimiento no realizado por decisión del paciente, por",Z,CIE-10 OPS,1
Z53.8,Procedimiento no realizado por otras razones,Z,CIE-10 OPS,1
Z53.9,Procedimiento no realizado por razón no especificada,Z,CIE-10 OPS,1
Z54.0,Convalecencia consecutiva a cirugía,Z,CIE-10 OPS,1
Z54.1,Convalecencia consecutiva a radioterapia,Z,CIE-10 OPS,1
Z54.2,Convalecencia consecutiva a quimioterapia,Z,CIE-10 OPS,1
Z54.3,Convalecencia consecutiva a psicoterapia,Z,CIE-10 OPS,1
Z54.4,Convalecencia consecutiva a tratamiento de fractura,Z,CIE-10 OPS,1
Z54.7,Convalecencia consecutiva a tratamiento combinado,Z,CIE-10 OPS,1
Z54.8,Convalecencia consecutiva a otros tratamientos,Z,CIE-10 OPS,1
Z54.9,Convalecencia consecutiva a tratamiento no especificado,Z,CIE-10 OPS,1
Z55.0,Problemas relacionados con el analfabetismo o bajo nivel,Z,CIE-10 OPS,1
Z55.1,Problemas relacionados con la educación no disponible o,Z,CIE-10 OPS,1
Z55.2,Problemas relacionados con la falla en los exámenes,Z,CIE-10 OPS,1
Z55.3,Problemas relacionados con el bajo rendimiento escolar,Z,CIE-10 OPS,1
Z55.4,Problemas relacionados con la inadaptación educacional y,Z,CIE-10 OPS,1
Z55.8,Otros problemas relacionados con la educación y la,Z,CIE-10 OPS,1
Z55.9,Problema no especificado relacionado con la educación y,Z,CIE-10 OPS,1
Z56.0,"Problemas relacionados con el desempleo, no especificados",Z,CIE-10 OPS,1
Z56.1,Problemas relacionados con el cambio de empleo,Z,CIE-10 OPS,1
Z56.2,Problemas relacionados con amenaza de pérdida del empleo,Z,CIE-10 OPS,1
Z56.3,Problemas relacionados con horario estresante de trabajo,Z,CIE-10 OPS,1
Z56.4,Problemas relacionados con desavenencias con el jefe y,Z,CIE-10 OPS,1
Z56.5,Problemas relacionados con el trabajo incompatible,Z,CIE-10 OPS,1
Z56.6,Otros problemas de tensión física o mental relacionadas,Z,CIE-10 OPS,1
Z56.7,Otros problemas y los no especificados relacionados con,Z,CIE-10 OPS,1
Z57.0,Exposición ocupacional al ruido,Z,CIE-10 OPS,1
Z57.1,Exposición ocupacional a la radiación,Z,CIE-10 OPS,1
Z57.2,Exposición ocupacional al polvo,Z,CIE-10 OPS,1
Z57.3,Exposición ocupacional a otro contaminante del aire,Z,CIE-10 OPS,1
Z57.4,Exposición ocupacional a agentes tóxicos en agricultura,Z,CIE-10 OPS,1
Z57.5,Exposición ocupacional a agentes tóxicos en otras industrias,Z,CIE-10 OPS,1
Z57.6,Exposición ocupacional a temperatura extrema,Z,CIE-10 OPS,1
Z57.7,Exposición ocupacional a la vibración,Z,CIE-10 OPS,1
Z57.8,Exposición ocupacional a otros factores de riesgo,Z,CIE-10 OPS,1
Z57.9,Exposición ocupacional a factor de riesgo no especificado,Z,CIE-10 OPS,1
Z58.0,Exposición al ruido,Z,CIE-10 OPS,1
Z58.1,Exposición al aire contaminado,Z,CIE-10 OPS,1
Z58.2,Exposición al agua contaminada,Z,CIE-10 OPS,1
Z58.3,Exposición al suelo contaminado,Z,CIE-10 OPS,1
Z58.4,Exposición a la radiación,Z,CIE-10 OPS,1
Z58.5,Exposición a otras contaminaciones del ambiente físico,Z,CIE-10 OPS,1
Z58.6,Suministro inadecuado de agua potable,Z,CIE-10 OPS,1
Z58.7,Exposición al humo del tabaco,Z,CIE-10 OPS,1
Z58.8,Otros problemas relacionados con el ambiente físico,Z,CIE-10 OPS,1
Z58.9,Problema no especificado relacionado con el ambiente físico,Z,CIE-10 OPS,1
Z59.0,Problemas relacionados con la falta de vivienda,Z,CIE-10 OPS,1
Z59.1,Problemas relacionados con vivienda inadecuada,Z,CIE-10 OPS,1
Z59.2,Problemas caseros y con vecinos e inquilinos,Z,CIE-10 OPS,1
Z59.3,Problemas relacionados con persona que reside en una,Z,CIE-10 OPS,1
Z59.4,Problemas relacionados con la falta de alimentos,Z,CIE-10 OPS,1
Z59.5,Problemas relacionados con pobreza extrema,Z,CIE-10 OPS,1
Z59.6,Problemas relacionados con bajos ingresos,Z,CIE-10 OPS,1
Z59.7,Problemas relacionados con seguridad social y,Z,CIE-10 OPS,1
Z59.8,Otros problemas relacionados con la vivienda y las,Z,CIE-10 OPS,1
Z59.9,Problemas no especificados relacionados con la vivienda y,Z,CIE-10 OPS,1
Z60.0,Problemas relacionados con el ajuste a las transiciones del,Z,CIE-10 OPS,1
Z60.1,Problemas relacionados con situación familiar atípica,Z,CIE-10 OPS,1
Z60.2,Problemas relacionados con persona que vive sola,Z,CIE-10 OPS,1
Z60.3,Problemas relacionados con la adaptación cultural,Z,CIE-10 OPS,1
Z60.4,Problemas relacionados con exclusión y rechazo social,Z,CIE-10 OPS,1
Z60.5,Problemas relacionados con la discriminación y,Z,CIE-10 OPS,1
Z60.8,Otros problemas relacionados con el ambiente social,Z,CIE-10 OPS,1
Z60.9,Problema no especificado relacionado con el ambiente,Z,CIE-10 OPS,1
Z61.0,Problemas relacionados con la pérdida de relación afectiva,Z,CIE-10 OPS,1
Z61.1,Problemas relacionados con el alejamiento del hogar en la,Z,CIE-10 OPS,1
Z61.2,Problemas relacionados con alteración en el patrón de la,Z,CIE-10 OPS,1
Z61.3,Problemas relacionados con eventos que llevaron a la,Z,CIE-10 OPS,1
Z61.4,Problemas relacionados con el abuso sexual del niño por,Z,CIE-10 OPS,1
Z61.5,Problemas relacionados con el abuso sexual del niño por,Z,CIE-10 OPS,1
Z61.6,Problemas relacionados con abuso físico del niño,Z,CIE-10 OPS,1
Z61.7,Problemas relacionados con experiencias personales,Z,CIE-10 OPS,1
Z61.8,Problemas relacionados con otras experiencias negativas,Z,CIE-10 OPS,1
Z61.9,Problemas relacionados con experiencia negativa no,Z,CIE-10 OPS,1
Z62.0,Problemas relacionados con la supervisión o el control,Z,CIE-10 OPS,1
Z62.1,Problemas relacionados con la sobreprotección de los,Z,CIE-10 OPS,1
Z62.2,Problemas relacionados con la crianza en institución,Z,CIE-10 OPS,1
Z62.3,Problemas relacionados con hostilidad y reprobación al,Z,CIE-10 OPS,1
Z62.4,Problemas relacionados con el abandono emocional del,Z,CIE-10 OPS,1
Z62.5,Otros problemas relacionados con negligencia en la,Z,CIE-10 OPS,1
Z62.6,Problemas relacionados con presiones inapropiadas de los,Z,CIE-10 OPS,1
Z62.8,Otros problemas especificados y relacionados con la,Z,CIE-10 OPS,1
Z62.9,Problema no especificado relacionado con la crianza del,Z,CIE-10 OPS,1
Z63.0,Problemas en la relación entre esposos o pareja,Z,CIE-10 OPS,1
Z63.1,Problemas en la relación con los padres y los familiares,Z,CIE-10 OPS,1
Z63.2,Problemas relacionados con el apoyo familiar inadecuado,Z,CIE-10 OPS,1
Z63.3,Problemas relacionados con la ausencia de un miembro de,Z,CIE-10 OPS,1
Z63.4,Problemas relacionados con la desaparición o muerte de,Z,CIE-10 OPS,1
Z63.5,Problemas relacionados con la ruptura familiar por,Z,CIE-10 OPS,1
Z63.6,"Problemas relacionados con familiar dependiente,",Z,CIE-10 OPS,1
Z63.7,Problemas relacionados con otros hechos estresantes que,Z,CIE-10 OPS,1
Z63.8,Otros problemas especificados relacionados con el grupo,Z,CIE-10 OPS,1
Z63.9,Problema no especificado relacionado con el grupo,Z,CIE-10 OPS,1
Z64.0,Problemas relacionados con embarazo no deseado,Z,CIE-10 OPS,1
Z64.1,Problemas relacionados con la multiparidad,Z,CIE-10 OPS,1
Z64.2,Problemas relacionados con la solicitud o aceptación de,Z,CIE-10 OPS,1
Z64.3,Problemas relacionados con la solicitud o aceptación de,Z,CIE-10 OPS,1
Z64.4,Problemas relacionados con el desacuerdo con consejeros,Z,CIE-10 OPS,1
Z65.0,Problemas relacionados con culpabilidad en,Z,CIE-10 OPS,1
Z65.1,Problemas relacionados con prisión y otro encarcelamiento,Z,CIE-10 OPS,1
Z65.2,Problemas relacionados con la liberación de la prisión,Z,CIE-10 OPS,1
Z65.3,Problemas relacionados con otras circunstancias legales,Z,CIE-10 OPS,1
Z65.4,Problemas relacionados con víctima de crimen o terrorismo,Z,CIE-10 OPS,1
Z65.5,"Problemas relacionados con la exposición a desastre,",Z,CIE-10 OPS,1
Z65.8,Otros problemas especificados relacionados con,Z,CIE-10 OPS,1
Z65.9,Problemas relacionados con circunstancias,Z,CIE-10 OPS,1
Z70.0,Consulta relacionada con la actitud sexual,Z,CIE-10 OPS,1
Z70.1,Consulta relacionada con la orientación y conducta sexual,Z,CIE-10 OPS,1
Z70.2,Consulta relacionada con la orientación y conducta sexual,Z,CIE-10 OPS,1
Z70.3,Consulta relacionada con preocupaciones combinadas,Z,CIE-10 OPS,1
Z70.8,Otras consultas sexuales específicas,Z,CIE-10 OPS,1
Z70.9,"Consulta sexual, no especificada",Z,CIE-10 OPS,1
Z71.0,Persona que consulta en nombre de otra persona,Z,CIE-10 OPS,1
Z71.1,"Persona que teme estar enferma, a quien no se hace",Z,CIE-10 OPS,1
Z71.2,Persona que consulta para la explicación de hallazgos de,Z,CIE-10 OPS,1
Z71.3,Consulta para instrucción y vigilancia de la dieta,Z,CIE-10 OPS,1
Z71.4,Consulta para asesoría y vigilancia por abuso de alcohol,Z,CIE-10 OPS,1
Z71.5,Consulta para asesoría y vigilancia por abuso de drogas,Z,CIE-10 OPS,1
Z71.6,Consulta para asesoría por abuso de tabaco,Z,CIE-10 OPS,1
Z71.7,Consulta para asesoría sobre el virus de la,Z,CIE-10 OPS,1
Z71.8,Otras consultas especificadas,Z,CIE-10 OPS,1
Z71.9,"Consulta, no especificada",Z,CIE-10 OPS,1
Z72.0,Problemas relacionados con el uso del tabaco,Z,CIE-10 OPS,1
Z72.1,Problemas relacionados con el uso del alcohol,Z,CIE-10 OPS,1
Z72.2,Problemas relacionados con el uso de drogas,Z,CIE-10 OPS,1
Z72.3,Problemas relacionados con la falta de ejercicio físico,Z,CIE-10 OPS,1
Z72.4,Problemas relacionados con la dieta y hábitos alimentarios,Z,CIE-10 OPS,1
Z72.5,Problemas relacionados con la conducta sexual de alto,Z,CIE-10 OPS,1
Z72.6,Problemas relacionados con el juego y las apuestas,Z,CIE-10 OPS,1
Z72.8,Otros problemas relacionados con el estilo de vida,Z,CIE-10 OPS,1
Z72.9,Problema no especificado relacionado con el estilo de vida,Z,CIE-10 OPS,1
Z73.0,Problemas relacionados con la enfermedad consuntiva,Z,CIE-10 OPS,1
Z73.1,Problemas relacionados con la acentuación de rasgos de la,Z,CIE-10 OPS,1
Z73.2,Problemas relacionados con la falta de relajación y,Z,CIE-10 OPS,1
Z73.3,"Problemas relacionados con el estrés, no clasificados en",Z,CIE-10 OPS,1
Z73.4,Problemas relacionados con habilidades sociales,Z,CIE-10 OPS,1
Z73.5,"Problemas relacionados con el conflicto del rol social, no",Z,CIE-10 OPS,1
Z73.6,Problemas relacionados con la limitación de las actividades,Z,CIE-10 OPS,1
Z73.8,Otros problemas relacionados con dificultades con el modo,Z,CIE-10 OPS,1
Z73.9,Problemas no especificados relacionados con dificultades,Z,CIE-10 OPS,1
Z74.0,Problemas relacionados con movilidad reducida,Z,CIE-10 OPS,1
Z74.1,Problemas relacionados con la necesidad de ayuda para el,Z,CIE-10 OPS,1
Z74.2,Problemas relacionados con la necesidad de asistencia,Z,CIE-10 OPS,1
Z74.3,Problemas relacionados con la necesidad de supervisión,Z,CIE-10 OPS,1
Z74.8,Otros problemas relacionados con dependencia del,Z,CIE-10 OPS,1
Z74.9,Problema no especificado relacionado con dependencia del,Z,CIE-10 OPS,1
Z75.0,Problemas relacionados con servicio médico no disponible,Z,CIE-10 OPS,1
Z75.1,Problemas relacionados con persona esperando admisión,Z,CIE-10 OPS,1
Z75.2,Problemas relacionados con persona en otro período de,Z,CIE-10 OPS,1
Z75.3,Problemas relacionados con atención de salud no,Z,CIE-10 OPS,1
Z75.4,Problemas relacionados con otros servicios asistenciales,Z,CIE-10 OPS,1
Z75.5,Problemas relacionados con la atención durante,Z,CIE-10 OPS,1
Z75.8,Otros problemas relacionados con servicios médicos y de,Z,CIE-10 OPS,1
Z75.9,Problema no especificado relacionado con servicios,Z,CIE-10 OPS,1
Z76.0,Consulta para repetición de receta,Z,CIE-10 OPS,1
Z76.1,Consulta para atención y supervisión de la salud del niño,Z,CIE-10 OPS,1
Z76.2,Consulta para atención y supervisión de la salud de otros,Z,CIE-10 OPS,1
Z76.3,Persona sana que acompaña al enfermo,Z,CIE-10 OPS,1
Z76.4,Otro huésped en servicios de salud,Z,CIE-10 OPS,1
Z76.5,Persona que consulta con simulación consciente,Z,CIE-10 OPS,1
Z76.8,Persona en contacto con los servicios de salud en otras,Z,CIE-10 OPS,1
Z76.9,Personas en contacto con los servicios de salud en,Z,CIE-10 OPS,1
Z80.0,Historia familiar de tumor maligno de órganos digestivos,Z,CIE-10 OPS,1
Z80.1,"Historia familiar de tumor maligno de tráquea, bronquios y",Z,CIE-10 OPS,1
Z80.2,Historia familiar de tumor maligno de otros órganos,Z,CIE-10 OPS,1
Z80.3,Historia familiar de tumor maligno de mama,Z,CIE-10 OPS,1
Z80.4,Historia familiar de tumor maligno de órganos genitales,Z,CIE-10 OPS,1
Z80.5,Historia familiar de tumor maligno de vías urinarias,Z,CIE-10 OPS,1
Z80.6,Historia familiar de leucemia,Z,CIE-10 OPS,1
Z80.7,Historia familiar de otros tumores malignos del tejido,Z,CIE-10 OPS,1
Z80.8,Historia familiar de tumor maligno de otros órganos o,Z,CIE-10 OPS,1
Z80.9,"Historia familiar de tumor maligno, de sitio no especificado",Z,CIE-10 OPS,1
Z81.0,Historia familiar de retardo mental,Z,CIE-10 OPS,1
Z81.1,Historia familiar de abuso de alcohol,Z,CIE-10 OPS,1
Z81.2,Historia familiar de abuso del tabaco,Z,CIE-10 OPS,1
Z81.3,Historia familiar de abuso de otras sustancias psicoactivas,Z,CIE-10 OPS,1
Z81.4,Historia familiar de abuso de otras sustancias,Z,CIE-10 OPS,1
Z81.8,Historia familiar de otros trastornos mentales y del,Z,CIE-10 OPS,1
Z82.0,Historia familiar de epilepsia y otras enfermedades del,Z,CIE-10 OPS,1
Z82.1,Historia familiar de ceguera o pérdida de la visión,Z,CIE-10 OPS,1
Z82.2,Historia familiar de sordera o pérdida de la audición,Z,CIE-10 OPS,1
Z82.3,Historia familiar de apoplejía,Z,CIE-10 OPS,1
Z82.4,Historia familiar de enfermedad isquémica del corazón y,Z,CIE-10 OPS,1
Z82.5,Historia familiar de asma y de otras enfermedades crónicas,Z,CIE-10 OPS,1
Z82.6,Historia familiar de artritis y otras enfermedades del,Z,CIE-10 OPS,1
Z82.7,"Historia familiar de malformaciones congénitas,",Z,CIE-10 OPS,1
Z82.8,Historia familiar de otras discapacidades y enfermedades,Z,CIE-10 OPS,1
Z83.0,Historia familiar de infección por el virus de la,Z,CIE-10 OPS,1
Z83.1,Historia familiar de otras enfermedades infecciosas y,Z,CIE-10 OPS,1
Z83.2,Historia familiar de enfermedades de la sangre y de los,Z,CIE-10 OPS,1
Z83.3,Historia familiar de diabetes mellitus,Z,CIE-10 OPS,1
Z83.4,"Historia familiar de otras enfermedades endocrinas,",Z,CIE-10 OPS,1
Z83.5,Historia familiar de trastornos de los ojos y de los oídos,Z,CIE-10 OPS,1
Z83.6,Historia familiar de enfermedades del sistema respiratorio,Z,CIE-10 OPS,1
Z83.7,Historia familiar de enfermedades del sistema digestivo,Z,CIE-10 OPS,1
Z84.0,Historia familiar de enfermedades de la piel y del tejido,Z,CIE-10 OPS,1
Z84.1,Historia familiar de trastornos del riñón y del uréter,Z,CIE-10 OPS,1
Z84.2,Historia familiar de otras enfermedades del sistema,Z,CIE-10 OPS,1
Z84.3,Historia familiar de consanguinidad,Z,CIE-10 OPS,1
Z84.8,Historia familiar de otras afecciones especificadas,Z,CIE-10 OPS,1
Z85.0,Historia personal de tumor maligno de órganos digestivos,Z,CIE-10 OPS,1
Z85.1,"Historia personal de tumor maligno de tráquea, bronquios y",Z,CIE-10 OPS,1
Z85.2,Historia personal de tumor maligno de otros órganos,Z,CIE-10 OPS,1
Z85.3,Historia personal de tumor maligno de mama,Z,CIE-10 OPS,1
Z85.4,Historia personal de tumor maligno de órganos genitales,Z,CIE-10 OPS,1
Z85.5,Historia personal de tumor maligno de vías urinarias,Z,CIE-10 OPS,1
Z85.6,Historia personal de leucemia,Z,CIE-10 OPS,1
Z85.7,Historia personal de otros tumores malignos del tejido,Z,CIE-10 OPS,1
Z85.8,Historia personal de tumor maligno de otros órganos y,Z,CIE-10 OPS,1
Z85.9,"Historia personal de tumor maligno, de sitio no",Z,CIE-10 OPS,1
Z86.0,Historia personal de otros tumores,Z,CIE-10 OPS,1
Z86.1,Historia personal de enfermedades infecciosas y,Z,CIE-10 OPS,1
Z86.2,Historia personal de enfermedades de la sangre y de los,Z,CIE-10 OPS,1
Z86.3,"Historia personal de enfermedades endocrinas,",Z,CIE-10 OPS,1
Z86.4,Historia personal de abuso de sustancias psicoactivas,Z,CIE-10 OPS,1
Z86.5,Historia personal de otros trastornos mentales o del,Z,CIE-10 OPS,1
Z86.6,Historia personal de enfermedades del sistema nervioso y,Z,CIE-10 OPS,1
Z86.7,Historia personal de enfermedades del sistema circulatorio,Z,CIE-10 OPS,1
Z87.0,Historia personal de enfermedades del sistema respiratorio,Z,CIE-10 OPS,1
Z87.1,Historia personal de enfermedades del sistema digestivo,Z,CIE-10 OPS,1
Z87.2,Historia personal de enfermedades de la piel y del tejido,Z,CIE-10 OPS,1
Z87.3,Historia personal de enfermedades del sistema,Z,CIE-10 OPS,1
Z87.4,Historia personal de enfermedades del sistema,Z,CIE-10 OPS,1
Z87.5,"Historia personal de complicaciones del embarazo, del",Z,CIE-10 OPS,1
Z87.6,Historia personal de ciertas afecciones originadas en el,Z,CIE-10 OPS,1
Z87.7,"Historia personal de malformaciones congénitas,",Z,CIE-10 OPS,1
Z87.8,Historia personal de otras afecciones especificadas,Z,CIE-10 OPS,1
Z88.0,Historia personal de alergia a penicilina,Z,CIE-10 OPS,1
Z88.1,Historia personal de alergia a otros agentes antibióticos,Z,CIE-10 OPS,1
Z88.2,Historia personal de alergia a sulfonamidas,Z,CIE-10 OPS,1
Z88.3,Historia personal de alergia a otros agentes antiinfecciosos,Z,CIE-10 OPS,1
Z88.4,Historia personal de alergia a agente anestésico,Z,CIE-10 OPS,1
Z88.5,Historia personal de alergia a agente narcótico,Z,CIE-10 OPS,1
Z88.6,Historia personal de alergia a agente analgésico,Z,CIE-10 OPS,1
Z88.7,Historia personal de alergia a suero o vacuna,Z,CIE-10 OPS,1
Z88.8,"Historia personal de alergia a otras drogas, medicamentos",Z,CIE-10 OPS,1
Z88.9,"Historia personal de alergia a drogas, medicamentos y",Z,CIE-10 OPS,1
Z89.0,"Ausencia adquirida de dedo(s), [incluido el pulgar],",Z,CIE-10 OPS,1
Z89.1,Ausencia adquirida de mano y muñeca,Z,CIE-10 OPS,1
Z89.2,Ausencia adquirida de miembro superior por arriba de la,Z,CIE-10 OPS,1
Z89.3,Ausencia adquirida de ambos miembros superiores,Z,CIE-10 OPS,1
Z89.4,Ausencia adquirida de pie y tobillo,Z,CIE-10 OPS,1
Z89.5,Ausencia adquirida de pierna a nivel de o debajo de la,Z,CIE-10 OPS,1
Z89.6,Ausencia adquirida de pierna por arriba de la rodilla,Z,CIE-10 OPS,1
Z89.7,Ausencia adquirida de ambos miembros inferiores,Z,CIE-10 OPS,1
Z89.8,Ausencia adquirida de miembros superiores e inferiores,Z,CIE-10 OPS,1
Z89.9,Ausencia adquirida de miembros no especificados,Z,CIE-10 OPS,1
Z90.0,Ausencia adquirida de parte de la cabeza y del cuello,Z,CIE-10 OPS,1
Z90.1,Ausencia adquirida de mama(s),Z,CIE-10 OPS,1
Z90.2,Ausencia adquirida (de parte) del pulmón,Z,CIE-10 OPS,1
Z90.3,Ausencia adquirida de parte del estómago,Z,CIE-10 OPS,1
Z90.4,Ausencia adquirida de otras partes del tubo digestivo,Z,CIE-10 OPS,1
Z90.5,Ausencia adquirida de riñón,Z,CIE-10 OPS,1
Z90.6,Ausencia adquirida de otras partes de las vías urinarias,Z,CIE-10 OPS,1
Z90.7,Ausencia adquirida de órgano(s) genital(es),Z,CIE-10 OPS,1
Z90.8,Ausencia adquirida de otros órganos,Z,CIE-10 OPS,1
Z91.0,"Historia personal de alergia, no debida a drogas ni a",Z,CIE-10 OPS,1
Z91.1,Historia personal de incumplimiento del régimen o,Z,CIE-10 OPS,1
Z91.2,Historia personal de higiene personal deficiente,Z,CIE-10 OPS,1
Z91.3,Historia personal de ciclo sueño–vigilia no saludable,Z,CIE-10 OPS,1
Z91.4,"Historia personal de trauma psicológico, no clasificado en",Z,CIE-10 OPS,1
Z91.5,Historia personal de lesión autoinfligida intencionalmente,Z,CIE-10 OPS,1
Z91.6,Historia personal de otro trauma físico,Z,CIE-10 OPS,1
Z91.8,"Historia personal de otros factores de riesgo, no",Z,CIE-10 OPS,1
Z92.0,Historia personal de anticoncepción,Z,CIE-10 OPS,1
Z92.1,Historia personal de uso (presente) de anticoagulantes por,Z,CIE-10 OPS,1
Z92.2,Historia personal de uso (presente) de otros medicamentos,Z,CIE-10 OPS,1
Z92.3,Historia personal de irradiación,Z,CIE-10 OPS,1
Z92.4,"Historia personal de cirugía mayor, no clasificada en otra",Z,CIE-10 OPS,1
Z92.5,Historia personal de medidas de rehabilitación,Z,CIE-10 OPS,1
Z92.6,Historia personal de quimioterapia para enfermedad,Z,CIE-10 OPS,1
Z92.8,Historia personal de otros tratamientos médicos,Z,CIE-10 OPS,1
Z92.9,Historia personal de tratamiento médico no especificado,Z,CIE-10 OPS,1
Z93.0,Traqueostomía,Z,CIE-10 OPS,1
Z93.1,Gastrostomía,Z,CIE-10 OPS,1
Z93.2,Ileostomía,Z,CIE-10 OPS,1
Z93.3,Colostomía,Z,CIE-10 OPS,1
Z93.4,Otros orificios artificiales del tubo gastrointestinal,Z,CIE-10 OPS,1
Z93.5,Cistostomía,Z,CIE-10 OPS,1
Z93.6,Otros orificios artificiales de las vías urinarias,Z,CIE-10 OPS,1
Z93.8,Otras aberturas artificiales,Z,CIE-10 OPS,1
Z93.9,"Abertura artificial, no especificada",Z,CIE-10 OPS,1
Z94.0,Trasplante de riñón,Z,CIE-10 OPS,1
Z94.1,Trasplante de corazón,Z,CIE-10 OPS,1
Z94.2,Trasplante de pulmón,Z,CIE-10 OPS,1
Z94.3,Trasplante de corazón y pulmones,Z,CIE-10 OPS,1
Z94.4,Trasplante de hígado,Z,CIE-10 OPS,1
Z94.5,Trasplante de piel,Z,CIE-10 OPS,1
Z94.6,Trasplante de hueso,Z,CIE-10 OPS,1
Z94.7,Trasplante de córnea,Z,CIE-10 OPS,1
Z94.8,Otros órganos y tejidos trasplantados,Z,CIE-10 OPS,1
Z94.9,Órgano o tejido trasplantado no especificado,Z,CIE-10 OPS,1
Z95.0,Presencia de marcapaso cardíaco,Z,CIE-10 OPS,1
Z95.1,Presencia de derivación aortocoronaria,Z,CIE-10 OPS,1
Z95.2,Presencia de válvula cardíaca protésica,Z,CIE-10 OPS,1
Z95.3,Presencia de válvula cardíaca xenogénica,Z,CIE-10 OPS,1
Z95.4,Presencia de otros reemplazos de válvula cardíaca,Z,CIE-10 OPS,1
Z95.5,"Presencia de angioplastia, injertos y prótesis coronarias",Z,CIE-10 OPS,1
Z95.8,Presencia de otros injertos y prótesis cardiovasculares,Z,CIE-10 OPS,1
Z95.9,Presencia de injertos e implantes cardiovasculares no,Z,CIE-10 OPS,1
Z96.0,Presencia de implante urogenital,Z,CIE-10 OPS,1
Z96.1,Presencia de lentes intraoculares,Z,CIE-10 OPS,1
Z96.2,Presencia de implantes óticos y auditivos,Z,CIE-10 OPS,1
Z96.3,Presencia de laringe artificial,Z,CIE-10 OPS,1
Z96.4,Presencia de implantes endocrinos,Z,CIE-10 OPS,1
Z96.5,Presencia de implantes de raíz de diente y de mandíbula,Z,CIE-10 OPS,1
Z96.6,Presencia de implante ortopédico articular,Z,CIE-10 OPS,1
Z96.7,Presencia de otros implantes de tendones y huesos,Z,CIE-10 OPS,1
Z96.8,Presencia de otros implantes funcionales especificados,Z,CIE-10 OPS,1
Z96.9,Presencia de implantes funcionales no especificados,Z,CIE-10 OPS,1
Z97.0,Presencia de ojo artificial,Z,CIE-10 OPS,1
Z97.1,Presencia de miembro artificial (completo) (parcial),Z,CIE-10 OPS,1
Z97.2,Presencia de dispositivo protésico dental (completo),Z,CIE-10 OPS,1
Z97.3,Presencia de anteojos y lentes de contacto,Z,CIE-10 OPS,1
Z97.4,Presencia de audífono externo,Z,CIE-10 OPS,1
Z97.5,Presencia de dispositivo anticonceptivo (intrauterino),Z,CIE-10 OPS,1
Z97.8,Presencia de otros dispositivos especificados,Z,CIE-10 OPS,1
Z98.0,Estado de derivación intestinal o anastomosis,Z,CIE-10 OPS,1
Z98.1,Estado de artrodesis,Z,CIE-10 OPS,1
Z98.2,Presencia de dispositivo para drenaje de líquido,Z,CIE-10 OPS,1
Z98.8,Otros estados postquirúrgicos especificados,Z,CIE-10 OPS,1
Z99.0,Dependencia de aspirador,Z,CIE-10 OPS,1
Z99.1,Dependencia de respirador,Z,CIE-10 OPS,1
Z99.2,Dependencia de diálisis renal,Z,CIE-10 OPS,1
Z99.3,Dependencia de silla de ruedas,Z,CIE-10 OPS,1
Z99.8,Dependencia de otras máquinas y dispositivos,Z,CIE-10 OPS,1
Z99.9,"Dependencia de máquina y dispositivo capacitante, no",Z,CIE-10 OPS,1
U04.9,"Síndrome respiratorio agudo grave [SRAG], no especificado",U,CIE-10 OPS,1
U80.0,Agente bacteriano resistente a penicilina,U,CIE-10 OPS,1
U80.1,Agente bacteriano resistente a meticilina,U,CIE-10 OPS,1
U80.8,Agente bacteriano resistente a otro antibiótico similar a la,U,CIE-10 OPS,1
U81.0,Agente bacteriano resistente a vancomicina,U,CIE-10 OPS,1
U81.8,Agente bacteriano resistente a otro antibiótico similar a la,U,CIE-10 OPS,1
U89.8,Agente bacteriano resistente a otro antibiótico único,U,CIE-10 OPS,1
U89.9,Agente bacteriano resistente a antibiótico no especificado,U,CIE-10 OPS,1
