id,description,category,standard,active
1.0,MATERIAL GASTABLE,Cirugía,PDSS 10.0,1
2.88.3.2.20,RESONANCIA NUCLEAR MAGNETICA DE COLUMNA TORACICA SIMPLE +,Atenciones de Alto Costo y de Máximo Nivel de Complejidad,PDSS 10.0,1
3.88.3.1.08,RESONANCIA NUCLEAR MAGNETICA DE PARES CRANEANOS,Hospitalización,PDSS 10.0,1
4.88.3.2.11,RESONANCIA NUCLEAR MAGNETICA DE COLUMNA CERVICAL CON CONTRASTE,Atenciones de Alto Costo y de Máximo Nivel de Complejidad,PDSS 10.0,1
5.88.1.4.34,ULTRASONOGRAFÍA OBSTETRICA CON PERFIL BIOFISICO +,Hospitalización,PDSS 10.0,1
6.88.3.4.01,RESONANCIA NUCLEAR MAGNETICA DE ABDOMEN +,Atenciones de Alto Costo y de Máximo Nivel de Complejidad,PDSS 10.0,1
7.88.3.3.04,"RESONANCIA NUCLEAR MAGNETICA DE TORAX PROYECCIONES PA Y LATERAL, CON FLUOROSCOPIA +",Hospitalización,PDSS 10.0,1
8.88.3.4.40,RESONANCIA NUCLEAR MAGNETICA DE PELVIS +,Atenciones de Alto Costo y de Máximo Nivel de Complejidad,PDSS 10.0,1
10.87.9.1.62,TOMOGRAFIA AXIAL COMPUTADA DE LARINGE,Hospitalización,PDSS 10.0,1
13.40.1.1.02,BIOPSIA DE GANGLIO LINFATICO PROFUNDO +,Hospitalización,PDSS 10.0,1
14.40.1.1.01,BIOPSIA DE GANGLIO LINFATICO SUPERFICIAL,Cirugía,PDSS 10.0,1
18.70.2.4.00,BIOPSIA DE VAGINA SOD,Hospitalización,PDSS 10.0,1
19.61.1.1.02,BIOPSIA DE TUNICA VAGINALIS,Cirugía,PDSS 10.0,1
23.63.0.3.00,BIOPSIA DE CONDUCTO DEFERENTE SOD,Hospitalización,PDSS 10.0,1
24.28.9.1.00,BIOPSIA DE AMIGADALAS Y/O VEGETACIONES ADENOIDES SOD §,Cirugía,PDSS 10.0,1
25.49.2.3.00,BIOPSIA DE ANO SOD,Hospitalización,PDSS 10.0,1
32.11.2.2.00,BIOPSIA DE CORNEA SOD,Atenciones de Alto Costo y de Máximo Nivel de Complejidad,PDSS 10.0,1
33.77.4.9.10,"BIOPSIA DE VERTEBRA, VIA ABIERTA",Hospitalización,PDSS 10.0,1
35.01.5.4.09,"RESECCION DE TUMOR DE LA BASE DEL CRANEO, FOSA POSTERIOR, VIA SUBOCCIPITAL RETROMASTOIDEA +",Cirugía,PDSS 10.0,1
36.01.7.0.03,"DRENAJE DE COLECCIONES INTRACEREBRALES, POR PUNCION DIRIGIDA",Cirugía,PDSS 10.0,1
37.01.7.4.01,"RESECCION DE TUMOR DE LINEA MEDIA SUPRATENTORIAL, POR CRANEOTOMIA +",Cirugía,PDSS 10.0,1
38.02.0.2.02,DESBRIDAMIENTO DE FRACTURA COMPUESTA (CONMINUTA) DE CRANEO,Cirugía,PDSS 10.0,1
39.03.3.1.00,PUNCION LUMBAR SOD +,Atenciones de Alto Costo y de Máximo Nivel de Complejidad,PDSS 10.0,1
40.03.5.2.02,CORRECCION DE ANOMALIA DE MEDULA ESPINAL EN UNION CRANEOCERVICAL POR CRANIECTOMIA SUBOCCIPITAL CON LAMINECTOMIA C1-C2 Y DUROPLASTIA,Cirugía,PDSS 10.0,1
57.06.2.2.00,HEMITIROIDECTOMIA SOD §,Cirugía,PDSS 10.0,1
58.06.3.1.00,RESECCION DE LESION EN TIROIDES,Cirugía,PDSS 10.0,1
59.06.4.1.00,TIROIDECTOMIA TOTAL SOD +,Cirugía,PDSS 10.0,1
60.06.9.3.00,SUTURA DE GLANDULA TIROIDES SOD,Cirugía,PDSS 10.0,1
63.08.3.3.00,CORRECCION DE PTOSIS PALPEBRAL POR RESECCION EXTERNA DEL ELEVADOR,Cirugía,PDSS 10.0,1
64.08.3.4.00,CORRECCION DE PTOSIS PALPEBRAL POR RESECCION DEL ELEVADOR VIA CONJUNTIVAL,Cirugía,PDSS 10.0,1
65.08.4.1.00,CORRECCION DE ENTROPION POR TECNICA DE SUTURA,Cirugía,PDSS 10.0,1
66.08.4.4.00,CORRECCION DE ECTROPION POR TECNICA DE SUTURA,Cirugía,PDSS 10.0,1
67.08.5.1.00,CANTOTOMIA SOD,Cirugía,PDSS 10.0,1
68.08.5.2.00,CANTORRAFIA SOD,Cirugía,PDSS 10.0,1
69.08.8.2.01,SUTURA SUPERFICIAL DE HERIDA UNICA DE PARPADO [BLEFARORRAFIA SIMPLE],Cirugía,PDSS 10.0,1
70.08.8.2.02,SUTURA SUPERFICIAL DE HERIDA MULTIPLE DE PARPADO [BLEFARO-RRAFIA SIMPLE],Cirugía,PDSS 10.0,1
71.09.4.2.00,SONDEO Y LAVADO DE VIAS LAGRIMALES SOD +,Cirugía,PDSS 10.0,1
73.10.3.1.03,RESECCION DE PTERIGION SIMPLE (NASAL O TEMPORAL) CON SUTURA +,Cirugía,PDSS 10.0,1
74.10.3.1.05,"RESECCION DE PTERIGION REPRODUCIDO (NASAL O TEMPORAL), CON PLASTIA LIBRE O CITOSTÁTICOS +",Cirugía,PDSS 10.0,1
75.11.6.3.00,"QUERATOPLASTIA PENETRANTE, COMBINADA CON CIRUGIA DE CATARATA, ANTIGLAUCOMATOSA O LENTE INTRAOCULAR [CIRUGIA TRIPLE] SOD",Cirugía,PDSS 10.0,1
76.11.7.3.00,IMPLANTE DE PROTESIS CORNEANA (QUERATOPROTESIS) SOD,Cirugía,PDSS 10.0,1
77.12.4.3.01,"ABLACION DE LESION DE CUERPO CILIAR POR CAUTERIZACION, CRIOTERAPIA O FOTOCOAGULACION (LASER) +",Cirugía,PDSS 10.0,1
78.12.4.4.01,RESECCION DE TUMOR DE CUERPO CILIAR,Cirugía,PDSS 10.0,1
79.12.5.1.00,GONIOTOMIA SOD §,Cirugía,PDSS 10.0,1
80.12.5.4.00,TRABECULOTOMIA SOD §,Cirugía,PDSS 10.0,1
81.12.6.4.00,TRABECULECTOMIA PRIMARIA SOD +,Cirugía,PDSS 10.0,1
82.12.6.4.01,TRABECULECTOMIA SECUNDARIA (CON CIRUGIA OCULAR PREVIA) +,Cirugía,PDSS 10.0,1
84.13.1.1.00,EXTRACCION INTRACAPSULAR DE CRISTALINO SOD +,Cirugía,PDSS 10.0,1
85.16.3.1.00,EVISCERACION DEL GLOBO OCULAR CON IMPLANTE SOD,Cirugía,PDSS 10.0,1
86.16.9.1.00,INYECCION RETROBULBAR DE AGENTE TERAPEUTICO SOD,Cirugía,PDSS 10.0,1
89.18.0.2.00,DRENAJE DE COLECCION DE CONDUCTO AUDITIVO EXTERNO SOD,Cirugía,PDSS 10.0,1
90.18.0.3.00,EXTRACCION DE CUERPO EXTRAÑO DE CONDUCTO AUDITIVO EXTERNO CON INCISION,Cirugía,PDSS 10.0,1
91.20.4.1.00,MASTOIDECTOMIA SIMPLE (ÁTICO ANTROMASTOIDECTOMIA) SOD §,Cirugía,PDSS 10.0,1
92.20.4.2.00,MASTOIDECTOMIA RADICAL SOD +,Cirugía,PDSS 10.0,1
93.20.7.5.00,LABERINTECTOMIA Y VESTIBULOTOMIA SOD +,Cirugía,PDSS 10.0,1
94.20.7.5.01,"LABERINTECTOMIA Y VESTIBULOTOMIA, VIA TRANSMASTOIDEA +",Cirugía,PDSS 10.0,1
95.21.0.1.00,CONTROL DE EPISTAXIS POR TAPONAMIENTO NASAL ANTERIOR O CAUTERIZACION DE MUCOSA NASAL,Cirugía,PDSS 10.0,1
96.21.0.2.00,CONTROL DE EPISTAXIS POR TAPONAMIENTO NASAL POSTERIOR Y ANTERIOR SOD,Cirugía,PDSS 10.0,1
97.21.1.2.01,EXTRACCION DE CUERPO EXTRAÑO DE NARIZ POR RINOTOMIA LATERAL,Cirugía,PDSS 10.0,1
98.21.3.0.01,RESECCION DE QUISTE DERMÓIDE,Cirugía,PDSS 10.0,1
101.21.8.8.02,SEPTOPLASTIA CON CIERRE DE PERFORACION SEPTAL +,Cirugía,PDSS 10.0,1
102.23.0.1.01,EXODONCIA DE DIENTE PERMANENTE UNIRRADICULAR +,Servicios Odontológicos,PDSS 10.0,1
103.23.0.1.02,EXODONCIA DE DIENTE PERMANENTE MULTIRRADICULAR +,Servicios Odontológicos,PDSS 10.0,1
104.23.0.2.01,EXODONCIA DE DIENTE TEMPORAL UNIRRADICULAR +,Servicios Odontológicos,PDSS 10.0,1
105.23.0.2.02,EXODONCIA DE DIENTE TEMPORAL MULTIRRADICULAR +,Servicios Odontológicos,PDSS 10.0,1
107.24.0.2.00,DETARTRAJE SUBGINGIVAL SOD +,Servicios Odontológicos,PDSS 10.0,1
108.24.2.2.01,CURETAJE A CAMPO ABIERTO +,Servicios Odontológicos,PDSS 10.0,1
109.27.4.9.01,REMOCION DE CUERPO EXTRAÑO EN TEJIDOS BLANDOS DE LA BOCA,Servicios Odontológicos,PDSS 10.0,1
110.27.5.3.04,"CIERRE DE FISTULA OROSINUSAL CON SINUSOTOMIA, CON O SIN REMOCION DE CUERPO EXTRAÑO O COLGAJO PALATINO, LINGUAL O BUCAL",Cirugía,PDSS 10.0,1
111.28.2.1.00,AMIGDALECTOMIA SOD,Cirugía,PDSS 10.0,1
112.28.3.1.00,ADENOAMIGDALECTOMIA SOD,Cirugía,PDSS 10.0,1
113.28.6.1.00,ADENOIDECTOMIA SOD,Cirugía,PDSS 10.0,1
114.29.0.1.00,DRENAJE DE BOLSA FARINGEA SOD,Cirugía,PDSS 10.0,1
115.29.0.3.01,"EXTRACCION DE CUERPO EXTRAÑO ENCLAVADO EN FARINGE, VIA EXTERNA +",Cirugía,PDSS 10.0,1
116.30.3.2.00,LARINGECTOMIA TOTAL (DISECCION EN BLOQUE DE LARINGE) SOD,Cirugía,PDSS 10.0,1
117.31.3.1.01,EXTRACCION DE CUERPO EXTRAÑO DE TRAQUEA VIA ABIERTA +,Cirugía,PDSS 10.0,1
118.33.9.4.00,EXTRACCION ENDOSCOPICA (RIGIDA O DE FIBRA OPTICA) DE CUERPO EXTRAÑO DE BRONQUIO O PULMON SOD,Cirugía,PDSS 10.0,1
119.31.6.1.00,SUTURA DE LACERACION DE LARINGE SOD,Cirugía,PDSS 10.0,1
120.31.9.1.00,DILATACION DE LA LARINGE SOD,Cirugía,PDSS 10.0,1
121.32.3.1.00,LOBECTOMIA SEGMENTARIA (LOBECTOMIA PARCIAL O RESECCION EN CUÑA) SOD,Cirugía,PDSS 10.0,1
122.33.0.1.01,"EXTRACCION DE CUERPO EXTRAÑO EN BRONQUIO O PULMON, VIA ABIERTA",Cirugía,PDSS 10.0,1
123.34.0.1.01,TORACENTESIS DE DRENAJE O DESCOMPRESIVA,Cirugía,PDSS 10.0,1
124.35.2.2.00,REEMPLAZO DE VALVULA MITRAL CON PROTESIS O BIOPROTESIS (AUTOLOGA O HETEROLOGA) SOD,Cirugía,PDSS 10.0,1
126.38.0.1.01,TROMBOEMBOLECTOMIA DE CEREBRAL MEDIA,Cirugía,PDSS 10.0,1
127.38.0.1.02,TROMBOEMBOLECTOMIA DE COMUNICANTE ANTERIOR,Cirugía,PDSS 10.0,1
128.58.9.1.20,INCISION Y DRENAJE DE COLECCIONES PERIURETRALES O URINOSOS +,Cirugía,PDSS 10.0,1
129.38.0.1.04,TROMBOEMBOLECTOMIA DE OFTALMICA,Cirugía,PDSS 10.0,1
130.38.0.1.10,"TROMBOLISIS DE VASOS INTRACRANEALES, VIA ENDOVASCULAR",Cirugía,PDSS 10.0,1
131.38.0.2.01,TROMBOEMBOLECTOMIA ARTERIAL DE ZONA I Y III DE CUELLO,Cirugía,PDSS 10.0,1
132.38.0.2.02,TROMBOEMBOLECTOMIA ARTERAL DE ZONA II DE CUELLO,Cirugía,PDSS 10.0,1
133.38.0.2.03,TROMBOEMBOLECTOMIA VENOSA DE ZONA I Y III DE CUELLO,Cirugía,PDSS 10.0,1
134.38.0.2.04,TROMBOEMBOLECTOMIA VENOSA DE ZONA II DE CUELLO,Cirugía,PDSS 10.0,1
135.38.0.3.02,TROMBOEMBOLECTOMIA ARTERIAL AXILAR,Cirugía,PDSS 10.0,1
136.38.0.3.03,TROMBOEMBOLECTOMIA ARTERIAL DE BRAZO O ANTEBRAZO,Cirugía,PDSS 10.0,1
137.38.0.3.05,TROMBOEMBOLECTOMIA VENOSA AXILAR,Cirugía,PDSS 10.0,1
138.38.0.3.06,TROMBOEMBOLECTOMIA VENOSA DE BRAZO O ANTEBRAZO,Cirugía,PDSS 10.0,1
139.38.0.5.00,TROMBOEMBOLECTOMIA EN VASOS ESPINALES SOD +,Cirugía,PDSS 10.0,1
140.38.0.6.01,TROMBOEMBOLECTOMIA DE ARTERIAS ABDOMINALES VIA ABIERTA +,Cirugía,PDSS 10.0,1
141.38.0.7.01,TROMBOEMBOLECTOMIA DE VENAS ABDOMINALES VIA ABIERTA,Cirugía,PDSS 10.0,1
142.38.0.8.01,TROMBOEMBOLECTOMIA SUPRAPATELAR DE ARTERIAS EN MIEMBROS INFERIORES,Cirugía,PDSS 10.0,1
143.38.0.8.02,TROMBOEMBOLECTOMIA INFRAPATELAR DE ARTERIAS EN MIEMBROS INFERIORES,Cirugía,PDSS 10.0,1
144.38.0.9.01,TROMBOEMBOLECTOMIA SUPRAPATELAR VENOSA PROFUNDA,Cirugía,PDSS 10.0,1
145.38.0.9.02,TROMBOEMBOLECTOMIA INFRAPATELAR VENOSA PROFUNDA,Cirugía,PDSS 10.0,1
146.38.0.9.03,TROMBOEMBOLECTOMIA VENOSA SUPERFICIAL EN MIEMBROS INFERIORES,Cirugía,PDSS 10.0,1
147.38.8.9.03,LIGADURA Y ESCISION DE SAFENA EXTERNA,Cirugía,PDSS 10.0,1
148.38.8.9.04,LIGADURA Y ESCISION DE SAFENA INTERNA,Cirugía,PDSS 10.0,1
149.38.9.2.00,CATETERISMO DE VENA UMBILICAL SOD,Cirugía,PDSS 10.0,1
150.39.5.2.02,REPARACION DE ANEURISMA POR ENVOLTURA (REFORZAMIENTO DE PARED),Cirugía,PDSS 10.0,1
151.39.5.3.01,"REPARACION DE FISTULA ARTERIOVENOSA POR LIGADURA, RESECCION O SUTURA",Cirugía,PDSS 10.0,1
153.40.4.3.02,"VACIAMIENTO LINFATICO RADICAL MODIFICADO DE CUELLO, BILATERAL",Cirugía,PDSS 10.0,1
154.40.4.3.01,"VACIAMIENTO LINFATICO RADICAL MODIFICADO DE CUELLO, UNILATERAL",Cirugía,PDSS 10.0,1
155.40.5.3.02,LINFADENECTOMIA RADICAL INGUINOFEMORAL O ILIACA BILATERAL,Cirugía,PDSS 10.0,1
156.41.3.1.01,BIOPSIA POR ASPIRACION DE MEDULA OSEA,Cirugía,PDSS 10.0,1
157.42.9.2.01,DILATACION ESOFAGICA CON BUJIAS DE MERCURIO,Cirugía,PDSS 10.0,1
158.43.6.1.00,GASTRODUODENOSTOMIA SOD,Cirugía,PDSS 10.0,1
159.43.9.1.00,GASTRECTOMIA TOTAL CON INTERPOSICION INTESTINAL SOD,Cirugía,PDSS 10.0,1
160.42.2.1.00,ESOFAGOSCOPIA OPERATORIA POR INCISION SOD,Cirugía,PDSS 10.0,1
161.46.0.1.02,YEYUNOSTOMIA,Cirugía,PDSS 10.0,1
162.47.1.1.00,APENDICECTOMIA SOD,Cirugía,PDSS 10.0,1
163.47.1.2.00,"APENDICECTOMIA POR PERFORACION, CON DRENAJE DE ABCESO, LIBERACION DE PLASTRÓN Y/O DRENAJE DE PERITONITIS LOCALIZADA SOD",Cirugía,PDSS 10.0,1
164.49.4.2.00,ESCLEROSIS DE HEMORROIDES,Cirugía,PDSS 10.0,1
165.49.4.5.00,LIGADURA DE HEMORROIDES SOD,Cirugía,PDSS 10.0,1
166.49.4.6.01,ESCISION DE HEMORROIDES INTERNAS,Cirugía,PDSS 10.0,1
167.49.4.6.02,ESCISION DE HEMORROIDES EXTERNAS,Cirugía,PDSS 10.0,1
168.49.4.7.00,EVACUACION DE HEMORROIDES TROMBOSADAS SOD,Cirugía,PDSS 10.0,1
169.49.7.5.08,CORRECCION DE ANO IMPERFORADO Y FISTULA RECTO-URETRAL,Cirugía,PDSS 10.0,1
170.51.0.5.00,DRENAJE DE QUISTE DEL COLEDOCO SOD,Cirugía,PDSS 10.0,1
171.51.2.1.01,COLECISTECTOMIA POR LAPAROTOMIA,Cirugía,PDSS 10.0,1
172.51.2.1.03,COLECISTECTOMIA CON EXPLORACIÓN DE VIAS BILIARES POR COLEDOCOTOMIA,Cirugía,PDSS 10.0,1
173.52.0.2.00,MARSUPIALIZACION DE QUISTE DEL PÁNCREAS SOD,Cirugía,PDSS 10.0,1
175.52.3.1.00,EXTRACCION DE CUERPO EXTRAÑO DE PANCREAS SOD,Cirugía,PDSS 10.0,1
176.52.9.5.02,SUTURA SIMPLE DE PANCREAS,Cirugía,PDSS 10.0,1
177.53.1.1.00,REPARACION BILATERAL DE HERNIA INGUINAL DIRECTA SOD,Cirugía,PDSS 10.0,1
178.53.0.2.00,HERNIORRAFIA INGUINAL INDIRECTA SOD,Cirugía,PDSS 10.0,1
179.53.4.2.00,HERNIORRAFIA UMBILICAL CON PROTESIS SOD,Cirugía,PDSS 10.0,1
180.53.5.1.00,REPARACION DE HERNIA INCISIONAL (EVENTRACION) SOD,Cirugía,PDSS 10.0,1
181.54.1.0.00,LAPAROTOMIA DE PRECISION SOD +,Cirugía,PDSS 10.0,1
182.54.9.0.03,COLOCACION DE CATETERES PARA DERIVACION VENTRICULOPERITONEAL Y PERITONEOVENTRICULAR,Cirugía,PDSS 10.0,1
184.55.1.1.20,EXTRACCION DE CUERPO EXTRAÑO Y/O CALCULO POR PIELOTOMIA,Cirugía,PDSS 10.0,1
185.55.4.1.01,HEMINEFRECTOMIA POR VIA ABIERTA,Cirugía,PDSS 10.0,1
186.55.5.6.00,NEFRECTOMIA SIMPLE UNILATERAL TOTAL,Cirugía,PDSS 10.0,1
189.55.7.0.00,NEFROPEXIA SOD,Cirugía,PDSS 10.0,1
190.55.8.6.20,ANASTOMOSIS PIELO-URETERO-VESICAL,Cirugía,PDSS 10.0,1
191.55.8.7.01,PIELOPLASTIA VIA ABIERTA,Cirugía,PDSS 10.0,1
192.55.9.2.20,DRENAJE PERCUTANEO DE COLECCION O QUISTE RENAL +,Cirugía,PDSS 10.0,1
194.56.6.0.00,URETEROSTOMIA CUTÁNEA SOD,Cirugía,PDSS 10.0,1
195.57.3.2.01,CISTOSCOPIA TRANSURETRAL,Cirugía,PDSS 10.0,1
196.57.6.0.00,"CISTECTOMIA PARCIAL, VIA ABIERTA SOD +",Cirugía,PDSS 10.0,1
197.57.7.0.05,CISTECTOMIA TOTAL CON URETRECTOMIA,Cirugía,PDSS 10.0,1
198.57.7.1.30,"ESCISION O REMOCION DE VEJIGA, PROSTATA, VESICULAS SEMINALES Y TEJIDO GRASO (CISTOPROSTATECTOMIA)",Cirugía,PDSS 10.0,1
199.57.8.1.00,SUTURA DE LACERACION O DESGARRO VESICAL (CISTORRAFIA) SOD,Cirugía,PDSS 10.0,1
200.57.8.3.01,FISTULECTOMIA RECTO-VESICAL O RECTO-VESICO-VAGINAL,Cirugía,PDSS 10.0,1
201.57.8.3.02,FISTULECTOMIA VESICO-SIGMOIDO-VAGINAL,Cirugía,PDSS 10.0,1
202.57.8.4.01,FISTULECTOMIA CERVICO-VESICAL,Cirugía,PDSS 10.0,1
203.57.8.4.02,FISTULECTOMIA VÉSICO-VAGINAL,Cirugía,PDSS 10.0,1
204.57.8.4.03,FISTULECTOMIA UTERO-VESICAL (VESICOUTERINA),Cirugía,PDSS 10.0,1
205.57.8.4.50,FISTULECTOMIA URETRO-PERINEO-VESICAL,Cirugía,PDSS 10.0,1
206.57.8.5.00,CISTOURETROPLASTIA Y PLASTIA DE CUELLO VESICAL SOD §,Cirugía,PDSS 10.0,1
207.57.8.6.00,REPARACION DE EXTROFIA VESICAL SOD,Cirugía,PDSS 10.0,1
208.57.9.9.50,PROCEDIMIENTO ANTIINCONTINENCIA URINARIA MASCULINA,Cirugía,PDSS 10.0,1
209.58.0.0.50,URETROTOMIA INTERNA ENDOSCOPICA,Cirugía,PDSS 10.0,1
210.58.2.1.00,URETROSCOPIA PERINEAL SOD,Cirugía,PDSS 10.0,1
211.57.6.0.61,RESECCION TRANSURETRAL [ENDOSCOPICA] DE CUELLO VESICAL +,Cirugía,PDSS 10.0,1
212.58.3.2.30,"URETRECTOMIA SIMPLE, VIA ABIERTA",Cirugía,PDSS 10.0,1
213.58.3.2.40,"URETRECTOMIA RADICAL, VIA ABIERTA",Cirugía,PDSS 10.0,1
214.58.4.1.01,URETRORRAFIA FEMENINA,Cirugía,PDSS 10.0,1
215.58.4.1.02,URETRORRAFIA PENEANA,Cirugía,PDSS 10.0,1
216.58.4.3.01,CIERRE DE FISTULA URETRORRECTAL,Cirugía,PDSS 10.0,1
217.58.4.5.00,REPARACION DE EPISPADIAS O HIPOSPADIAS SOD +,Cirugía,PDSS 10.0,1
218.58.4.5.30,"MAGPI: MEATOPLASTIA, GLANDULOPLASTIA, AVANZAMIENTO §",Cirugía,PDSS 10.0,1
219.58.4.7.00,MEATOPLASTIA URETRAL SOD,Cirugía,PDSS 10.0,1
220.58.7.0.10,URETROLITOTOMIA ENDOSCOPICA,Cirugía,PDSS 10.0,1
222.59.0.2.00,URETEROLISIS CON LIBERACION O REPOSICIONAMIENTO DE URETER SOD +,Cirugía,PDSS 10.0,1
223.59.0.5.00,DRENAJE PERCUTANEO DE COLECCION EN AREA PERIRRENAL SOD +,Cirugía,PDSS 10.0,1
224.59.7.9.90,REPARACION DE INCONTINENCIA URINARIA DE ESFUERZO NCOC,Cirugía,PDSS 10.0,1
226.60.9.5.00,DILATACION TRANSURETRAL CON BALON DE URETRA PROSTATICA SOD,Cirugía,PDSS 10.0,1
227.61.0.1.01,INCISION Y DRENAJE DE ESCROTO Y TUNICA VAGINALIS +,Cirugía,PDSS 10.0,1
228.62.0.1.00,DRENAJE POR INCISION EN TESTICULO SOD,Cirugía,PDSS 10.0,1
229.62.3.0.00,ORQUIECTOMIA (TESTICULO) SOD +,Cirugía,PDSS 10.0,1
231.62.3.0.01,ORQUIECTOMIA CON EPIDIDIDECTOMIA (RADICAL) +,Cirugía,PDSS 10.0,1
232.63.5.2.00,REDUCCION DE TORSION TESTICULAR O CORDON ESPERMATICO SOD,Cirugía,PDSS 10.0,1
233.63.7.3.00,VASECTOMIA SOD,Cirugía,PDSS 10.0,1
234.63.9.2.00,INCISION (EPIDIDIMOTOMIA)Y DRENAJE DEL EPIDIDIMO SOD,Cirugía,PDSS 10.0,1
235.64.0.0.00,CIRCUNCISIÓN SOD +,Cirugía,PDSS 10.0,1
237.64.2.1.00,FULGURACION O RESECCION DE LESION EN PENE SOD +,Cirugía,PDSS 10.0,1
238.64.3.1.00,AMPUTACION PARCIAL DEL PENE O PENECTOMIA PARCIAL SOD,Cirugía,PDSS 10.0,1
239.64.3.2.00,AMPUTACION TOTAL DEL PENE O PENECTOMIA TOTAL SOD,Cirugía,PDSS 10.0,1
240.64.4.9.20,PLASTIA DE FRENILLO PENEAL,Cirugía,PDSS 10.0,1
241.64.9.1.00,CORTE DORSAL O LATERAL EN PREPUCIO SOD +,Cirugía,PDSS 10.0,1
242.64.9.8.03,"IRRIGACION, PUNCION O DRENAJE DE CUERPO CAVERNOSO",Cirugía,PDSS 10.0,1
243.64.9.8.05,INCISION Y DRENAJE DE FLEGMON PENEANO,Cirugía,PDSS 10.0,1
244.65.2.1.01,CISTECTOMIA DE OVARIO POR LAPAROTOMIA +,Cirugía,PDSS 10.0,1
245.65.9.3.00,ESCISION DE EMBARAZO ECTOPICO OVARICO SIN OOFORECTOMIA SOD,Cirugía,PDSS 10.0,1
246.66.3.1.00,SECCION Y/O LIGADURA DE TROMPAS DE FALOPIO [CIRUGIA DE POMEROY] POR MINILAPAROTOMIA SOD +,Cirugía,PDSS 10.0,1
247.66.7.2.00,SALPINGOOFOROTOMIA SOD,Cirugía,PDSS 10.0,1
248.66.7.4.00,SALPINGOHISTEROTOMIA (SALPINGO-UTEROSTOMIA) SOD +,Cirugía,PDSS 10.0,1
249.67.3.3.10,CRIOCAUTERIZACION DE CUELLO UTERINO (CERVIX),Cirugía,PDSS 10.0,1
250.67.2.0.01,CONIZACION NCOC +,Cirugía,PDSS 10.0,1
251.67.5.1.00,CERCLAJE DE ISTMO UTERINO SOD,Cirugía,PDSS 10.0,1
252.69.0.1.01,LEGRADO UTERINO GINECOLOGICO DIAGNOSTICO +,Cirugía,PDSS 10.0,1
253.70.1.4.20,DRENAJE DE COLECCION DE FONDO DE SACO (CUPULA VAGINAL) +,Cirugía,PDSS 10.0,1
254.70.5.1.10,COLPORRAFIA ANTERIOR CON PLASTIA O REPARACION DE URETROCELE,Cirugía,PDSS 10.0,1
255.70.5.2.10,COLPORRAFIA POSTERIOR,Cirugía,PDSS 10.0,1
256.70.5.3.01,COLPORRAFIA ANTERIOR Y POSTERIOR,Cirugía,PDSS 10.0,1
257.70.5.3.02,COLPORRAFIA ANTERIOR Y POSTERIOR CON REPARACION DE ENTEROCELE,Cirugía,PDSS 10.0,1
258.70.7.3.00,CORRECCION DE FISTULA RECTO-VAGINAL Y/O PERINEAL SOD +,Cirugía,PDSS 10.0,1
260.70.7.5.10,CIERRE DE FISTULA URETROVAGINAL O VESICO VAGINAL SOD,Cirugía,PDSS 10.0,1
261.71.0.9.21,INCISION Y DRENAJE DE COLECCION DE VULVA O DE GLANDULA DE SKENE,Cirugía,PDSS 10.0,1
262.71.2.1.00,ASPIRACION CON AGUJA DE LAS GLANDULAS DE BARTHOLIN (QUISTE) SOD,Cirugía,PDSS 10.0,1
263.71.2.2.00,INCISION Y DRENAJE DE LA GLANDULA DE BARTHOLIN (QUISTE) SOD,Cirugía,PDSS 10.0,1
264.71.3.4.00,RESECCION DE ENDOMETRIOMA PERINEAL SOD,Cirugía,PDSS 10.0,1
265.71.3.5.00,RESECCION GRANULOMA VULVO-PERINEAL SOD,Cirugía,PDSS 10.0,1
266.73.5.9.10,ASISTENCIA DEL PARTO ESPONTANEO NORMAL (EXPULSIVO),Cirugía,PDSS 10.0,1
267.74.0.1.00,CESAREA SEGMENTARIA TRANSPERITONEAL SOD +,Partos,PDSS 10.0,1
268.74.0.2.00,CESAREA CORPORAL SOD +,Cirugía,PDSS 10.0,1
269.75.0.1.01,LEGRADO UTERINO OBSTETRICO POSTPARTO O POSTABORTO POR DILATACION Y CURETAJE +,Cirugía,PDSS 10.0,1
270.75.9.1.01,DRENAJE DE COLECCION OBSTETRICA (DE EPISIOTOMIA O EPISIO-RRAFIA) EN PERINE POR INCISION,Cirugía,PDSS 10.0,1
274.76.1.2.01,ARTROCENTESIS DIAGNOSTICA DE ARTICULACION TEMPOROMANDIBULAR,Cirugía,PDSS 10.0,1
275.76.7.6.01,"REDUCCION ABIERTA DE FRACTURA DE CONDILO, CON FIJACION INTERNA [DISPOSITIVOS DE FIJACION U OSTEOSINTESIS] +",Atenciones de Alto Costo y de Máximo Nivel de Complejidad,PDSS 10.0,1
276.76.8.3.01,REDUCCION CERRADA DE LUXACION ARTICULACION TEMPORO MANDIBULAR,Cirugía,PDSS 10.0,1
277.76.8.6.00,INYECCION DE SUSTANCIA TERAPEUTICA EN ARTICULACION TEMPOROMANDIBULAR SOD,Cirugía,PDSS 10.0,1
278.77.6.5.03,ESCISION TUMOR MALIGNO EN FEMUR,Cirugía,PDSS 10.0,1
279.77.8.3.06,RESECCION DE CABEZA DE RADIO,Cirugía,PDSS 10.0,1
280.78.6.4.01,EXTRACCION DE DISPOSITIVO IMPLANTADO EN CARPIANOS O METACARPIANOS (UNO O MAS) +,Atenciones de Alto Costo y de Máximo Nivel de Complejidad,PDSS 10.0,1
281.78.6.9.20,EXTRACCION DE DISPOSITIVO IMPLANTADO EN HUESOS PELVIANOS +,Cirugía,PDSS 10.0,1
282.78.6.9.01,EXTRACCION DE DISPOSITIVO IMPLANTADO EN FALANGES (UNO O MAS) DE MANO +,Atenciones de Alto Costo y de Máximo Nivel de Complejidad,PDSS 10.0,1
283.78.6.3.01,EXTRACCION DE DISPOSITIVO IMPLANTADO EN RADIO O CUBITO +,Cirugía,PDSS 10.0,1
284.78.6.6.01,EXTRACCION DE DISPOSITIVO IMPLANTADO EN ROTULA +,Atenciones de Alto Costo y de Máximo Nivel de Complejidad,PDSS 10.0,1
285.78.6.9.35,"EXTRACCION DE DISPOSITIVO IMPLANTADO EN COLUMNA VERTEBRAL, VIA POSTERIOR+",Cirugía,PDSS 10.0,1
286.78.6.0.01,EXTRACCION DE DISPOSITIVO IMPLANTADO EN HUESO NO ESPECIFICADO +,Atenciones de Alto Costo y de Máximo Nivel de Complejidad,PDSS 10.0,1
287.78.6.8.01,EXTRACCION DE DISPOSITIVO IMPLANTADO EN TARSIANOS O METATARSIANOS (UNO O MAS) +,Cirugía,PDSS 10.0,1
288.80.0.2.01,EXTRACCION DE DISPOSITIVO IMPLANTADO EN CODO POR ARTROTOMIA +,Atenciones de Alto Costo y de Máximo Nivel de Complejidad,PDSS 10.0,1
289.78.6.7.01,EXTRACCION DE DISPOSITIVO IMPLANTADO EN TIBIA O PERONE +,Cirugía,PDSS 10.0,1
290.78.6.5.01,EXTRACCION DE DISPOSITIVO IMPLANTADO EN FEMUR +,Atenciones de Alto Costo y de Máximo Nivel de Complejidad,PDSS 10.0,1
291.78.6.9.10,EXTRACCION DE DISPOSITIVO IMPLANTADO EN FALANGES (UNO O MAS) DE PIE +,Cirugía,PDSS 10.0,1
292.78.6.2.01,EXTRACCION DE DISPOSITIVO IMPLANTADO EN HUMERO +,Atenciones de Alto Costo y de Máximo Nivel de Complejidad,PDSS 10.0,1
293.78.6.1.01,"EXTRACCION DE DISPOSITIVO IMPLANTADO EN ESCAPULA, CLAVICULA O TORAX [COSTILLAS Y ESTERNON] +",Cirugía,PDSS 10.0,1
294.78.6.9.30,"EXTRACCION DE DISPOSITIVO IMPLANTADO EN COLUMNA VERTEBRAL, VIA ANTERIOR+",Atenciones de Alto Costo y de Máximo Nivel de Complejidad,PDSS 10.0,1
295.79.0.4.02,REDUCCION CERRADA DE FRACTURA SIN FIJACION DE FRACTURA DE METACARPIANOS (UNO O MAS) +,Cirugía,PDSS 10.0,1
296.79.0.7.02,REDUCCION CERRADA DE FRACTURA SIN FIJACION INTERNA DE FRACTURA DE TIBIA Y PERONE,Atenciones de Alto Costo y de Máximo Nivel de Complejidad,PDSS 10.0,1
297.79.0.9.32,REDUCCION CERRADA DE FRACTURA COLUMNA VERTEBRAL [DORSAL O LUMBAR] E INMOVILIZACION,Cirugía,PDSS 10.0,1
298.79.0.9.02,REDUCCION CERRADA DE FRACTURA SIN FIJACION INTERNA DE FALANGES DE PIE (UNA O MAS),Atenciones de Alto Costo y de Máximo Nivel de Complejidad,PDSS 10.0,1
299.79.1.1.00,"REDUCCION CERRADA DE FRACTURA CON FIJACION INTERNA DE ESCAPULA, CLAVICULA O TORAX (COSTILLAS Y ESTERNON) SOD +",Cirugía,PDSS 10.0,1
300.79.1.2.01,REDUCCION CERRADA DE FRACTURA CON FIJACION INTERNA DE HUMERO EPIFISIS O DIAFISIS PERCUTANEA CON PINES,Atenciones de Alto Costo y de Máximo Nivel de Complejidad,PDSS 10.0,1
301.79.1.5.01,REDUCCION CERRADA CON FIJACION INTERNA DE CUELLO DE FEMUR O INTERTROCANTÉRICA,Cirugía,PDSS 10.0,1
302.79.1.8.01,REDUCCION CERRADA CON FIJACION PERCUTANEA FRACTURA ASTRÁGALO O CALCANEO,Atenciones de Alto Costo y de Máximo Nivel de Complejidad,PDSS 10.0,1
304.79.2.1.02,REDUCCION ABIERTA SIN FIJACION INTERNA DE FRACTURA DE ESCAPULA O CLAVICULA,Cirugía,PDSS 10.0,1
305.79.2.1.01,REDUCCION ABIERTA SIN FIJACION INTERNA DE FRACTURA DE UNA O MAS COSTILLAS,Atenciones de Alto Costo y de Máximo Nivel de Complejidad,PDSS 10.0,1
306.79.2.7.01,REDUCCION ABIERTA SIN FIJACION INTERNA DE FRACTURA DE TIBIA O PERONE,Cirugía,PDSS 10.0,1
307.79.2.9.02,REDUCCION ABIERTA DE FRACTURA SIN FIJACION INTERNA DE FALANGES DE PIE,Atenciones de Alto Costo y de Máximo Nivel de Complejidad,PDSS 10.0,1
308.79.3.2.10,REDUCCION ABIERTA DE FRACTURA EN DIAFISIS DE HUMERO CON FIJACION INTERNA [DISPOSITIVOS DE FIJACION U OSTEOSINTESIS],Cirugía,PDSS 10.0,1
309.79.3.3.02,REDUCCION ABIERTA DE FRACTURA EN SEGMENTO PROXIMAL DE CUBITO O DE OLECRANON CON FIJACION INTERNA [DISPOSITIVOS DE FIJACION U OSTEOSINTESIS],Atenciones de Alto Costo y de Máximo Nivel de Complejidad,PDSS 10.0,1
310.79.3.3.04,REDUCCION ABIERTA DE FRACTURA EN SEGMENTO PROXIMAL DE RADIO (CUPULA RADIAL) CON FIJACION INTERNA [DISPOSITIVOS DE FIJACION U OSTEOSINTESIS],Cirugía,PDSS 10.0,1
311.79.3.3.07,REDUCCION ABIERTA DE FRACTURA EN DIÁFISIS DE CUBITO Y RADIO CON FIJACION INTERNA [DISPOSITIVOS DE FIJACION U OSTEOSINTESIS],Atenciones de Alto Costo y de Máximo Nivel de Complejidad,PDSS 10.0,1
312.79.3.4.01,REDUCCION ABIERTA DE FRACTURA DE HUESOS DE CARPO (UNA O MAS) CON FIJACION INTERNA [DISPOSITIVOS DE FIJACION U OSTEOSINTESIS] +,Cirugía,PDSS 10.0,1
313.79.3.4.02,REDUCCION ABIERTA DE FRACTURA DE METACARPIANOS (UNA O MAS) CON FIJACION INTERNA [DISPOSITIVOS DE FIJACION U OSTEOSINTESIS],Atenciones de Alto Costo y de Máximo Nivel de Complejidad,PDSS 10.0,1
314.79.3.5.01,"REDUCCION ABIERTA DE FRACTURA EN FEMUR (CUELLO, INTERTROCANTERICA, SUPRACONDILEA) CON FIJACION INTERNA [DISPOSITIVOS DE FIJACION U OSTEOSINTESIS]",Cirugía,PDSS 10.0,1
315.79.3.7.02,REDUCCION ABIERTA DE FRACTURA EN TIBIA CON FIJACION INTERNA DISPOSITIVOS DE FIJACION U OSTEOSINTESIS,Atenciones de Alto Costo y de Máximo Nivel de Complejidad,PDSS 10.0,1
316.79.3.9.01,REDUCCION ABIERTA DE FRACTURA EN FALANGES DE MANO (UNA O MAS) CON FIJACION INTERNA,Cirugía,PDSS 10.0,1
317.79.3.9.02,REDUCCION ABIERTA DE FRACTURA EN FALANGES DE PIE (UNA O MAS) CON FIJACION INTERNA,Atenciones de Alto Costo y de Máximo Nivel de Complejidad,PDSS 10.0,1
318.79.3.9.20,"REDUCCION ABIERTA DE FRACTURA EN PELVIS [ACETABULO, REBORDE ANTERIOR O POSTERIOR] CON FIJACION INTERNA (DISPOSITIVOS DE FIJACION U OSTEOSINTESIS)",Cirugía,PDSS 10.0,1
319.79.4.1.01,REDUCCION CERRADA DE EPIFISIS SEPARADA EN HUMERO SIN FIJACION,Atenciones de Alto Costo y de Máximo Nivel de Complejidad,PDSS 10.0,1
320.79.5.1.01,REDUCCION ABIERTA SIN FIJACION INTERNA DE EPÍFISIS SEPARADA DE HUMERO +,Cirugía,PDSS 10.0,1
321.79.6.4.00,LAVADO Y DESBRIDAMIENTO DE FRACTURAS EXPUESTAS DE FALANGES EN MANO SOD+,Atenciones de Alto Costo y de Máximo Nivel de Complejidad,PDSS 10.0,1
322.79.6.9.03,LAVADO Y DESBRIDAMIENTO DE FRACTURA EXPUESTA DE PELVIS,Cirugía,PDSS 10.0,1
323.79.7.1.00,REDUCCION CERRADA DE LUXACION EN HOMBRO SOD +,Atenciones de Alto Costo y de Máximo Nivel de Complejidad,PDSS 10.0,1
324.79.7.2.00,REDUCCION CERRADA DE LUXACION EN CODO SOD +,Cirugía,PDSS 10.0,1
325.79.7.3.00,REDUCCION CERRADA DE LUXACION EN MUÑECA SOD +,Atenciones de Alto Costo y de Máximo Nivel de Complejidad,PDSS 10.0,1
326.79.7.4.04,REDUCCION CERRADA DE LUXACION INTERFALANGICA (UNA O MAS),Cirugía,PDSS 10.0,1
327.79.7.6.01,REDUCCION CERRADA DE LUXACION TRAUMATICA DE RODILLA NCOC +,Atenciones de Alto Costo y de Máximo Nivel de Complejidad,PDSS 10.0,1
328.79.7.6.02,REDUCCION CERRADA DE LUXACION TIBIOPERONERA PROXIMAL,Cirugía,PDSS 10.0,1
329.79.7.7.01,REDUCCION CERRADA DE LUXACION TRAUMATICA TOBILLO,Atenciones de Alto Costo y de Máximo Nivel de Complejidad,PDSS 10.0,1
330.79.7.8.01,REDUCCION CERRADA DE LUXACION TARSO-METARSIANOS,Cirugía,PDSS 10.0,1
331.79.7.8.03,REDUCCION CERRADA DE LUXACIONES METATARSO-FALANGICAS O INTERFALANGICAS EN PIE,Atenciones de Alto Costo y de Máximo Nivel de Complejidad,PDSS 10.0,1
332.79.7.9.02,REDUCCION CERRADA DE LUXACION DE SACRO Y COCCIX,Cirugía,PDSS 10.0,1
333.79.8.7.01,REDUCCION ABIERTA DE LUXACION DE TOBILLO (TIBIOASTRAGALINA),Atenciones de Alto Costo y de Máximo Nivel de Complejidad,PDSS 10.0,1
334.79.9.2.03,REDUCCION ABIERTA FRACTURA CODO SIN FIJACION INTERNA [DISPOSITIVOS DE FIJACION U OSTEOSINTESIS],Cirugía,PDSS 10.0,1
336.79.9.7.02,REDUCCION CERRADA DE LUXOFRACTURA DE CUELLO DE PIE O TOBILLO,Atenciones de Alto Costo y de Máximo Nivel de Complejidad,PDSS 10.0,1
337.79.9.8.01,REDUCCION ABIERTA DE LUXOFRACTURA SIN FIJACION DE HUESOS DEL TARSO O METATARSO (UNO O MAS) +,Cirugía,PDSS 10.0,1
338.79.9.8.02,REDUCCION ABIERTA DE LUXOFRACTURA CON FIJACION DE HUESOS DEL TARSO O METATARSO (UNO O MAS) +,Atenciones de Alto Costo y de Máximo Nivel de Complejidad,PDSS 10.0,1
339.80.4.6.00,"DIVISION DE CAPSULA, LIGAMENTO O CARTÍLAGO ARTICULAR DE RODILLA SOD",Cirugía,PDSS 10.0,1
340.80.4.7.01,"DIVISION DE CAPSULA, LIGAMENTO O CARTÍLAGO ARTICULAR DE TOBILLO POR ARTROSCOPIA",Atenciones de Alto Costo y de Máximo Nivel de Complejidad,PDSS 10.0,1
341.80.5.1.01,ESCISION DE DISCO INTERVERTEBRAL EN SEGMENTO CERVICAL VIA ANTERIOR,Cirugía,PDSS 10.0,1
342.80.5.1.02,ESCISION DE DISCO INTERVERTEBRAL EN SEGMENTO CERVICAL VIA POSTERIOR,Atenciones de Alto Costo y de Máximo Nivel de Complejidad,PDSS 10.0,1
343.80.5.1.21,ESCISION DE DISCO INTERVERTEBRAL EN SEGMENTO TORACICO VIA ANTERIOR,Cirugía,PDSS 10.0,1
344.80.5.1.22,ESCISION DE DISCO INTERVERTEBRAL EN SEGMENTO TORACICO VIA POSTERIOR,Atenciones de Alto Costo y de Máximo Nivel de Complejidad,PDSS 10.0,1
345.80.5.1.31,ESCISION DE DISCO INTERVERTEBRAL EN SEGMENTO LUMBAR VIA ANTERIOR,Cirugía,PDSS 10.0,1
346.80.5.1.32,ESCISION DE DISCO INTERVERTEBRAL EN SEGMENTO LUMBAR VIA POSTERIOR,Atenciones de Alto Costo y de Máximo Nivel de Complejidad,PDSS 10.0,1
347.80.5.1.34,DISCECTOMIA LUMBAR VIA POSTEROLATERAL CON O SIN FACECTOMIA EN DESCOMPRESION,Cirugía,PDSS 10.0,1
348.80.8.0.31,"DESBRIDAMIENTO, LAVADO Y LIMPIEZA DE ARTICULACION DE MUÑECA O PUÑO VIA ABIERTA",Cirugía,PDSS 10.0,1
349.80.8.0.32,"DESBRIDAMIENTO, LAVADO Y LIMPIEZA DE ARTICULACION DE MUÑECA POR ARTROSCOPIA",Atenciones de Alto Costo y de Máximo Nivel de Complejidad,PDSS 10.0,1
350.80.8.0.51,"DESBRIDAMIENTO, LAVADO Y LIMPIEZA DE ARTICULACION DE CADERA VIA ABIERTA",Cirugía,PDSS 10.0,1
351.81.0.2.02,"ARTRODESIS DE NIVEL C2 O POR DEBAJO, TECNICA ANTERIOR (INTERSOMATICA) O ANTEROLATERAL CON INSTRUMENTACION",Atenciones de Alto Costo y de Máximo Nivel de Complejidad,PDSS 10.0,1
352.81.0.3.02,"ARTRODESIS DE NIVEL C2 O POR DEBAJO, TECNICA POSTERIOR O POSTEROLATERAL CON INSTRUMENTACION SIMPLE",Cirugía,PDSS 10.0,1
353.81.0.4.02,ARTRODESIS DE LA REGION TORACICA O TORACOLUMBAR TECNICA ANTERIOR O ANTEROLATERAL INTERSOMATICA CON INSTRUMENTACION,Atenciones de Alto Costo y de Máximo Nivel de Complejidad,PDSS 10.0,1
354.81.0.6.02,"ARTRODESIS DE LA REGION LUMBAR O LUMBOSACRA, TECNICA ANTERIOR O ANTEROLATERAL (INTERSOMÁTICA) CON INSTRUMENTACION",Cirugía,PDSS 10.0,1
355.81.1.1.02,ARTRODESIS TIBIOTALAR POR ARTROSCOPIA,Atenciones de Alto Costo y de Máximo Nivel de Complejidad,PDSS 10.0,1
356.81.1.7.02,ARTRODESIS DE ORTEJO UNO O MAS,Cirugía,PDSS 10.0,1
357.81.2.1.00,ARTRODESIS DE CADERA SOD +,Atenciones de Alto Costo y de Máximo Nivel de Complejidad,PDSS 10.0,1
359.81.2.3.01,ARTRODESIS DE HOMBRO VIA ABIERTA,Cirugía,PDSS 10.0,1
360.81.2.4.00,ARTRODESIS DE CODO SOD,Atenciones de Alto Costo y de Máximo Nivel de Complejidad,PDSS 10.0,1
361.81.2.5.01,ARTRODESIS RADIOCARPIANA SIN INJERTO OSEO,Cirugía,PDSS 10.0,1
362.81.2.9.07,ARTRODESIS SACROILIACA,Atenciones de Alto Costo y de Máximo Nivel de Complejidad,PDSS 10.0,1
363.81.4.7.11,"SUTURA DE MENISCO MEDIAL O LATERAL, ABIERTA",Cirugía,PDSS 10.0,1
364.81.4.9.01,REPARACION AGUDA DE LIGAMENTOS DEL TOBILLO,Atenciones de Alto Costo y de Máximo Nivel de Complejidad,PDSS 10.0,1
371.81.9.1.01,ASPIRACION ARTICULAR,Cirugía,PDSS 10.0,1
374.82.3.3.07,TENOSINOVECTOMIA [TIPO ENFERMEDAD DE QUERVAIN] NCOC +,Atenciones de Alto Costo y de Máximo Nivel de Complejidad,PDSS 10.0,1
375.82.9.4.00,INYECCION DE SUSTANCIA TERAPEUTICA DENTRO DE BURSA DE MANO SOD,Cirugía,PDSS 10.0,1
376.82.9.5.00,INYECCION DE SUSTANCIA TERAPEUTICA DENTRO DE TENDON DE MANO SOD +,Cirugía,PDSS 10.0,1
377.83.1.4.03,ESCISION PARCIAL DE FASCIA,Cirugía,PDSS 10.0,1
378.83.4.9.50,"LIMPIEZA Y DESBRIDAMIENTO QUIRURGICOS DE MUSCULOS, TENDONES Y FASCIA EN PIE",Atenciones de Alto Costo y de Máximo Nivel de Complejidad,PDSS 10.0,1
379.83.9.9.08,"EXTRACCION DE CUERPO E XTRAÑO EN TEJIDOS BLANDOS DE PIERNA (MUSCULO, TENDON, SINOVIAL) +",Cirugía,PDSS 10.0,1
380.84.0.0.01,AMPUTACION CON COLGAJO CERRADO DE MIEMBRO SUPERIOR SITIO NO ESPECIFICADO,Cirugía,PDSS 10.0,1
381.84.1.0.01,AMPUTACION CON COLGAJO CERRADO DE MIEMBRO INFERIOR SITIO NO ESPECIFICADO,Atenciones de Alto Costo y de Máximo Nivel de Complejidad,PDSS 10.0,1
382.85.2.1.00,RESECCION LOCAL DE LESION DE MAMA SOD +,Cirugía,PDSS 10.0,1
383.85.4.1.00,MASTECTOMIA SIMPLE UNILATERAL SOD +,Cirugía,PDSS 10.0,1
384.85.4.4.00,MASTECTOMIA SIMPLE AMPLIADA BILATERAL SOD,Cirugía,PDSS 10.0,1
385.85.4.2.00,MASTECTOMIA SIMPLE TOTAL BILATERAL SOD +,Cirugía,PDSS 10.0,1
386.85.4.3.01,MASTECTOMIA SIMPLE CON ESCISION DE GANGLIOS LINFATICOS REGIONALES,Cirugía,PDSS 10.0,1
387.86.1.1.01,DRENAJE DE COLECCION SUPERFICIAL DE PIEL Y/O TEJIDO CELULAR SUBCUTANEO POR INCISION O ASPIRACION +,Cirugía,PDSS 10.0,1
388.86.1.1.03,DRENAJE DE HEMATOMA SUBUNGUEAL POR INCISION O ASPIRACION +,Cirugía,PDSS 10.0,1
389.86.2.7.01,ONICECTOMIA +,Cirugía,PDSS 10.0,1
390.86.3.1.01,"RESECCION DE LESIONES CUTANEAS POR CAUTERIZACION, FULGURACION O CRIOTERAPIA EN AREA GENERAL, HASTA SEIS LESIONES",Cirugía,PDSS 10.0,1
393.86.3.1.05,"RESECCION DE LESIONES CUTANEAS POR CAUTERIZACION, FULGURACION O CRIOTERAPIA EN AREA ESPECIAL, MAS DE DIEZ LESIONES",Cirugía,PDSS 10.0,1
394.86.5.1.01,"SUTURA DE HERIDA UNICA, EN AREA GENERAL",Cirugía,PDSS 10.0,1
395.86.5.1.02,SUTURA DE HERIDA MULTIPLE EN AREA GENERAL,Atenciones de Alto Costo y de Máximo Nivel de Complejidad,PDSS 10.0,1
396.86.5.2.01,SUTURA DE HERIDA UNICA DE CARA NCOC +,Emergencia,PDSS 10.0,1
397.86.5.2.03,"SUTURA DE HERIDA UNICA DE PLIEGUES DE FLEXION, GENITALES, MANOS Y PIES +",Atenciones de Alto Costo y de Máximo Nivel de Complejidad,PDSS 10.0,1
398.86.5.2.08,"SUTURA DE AVULSION EN PABELLON AURICULAR, NARIZ, LABIOS, PARPADOS O GENITALES +",Cirugía,PDSS 10.0,1
402.93.4.6.00,TRACCION CUTANEA DE MIEMBROS SOD,Cirugía,PDSS 10.0,1
403.96.1.6.01,INSERCION DE CATETER (SONDA) EN URETRA,Cirugía,PDSS 10.0,1
404.96.5.2.00,LAVADO E IRRIGACION DE OIDOS SOD +,Cirugía,PDSS 10.0,1
405.97.4.1.00,EXTRACCION DE TUBO DE TORACOTOMIA O DE DRENAJE DE CAVIDAD PLEURAL SOD,Cirugía,PDSS 10.0,1
406.97.6.1.00,EXTRACCION DE TUBO DE PIELOSTOMIA Y NEFROSTOMIA SOD,Cirugía,PDSS 10.0,1
409.99.7.1.03,TOPICACION DE FLUOR EN GEL,Servicios Odontológicos,PDSS 10.0,1
410.99.7.1.04,TOPICACION DE FLUOR EN SOLUCION,Servicios Odontológicos,PDSS 10.0,1
411.99.7.3.10,CONTROL DE PLACA DENTAL NCOC,Servicios Odontológicos,PDSS 10.0,1
412.90.3.8.66,TRANSAMINASA GLUTAMICOPIRUVICA O ALANINO AMINO TRANSFERASA TGP-ALT,Atenciones de Alto Costo y de Máximo Nivel de Complejidad,PDSS 10.0,1
413.90.3.8.67,TRANSAMINASA GLUTAMICO OXALACETICA O ASPARTATO AMINO TRANSFERASA TGO-AST,Atenciones de Alto Costo y de Máximo Nivel de Complejidad,PDSS 10.0,1
414.90.3.1.05,ACIDO FOLICO FOLATOS EN SUERO,Atenciones de Alto Costo y de Máximo Nivel de Complejidad,PDSS 10.0,1
415.90.3.8.01,ACIDO URICO,Atenciones de Alto Costo y de Máximo Nivel de Complejidad,PDSS 10.0,1
418.90.4.1.03,HORMONA ADRENOCORTICOTROPICA [ACTH],Atenciones de Alto Costo y de Máximo Nivel de Complejidad,PDSS 10.0,1
420.90.3.8.03,ALBUMINA,Atenciones de Alto Costo y de Máximo Nivel de Complejidad,PDSS 10.0,1
421.90.3.8.61,PROTEINAS TOTALES DIFERENCIADAS ALBUMINA GLOBULINA,Atenciones de Alto Costo y de Máximo Nivel de Complejidad,PDSS 10.0,1
422.90.3.4.02,ALDOLASA,Atenciones de Alto Costo y de Máximo Nivel de Complejidad,PDSS 10.0,1
423.90.3.0.02,ALFA FETOPROTEINA AFP EN LIQUIDO AMNIOTICO,Atenciones de Alto Costo y de Máximo Nivel de Complejidad,PDSS 10.0,1
424.90.8.4.01,ALFA 1 ANTITRIPSINA POR FENOTIPO,Atenciones de Alto Costo y de Máximo Nivel de Complejidad,PDSS 10.0,1
425.90.6.3.15,ENTAMOEBA HISTOLITICA ANTIGENO,Atenciones de Alto Costo y de Máximo Nivel de Complejidad,PDSS 10.0,1
426.90.3.8.06,AMILASA EN ORINA DE 24 H,Atenciones de Alto Costo y de Máximo Nivel de Complejidad,PDSS 10.0,1
427.90.3.8.05,AMILASA,Atenciones de Alto Costo y de Máximo Nivel de Complejidad,PDSS 10.0,1
428.90.3.6.02,AMONIO,Atenciones de Alto Costo y de Máximo Nivel de Complejidad,PDSS 10.0,1
429.90.6.2.24,HEPATITIS B DNA Carga Viral,Atenciones de Alto Costo y de Máximo Nivel de Complejidad,PDSS 10.0,1
430.90.6.2.22,HEPATITIS B ANTICUERPOS E ANTI-HBe,Atenciones de Alto Costo y de Máximo Nivel de Complejidad,PDSS 10.0,1
431.90.6.2.25,HEPATITIS C ANTICUERPO ANTI-HVC,Atenciones de Alto Costo y de Máximo Nivel de Complejidad,PDSS 10.0,1
433.90.6.4.07,"CARDIOLIPINA, ANTICUERPOS Ig A POR EIA +",Atenciones de Alto Costo y de Máximo Nivel de Complejidad,PDSS 10.0,1
434.90.6.2.19,HEPATITIS A ANTICUERPOS TOTALES ANTI HVA,Atenciones de Alto Costo y de Máximo Nivel de Complejidad,PDSS 10.0,1
435.90.6.2.18,HEPATITIS A ANTICUERPOS IgM ANTI HVA-M,Atenciones de Alto Costo y de Máximo Nivel de Complejidad,PDSS 10.0,1
436.90.6.2.23,HEPATITIS B ANTICUERPOS ANTI-HBs,Atenciones de Alto Costo y de Máximo Nivel de Complejidad,PDSS 10.0,1
438.90.6.0.01,ANTIESTREPTOLISINA “O” CUANTITATIVA POR NEFELOMETRIA,Atenciones de Alto Costo y de Máximo Nivel de Complejidad,PDSS 10.0,1
439.90.6.3.17,HEPATITIS B ANTIGENO DE SUPERFICIE AgHBs ANTIGENO AUSTRALIANO,Atenciones de Alto Costo y de Máximo Nivel de Complejidad,PDSS 10.0,1
441.90.6.3.02,ANTIGENO P 24 VIH,Atenciones de Alto Costo y de Máximo Nivel de Complejidad,PDSS 10.0,1
443.90.3.7.03,VITAMINA B12,Atenciones de Alto Costo y de Máximo Nivel de Complejidad,PDSS 10.0,1
444.90.1.1.01,COLORACION ACIDO ALCOHOL RESISTENTE [ZIELH-NIELSEN] Y LECTURA O BACILOSCOPIA,Atenciones de Alto Costo y de Máximo Nivel de Complejidad,PDSS 10.0,1
445.90.3.8.09,BILIRRUBINAS TOTAL Y DIRECTA,Atenciones de Alto Costo y de Máximo Nivel de Complejidad,PDSS 10.0,1
446.90.3.8.56,NITROGENO UREICO BUN,Atenciones de Alto Costo y de Máximo Nivel de Complejidad,PDSS 10.0,1
447.90.3.8.57,NITROGENO UREICO [BUN] EN ORINA DE 24 H +,Atenciones de Alto Costo y de Máximo Nivel de Complejidad,PDSS 10.0,1
450.90.6.6.05,ANTIGENO DE CANCER DE OVARIO [CA 125] +,Atenciones de Alto Costo y de Máximo Nivel de Complejidad,PDSS 10.0,1
451.90.6.6.04,ANTIGENO DE CANCER DE MAMA [CA 15-3] +,Atenciones de Alto Costo y de Máximo Nivel de Complejidad,PDSS 10.0,1
452.90.6.6.06,ANTIGENO DE CANCER DE TUBO DIGESTIVO [CA 19-9] +,Atenciones de Alto Costo y de Máximo Nivel de Complejidad,PDSS 10.0,1
454.90.3.8.10,CALCIO POR COLORIMETRIA,Atenciones de Alto Costo y de Máximo Nivel de Complejidad,PDSS 10.0,1
455.90.3.8.11,CALCIO EN ORINA DE 24 H POR COLORIMETRIA,Atenciones de Alto Costo y de Máximo Nivel de Complejidad,PDSS 10.0,1
456.90.6.8.40,"VIH, CARGA VIRAL CUALQUIER TÉCNICA +",Atenciones de Alto Costo y de Máximo Nivel de Complejidad,PDSS 10.0,1
458.90.6.6.03,ANTIGENO CARCINOEMBRION ARIO [ACE-CEA] +,Atenciones de Alto Costo y de Máximo Nivel de Complejidad,PDSS 10.0,1
459.90.2.1.01,CELULAS LE,Atenciones de Alto Costo y de Máximo Nivel de Complejidad,PDSS 10.0,1
460.90.3.8.19,CREATIN QUINASA [FRACCION MB] POR ESPECTOFOTOMETRIA,Atenciones de Alto Costo y de Máximo Nivel de Complejidad,PDSS 10.0,1
461.90.3.8.21,CREATIN QUINASA TOTAL CK- CPK,Atenciones de Alto Costo y de Máximo Nivel de Complejidad,PDSS 10.0,1
462.90.6.0.19,CHLAMYDIA TRACHOMATIS ANTICUERPOS IgG,Atenciones de Alto Costo y de Máximo Nivel de Complejidad,PDSS 10.0,1
463.90.6.0.20,CHLAMYDIA TRACHOMATIS ANTICUERPOS IgM,Atenciones de Alto Costo y de Máximo Nivel de Complejidad,PDSS 10.0,1
464.90.3.8.13,CLORO CLORURO,Atenciones de Alto Costo y de Máximo Nivel de Complejidad,PDSS 10.0,1
465.90.3.8.18,COLESTEROL TOTAL,Atenciones de Alto Costo y de Máximo Nivel de Complejidad,PDSS 10.0,1
466.90.3.8.15,COLESTEROL DE ALTA DENSIDAD HDL,Atenciones de Alto Costo y de Máximo Nivel de Complejidad,PDSS 10.0,1
467.90.3.8.16,COLESTEROL DE BAJA DENSIDAD LDL ENZIMATICO,Atenciones de Alto Costo y de Máximo Nivel de Complejidad,PDSS 10.0,1
468.90.3.4.20,COLINESTERASA SERICA [SEUDOCOLINESTERASA],Atenciones de Alto Costo y de Máximo Nivel de Complejidad,PDSS 10.0,1
469.90.3.4.19,COLINESTERASA EN ERITROCITOS [VERDADERA O ACETILCOLINESTERASA] *,Atenciones de Alto Costo y de Máximo Nivel de Complejidad,PDSS 10.0,1
470.90.6.9.05,COMPLEMENTO SÉRICO C3 CUANTITATIVO POR IDR +,Atenciones de Alto Costo y de Máximo Nivel de Complejidad,PDSS 10.0,1
471.90.6.9.07,COMPLEMENTO SÉRICO C4 CUANTITATIVO POR IDR +,Atenciones de Alto Costo y de Máximo Nivel de Complejidad,PDSS 10.0,1
472.90.6.7.14,LINFOCITOS T CD4 POR CITOMETRÍA DE FLUJO +,Atenciones de Alto Costo y de Máximo Nivel de Complejidad,PDSS 10.0,1
474.90.2.2.20,"RECUENTO DE PLAQUETAS, MÉTODO AUTOMÁTICO +",Atenciones de Alto Costo y de Máximo Nivel de Complejidad,PDSS 10.0,1
475.90.2.2.23,RECUENTO DE RETICULOCITOS METODO MANUAL,Atenciones de Alto Costo y de Máximo Nivel de Complejidad,PDSS 10.0,1
476.90.7.1.04,RECUENTO DE ADDIS +,Atenciones de Alto Costo y de Máximo Nivel de Complejidad,PDSS 10.0,1
477.90.2.2.01,"COOMBS DIRECTO, PRUEBA CUALITATIVA",Atenciones de Alto Costo y de Máximo Nivel de Complejidad,PDSS 10.0,1
478.90.2.2.03,"COOMBS INDIRECTO, PRUEBA CUANTITATIVA",Atenciones de Alto Costo y de Máximo Nivel de Complejidad,PDSS 10.0,1
480.90.7.0.02,COPROLOGICO,Atenciones de Alto Costo y de Máximo Nivel de Complejidad,PDSS 10.0,1
483.90.4.8.05,CORTISOL,Atenciones de Alto Costo y de Máximo Nivel de Complejidad,PDSS 10.0,1
484.90.4.8.06,CORTISOL [DOS MUESTRAS -AM/PM-],Atenciones de Alto Costo y de Máximo Nivel de Complejidad,PDSS 10.0,1
486.90.3.8.24,CREATININA EN ORINA DE 24 H,Atenciones de Alto Costo y de Máximo Nivel de Complejidad,PDSS 10.0,1
488.90.3.8.25,CREATININA EN SUERO ORINA U OTROS,Atenciones de Alto Costo y de Máximo Nivel de Complejidad,PDSS 10.0,1
489.90.6.9.01,AGLUTININAS AL FRIO,Atenciones de Alto Costo y de Máximo Nivel de Complejidad,PDSS 10.0,1
531.90.1.2.09,CULTIVO DE LIQUIDOS CORPORALES BILIS CEFALORRAQUIDEO PERITONEAL PLEURAL ASCITICO SINOVIAL OTROS DIFERENTE A ORINA,Atenciones de Alto Costo y de Máximo Nivel de Complejidad,PDSS 10.0,1
539.90.3.8.44,"GLUCOSA, CURVA DE TOLERANCIA +",Atenciones de Alto Costo y de Máximo Nivel de Complejidad,PDSS 10.0,1
541.90.6.2.07,DENGUE ANTICUERPOS IgG,Atenciones de Alto Costo y de Máximo Nivel de Complejidad,PDSS 10.0,1
542.90.6.2.08,DENGUE ANTICUERPOS IgM,Atenciones de Alto Costo y de Máximo Nivel de Complejidad,PDSS 10.0,1
543.90.7.0.06,GRASAS NEUTRAS EN HECES [SUDAN III] +,Atenciones de Alto Costo y de Máximo Nivel de Complejidad,PDSS 10.0,1
544.90.5.2.10,FENITOINA LIBRE,Atenciones de Alto Costo y de Máximo Nivel de Complejidad,PDSS 10.0,1
545.90.2.1.04,DIMERO D POR EIA,Atenciones de Alto Costo y de Máximo Nivel de Complejidad,PDSS 10.0,1
546.90.3.6.06,IONTOFORESIS CLORO,Atenciones de Alto Costo y de Máximo Nivel de Complejidad,PDSS 10.0,1
549.90.4.5.08,GONADOTROPINA CORIONICA SUBUNIDAD BETA CUALITATIVA BHCG PRUEBA DE EMBARAZO EN ORINA O SUERO,Atenciones de Alto Costo y de Máximo Nivel de Complejidad,PDSS 10.0,1
550.90.2.2.18,RECUENTO DE EOSINOFILO EN CUALQUIER MUESTRA +,Atenciones de Alto Costo y de Máximo Nivel de Complejidad,PDSS 10.0,1
552.90.2.2.04,ERITROSEDIMENTACION VELOCIDAD SEDIMENTACION GLOBULAR - VSG,Atenciones de Alto Costo y de Máximo Nivel de Complejidad,PDSS 10.0,1
553.90.7.2.01,ESPERMOGRAMA BÁSICO,Atenciones de Alto Costo y de Máximo Nivel de Complejidad,PDSS 10.0,1
555.90.4.5.03,ESTRADIOL,Atenciones de Alto Costo y de Máximo Nivel de Complejidad,PDSS 10.0,1
556.90.4.5.05,ESTRIOL LIBRE +,Atenciones de Alto Costo y de Máximo Nivel de Complejidad,PDSS 10.0,1
557.90.4.5.06,ESTROGENOS [ESTRADIOL 17 BETA] +,Atenciones de Alto Costo y de Máximo Nivel de Complejidad,PDSS 10.0,1
558.90.3.8.49,LIQUIDO ASCITICO [EXAMEN FISICO Y CITOQUIMICO] +,Atenciones de Alto Costo y de Máximo Nivel de Complejidad,PDSS 10.0,1
559.90.3.8.50,"LIQUIDO CEFALORRAQUIDEO [LCR, EXAMEN FISICO Y CITOQUIMICO CON GLUCOSA, PROTEINAS, MORFOLOGIA DE ERITROCITOS Y DIFERENCIAL DE LEUCOCITOS] +",Atenciones de Alto Costo y de Máximo Nivel de Complejidad,PDSS 10.0,1
560.90.3.8.52,"LIQUIDO PLEURAL [EXAMEN FISICO Y CITOQUIMICO CON RECUENTO Y MORFOLOGIA DE LEUCOCITOS, GLUCOSA Y LDH] +",Atenciones de Alto Costo y de Máximo Nivel de Complejidad,PDSS 10.0,1
561.90.3.5.04,"LIQUIDO SINOVIAL [EXAMEN FISICO Y CITOQUIMICO CON RECUENTO Y MORFOLOGIA DE ERITROCITOS Y LEUCOCITOS, GLUCOSA, PROTEINAS, FACTOR R.A., COMPLEMENTO, TEST DE MUCINA Y ANALISIS CON LUZ POLARIZADA]+",Atenciones de Alto Costo y de Máximo Nivel de Complejidad,PDSS 10.0,1
562.90.7.1.06,UROANALISIS CON SEDIMENTO Y DENSIDAD URINARIA,Atenciones de Alto Costo y de Máximo Nivel de Complejidad,PDSS 10.0,1
563.90.2.2.06,"EXTENDIDO DE SANGRE PERIFERICA, ESTUDIO DE MORFOLOGIA +",Atenciones de Alto Costo y de Máximo Nivel de Complejidad,PDSS 10.0,1
564.90.6.9.11,FACTOR REMATOIDEO [R.A.] SEMICUANTITATIVO POR LÁTEX +,Atenciones de Alto Costo y de Máximo Nivel de Complejidad,PDSS 10.0,1
565.90.6.9.10,FACTOR REMATOIDEO [R.A.] CUANTITATIVO POR NEFELOMETRÍA +,Atenciones de Alto Costo y de Máximo Nivel de Complejidad,PDSS 10.0,1
566.90.2.1.21,PRUEBA DE CICLAJE [CELULAS FALCIFORMES O DREPANOCITOS],Atenciones de Alto Costo y de Máximo Nivel de Complejidad,PDSS 10.0,1
567.90.2.0.24,"FIBRINOGENO, COAGULACION",Atenciones de Alto Costo y de Máximo Nivel de Complejidad,PDSS 10.0,1
569.90.3.8.31,FOSFATASA ACIDA FRACCION PROSTATICA,Atenciones de Alto Costo y de Máximo Nivel de Complejidad,PDSS 10.0,1
570.90.3.8.30,FOSFATASA ACIDA,Atenciones de Alto Costo y de Máximo Nivel de Complejidad,PDSS 10.0,1
571.90.3.8.33,FOSFATASA ALCALINA,Atenciones de Alto Costo y de Máximo Nivel de Complejidad,PDSS 10.0,1
572.90.6.4.22,"FOSFOLÍPIDOS, ANTICUERPOS Ig G POR EIA +",Atenciones de Alto Costo y de Máximo Nivel de Complejidad,PDSS 10.0,1
573.90.3.8.35,FOSFORO INORGANICO FOSFATOS,Atenciones de Alto Costo y de Máximo Nivel de Complejidad,PDSS 10.0,1
574.90.3.8.36,FOSFORO INORGANICO [FOSFATOS] EN ORINA DE 24 H,Atenciones de Alto Costo y de Máximo Nivel de Complejidad,PDSS 10.0,1
576.90.2.2.17,PRUEBA DE TORNIQUETE [FRAGILIDAD CAPILAR] +,Atenciones de Alto Costo y de Máximo Nivel de Complejidad,PDSS 10.0,1
577.90.4.1.05,HORMONA FOLICULO ESTIMULANTE [FSH],Atenciones de Alto Costo y de Máximo Nivel de Complejidad,PDSS 10.0,1
579.90.6.0.39,ANTICUERPOS FTA ABS O TPHA PRUEBA TREPONEMICA,Atenciones de Alto Costo y de Máximo Nivel de Complejidad,PDSS 10.0,1
580.90.3.8.38,GAMMA GLUTAMIL TRANSFERASA GGT,Atenciones de Alto Costo y de Máximo Nivel de Complejidad,PDSS 10.0,1
581.90.3.8.39,GASES ARTERIALES EN REPOSO O EN EJERCICIO,Atenciones de Alto Costo y de Máximo Nivel de Complejidad,PDSS 10.0,1
582.90.3.8.45,GLUCOSA TEST O SULLIVAN,Atenciones de Alto Costo y de Máximo Nivel de Complejidad,PDSS 10.0,1
583.90.3.8.42,GLUCOSA PRE Y POST CARGA DE GLUCOSA,Atenciones de Alto Costo y de Máximo Nivel de Complejidad,PDSS 10.0,1
584.90.3.8.43,GLUCOSA PRE Y POST PRANDIAL,Atenciones de Alto Costo y de Máximo Nivel de Complejidad,PDSS 10.0,1
585.90.2.1.09,"GLUCOSA 6 FOSFATO DESHIDROGENASA, CUANTITATIVA",Atenciones de Alto Costo y de Máximo Nivel de Complejidad,PDSS 10.0,1
586.90.2.2.14,"HEMOPARASITOS, EXTENDIDO DE GOTA GRUESA *+",Atenciones de Alto Costo y de Máximo Nivel de Complejidad,PDSS 10.0,1
587.90.6.3.18,HEPATITIS B ANTIGENO E AgHBe,Atenciones de Alto Costo y de Máximo Nivel de Complejidad,PDSS 10.0,1
588.90.4.1.04,HORMONA DE CRECIMIENTO O SOMATOTROPICA,Atenciones de Alto Costo y de Máximo Nivel de Complejidad,PDSS 10.0,1
590.90.6.6.25,"GONADOTROPINA CORIÓNICA, SUBUNIDAD BETA CUANTITATIVA [BHCG] +",Atenciones de Alto Costo y de Máximo Nivel de Complejidad,PDSS 10.0,1
591.90.6.0.25,HELICOBACTER PYLORI ANTICUERPOS TOTALES,Atenciones de Alto Costo y de Máximo Nivel de Complejidad,PDSS 10.0,1
592.90.2.2.11,HEMATOCRITO +,Atenciones de Alto Costo y de Máximo Nivel de Complejidad,PDSS 10.0,1
593.90.1.2.24,HEMOCULTIVO ANAEROBIO POR METODO MANUAL,Atenciones de Alto Costo y de Máximo Nivel de Complejidad,PDSS 10.0,1
596.90.3.4.26,HEMOGLOBINA GLICOSILADA POR ANTICUERPOS MONOCLONALES,Trasplante Renal,PDSS 10.0,1
597.90.2.2.09,HEMOGRAMA III HEMOGLOBINA HEMATOCRITO RECUENTO DE ERITROCITOS INDICES ERITROCITARIOS LEUCOGRAMA RECUENTO DE PLAQUETAS INDICES PLAQUETARIOS Y MORFOLOGIA ELECTRONICA METODO AUTOMATICO,Atenciones de Alto Costo y de Máximo Nivel de Complejidad,PDSS 10.0,1
598.90.6.2.28,HERPES I ANTICUERPOS Ig G,Trasplante Renal,PDSS 10.0,1
599.90.6.2.30,HERPES II ANTICUERPOS lgG,Atenciones de Alto Costo y de Máximo Nivel de Complejidad,PDSS 10.0,1
600.90.6.2.31,HERPES II ANTICUERPOS Ig M,Trasplante Renal,PDSS 10.0,1
601.90.6.2.29,HERPES I ANTICUERPOS Ig M,Atenciones de Alto Costo y de Máximo Nivel de Complejidad,PDSS 10.0,1
602.90.3.8.46,HIERRO TOTAL,Trasplante Renal,PDSS 10.0,1
603.90.6.2.49,VIH 1 Y 2 ANTICUERPOS,Atenciones de Alto Costo y de Máximo Nivel de Complejidad,PDSS 10.0,1
604.90.3.0.22,HOMOCISTEINA,Atenciones de Alto Costo y de Máximo Nivel de Complejidad,PDSS 10.0,1
607.90.6.2.32,HTLV-I Y II ANTICUERPOS ANTI HTLV-I TOTALES,Atenciones de Alto Costo y de Máximo Nivel de Complejidad,PDSS 10.0,1
609.90.6.8.26,INMUNOGLOBULINA A [IgA] CUANTITATIVA POR IDR +,Atenciones de Alto Costo y de Máximo Nivel de Complejidad,PDSS 10.0,1
610.90.6.8.27,INMUNOGLOBULINA A [IgA] CUANTITATIVA POR NEFELOMETRÍA +,Atenciones de Alto Costo y de Máximo Nivel de Complejidad,PDSS 10.0,1
611.90.6.8.34,INMUNOGLOBULINA E [Ig E] ESPECÍFICA [DOSIFICACIÓN CADA ALERGENO- RAST] +,Atenciones de Alto Costo y de Máximo Nivel de Complejidad,PDSS 10.0,1
612.90.6.8.28,INMUNOGLOBULINA G [IgG] CUANTITATIVA POR IDR +,Atenciones de Alto Costo y de Máximo Nivel de Complejidad,PDSS 10.0,1
613.90.6.8.29,INMUNOGLOBULINA G [IgG] CUANTITATIVA POR NEFELOMETRÍA +,Atenciones de Alto Costo y de Máximo Nivel de Complejidad,PDSS 10.0,1
614.90.6.4.05,"ADRENAL, AUTOANTICUERPOS +",Atenciones de Alto Costo y de Máximo Nivel de Complejidad,PDSS 10.0,1
616.90.4.7.04,INSULINA [CADA MUESTRA],Atenciones de Alto Costo y de Máximo Nivel de Complejidad,PDSS 10.0,1
617.90.7.0.09,SANGRE OCULTA [MATERIA FECAL] DETERMINACIÓN DE HEMOGLOBINA HUMANA ESPECÍFICA POR EIA +,Atenciones de Alto Costo y de Máximo Nivel de Complejidad,PDSS 10.0,1
618.90.2.2.19,RECUENTO DE EOSINOFILO EN MOCO NASAL POR COLORACIÓN DE HAN+,Atenciones de Alto Costo y de Máximo Nivel de Complejidad,PDSS 10.0,1
619.90.3.8.28,DESHIDROGENASA LACTICA LDH,Atenciones de Alto Costo y de Máximo Nivel de Complejidad,PDSS 10.0,1
620.90.4.1.07,HORMONA LUTEINIZANTE [LH],Atenciones de Alto Costo y de Máximo Nivel de Complejidad,PDSS 10.0,1
621.90.3.8.47,LIPASA+,Atenciones de Alto Costo y de Máximo Nivel de Complejidad,PDSS 10.0,1
623.90.3.8.54,MAGNESIO,Atenciones de Alto Costo y de Máximo Nivel de Complejidad,PDSS 10.0,1
624.90.1.3.05,EXAMEN DIRECTO PARA HONGOS [KOH]+,Atenciones de Alto Costo y de Máximo Nivel de Complejidad,PDSS 10.0,1
627.90.6.2.13,EPSTEIN BARR ANTICUERPOS Ig G NUCLEARES EBNA-G POR EIA,Atenciones de Alto Costo y de Máximo Nivel de Complejidad,PDSS 10.0,1
628.90.6.0.35,MYCOPLASMA PNEUMONIAE ANTICUERPOS IgM,Atenciones de Alto Costo y de Máximo Nivel de Complejidad,PDSS 10.0,1
630.90.5.7.36,"METALES PESADOS, CADA UNO POR ABSORCIÓN ATOMICA *+",Atenciones de Alto Costo y de Máximo Nivel de Complejidad,PDSS 10.0,1
631.90.3.8.59,POTASIO,Atenciones de Alto Costo y de Máximo Nivel de Complejidad,PDSS 10.0,1
632.90.3.8.60,POTASIO EN ORINA DE 24 H,Atenciones de Alto Costo y de Máximo Nivel de Complejidad,PDSS 10.0,1
634.90.4.5.10,PROGESTERONA +,Atenciones de Alto Costo y de Máximo Nivel de Complejidad,PDSS 10.0,1
635.90.4.1.08,PROLACTINA [BASAL],Atenciones de Alto Costo y de Máximo Nivel de Complejidad,PDSS 10.0,1
636.90.6.9.14,"PROTEÍNA C REACTIVA, PRUEBA SEMICUANTITATIVA +",Atenciones de Alto Costo y de Máximo Nivel de Complejidad,PDSS 10.0,1
637.90.6.9.13,PROTEINA C REACTIVA CUANTITATIVO DE ALTA PRECISION,Atenciones de Alto Costo y de Máximo Nivel de Complejidad,PDSS 10.0,1
638.90.7.1.03,PROTEÍNA BENCE JONES POR CALOR +,Atenciones de Alto Costo y de Máximo Nivel de Complejidad,PDSS 10.0,1
639.90.3.8.62,PROTEINAS EN ORINA DE 24 H,Atenciones de Alto Costo y de Máximo Nivel de Complejidad,PDSS 10.0,1
640.90.3.8.63,PROTEINAS TOTALES EN SUERO Y OTROS FLUIDOS,Atenciones de Alto Costo y de Máximo Nivel de Complejidad,PDSS 10.0,1
643.90.6.6.11,ANTIGENO ESPECIFICO DE PROSTATA FRACCION LIBRE,Atenciones de Alto Costo y de Máximo Nivel de Complejidad,PDSS 10.0,1
644.90.6.6.10,ANTIGENO ESPECIFICO DE PROSTATA PSA,Atenciones de Alto Costo y de Máximo Nivel de Complejidad,PDSS 10.0,1
646.90.6.3.27,ROTAVIRUS ANTIGENOS EN MATERIA FECAL POR LATEX,Atenciones de Alto Costo y de Máximo Nivel de Complejidad,PDSS 10.0,1
648.90.6.2.41,RUBEOLA ANTICUERPOS IgG POR EIA,Atenciones de Alto Costo y de Máximo Nivel de Complejidad,PDSS 10.0,1
649.90.6.2.43,RUBEOLA ANTICUERPOS IgM POR EIA,Atenciones de Alto Costo y de Máximo Nivel de Complejidad,PDSS 10.0,1
651.90.3.8.64,SODIO,Atenciones de Alto Costo y de Máximo Nivel de Complejidad,PDSS 10.0,1
652.90.3.8.65,SODIO EN ORINA DE 24 HORAS,Atenciones de Alto Costo y de Máximo Nivel de Complejidad,PDSS 10.0,1
654.90.6.0.10,BRUCELLA ABORTUS ANTICUERPOS IgG,Atenciones de Alto Costo y de Máximo Nivel de Complejidad,PDSS 10.0,1
655.90.4.9.25,TRIYODOTIRONINA TOTAL [T3] +,Atenciones de Alto Costo y de Máximo Nivel de Complejidad,PDSS 10.0,1
656.90.4.9.22,TIROXINA TOTAL [T4] +,Atenciones de Alto Costo y de Máximo Nivel de Complejidad,PDSS 10.0,1
660.90.4.6.02,TESTOSTERONA TOTAL,Atenciones de Alto Costo y de Máximo Nivel de Complejidad,PDSS 10.0,1
663.90.2.0.14,FACTOR IX DE LA COAGULACION [CHRISTMAS O PTC],Atenciones de Alto Costo y de Máximo Nivel de Complejidad,PDSS 10.0,1
664.90.2.0.10,DILUCIONES DE TIEMPO DE PROTROMBINA PT,Atenciones de Alto Costo y de Máximo Nivel de Complejidad,PDSS 10.0,1
665.90.2.0.46,TIEMPO DE SANGRIA [IVY O DUKE],Atenciones de Alto Costo y de Máximo Nivel de Complejidad,PDSS 10.0,1
666.90.2.0.11,DILUCIONES DE TIEMPO DE TROMBOPLASTINA PARCIAL PTT,Atenciones de Alto Costo y de Máximo Nivel de Complejidad,PDSS 10.0,1
667.90.2.2.12,HEMOCLASIFICACION GRUPO ABO Y FACTOR RH,Atenciones de Alto Costo y de Máximo Nivel de Complejidad,PDSS 10.0,1
668.90.4.9.20,TIROGLOBULINA +,Atenciones de Alto Costo y de Máximo Nivel de Complejidad,PDSS 10.0,1
670.90.6.1.29,TOXOPLASMA GONDII ANTICUERPOS IG M POR EIA,Atenciones de Alto Costo y de Máximo Nivel de Complejidad,PDSS 10.0,1
671.90.3.0.45,TRANSFERRINA POR IDR,Atenciones de Alto Costo y de Máximo Nivel de Complejidad,PDSS 10.0,1
672.90.3.8.68,TRIGLICERIDOS,Atenciones de Alto Costo y de Máximo Nivel de Complejidad,PDSS 10.0,1
673.90.3.4.36,"TROPONINA I, CUALITATIVA +",Atenciones de Alto Costo y de Máximo Nivel de Complejidad,PDSS 10.0,1
674.90.3.4.39,"TROPONINA T, CUANTITATIVA +",Atenciones de Alto Costo y de Máximo Nivel de Complejidad,PDSS 10.0,1
675.90.4.9.03,HORMONA ESTIMULANTE DEL TIROIDES [TSH] NEONATAL,Atenciones de Alto Costo y de Máximo Nivel de Complejidad,PDSS 10.0,1
677.90.1.4.04,PRUEBA DE MANTOUX TUBERCULINA,Atenciones de Alto Costo y de Máximo Nivel de Complejidad,PDSS 10.0,1
678.90.3.8.69,UREA,Trasplante Renal,PDSS 10.0,1
679.90.6.2.47,VARICELA ZOSTER ANTICUERPOS IG G,Atenciones de Alto Costo y de Máximo Nivel de Complejidad,PDSS 10.0,1
680.90.6.2.48,VARICELA ZOSTER ANTICUERPOS IG M,Trasplante Renal,PDSS 10.0,1
681.90.6.9.16,SEROLOGIA PRUEBA NO TREPOMENICA VDRL EN SUERO O LCR,Atenciones de Alto Costo y de Máximo Nivel de Complejidad,PDSS 10.0,1
683.90.3.1.13,ACIDO VANILMANDELICO [VMA] EN ORINA DE 24 H +,Atenciones de Alto Costo y de Máximo Nivel de Complejidad,PDSS 10.0,1
684.87.0.0.01,RADIOGRAFIA DE CRANEO SIMPLE,Atenciones de Alto Costo y de Máximo Nivel de Complejidad,PDSS 10.0,1
685.87.0.0.03,RADIOGRAFIA DE BASE DE CRANEO,Atenciones de Alto Costo y de Máximo Nivel de Complejidad,PDSS 10.0,1
686.87.0.1.01,RADIOGRAFIA DE CARA (PERFILOGRAMA) +,Atenciones de Alto Costo y de Máximo Nivel de Complejidad,PDSS 10.0,1
687.87.0.1.08,RADIOGRAFIA DE SENOS PARANASALES,Atenciones de Alto Costo y de Máximo Nivel de Complejidad,PDSS 10.0,1
688.87.0.1.14,"RADIOGRAFIA PANORAMICA DE MAXILARES, SUPERIOR E INFERIOR (ORTOPANTOMOGRAFIA)",Atenciones de Alto Costo y de Máximo Nivel de Complejidad,PDSS 10.0,1
689.87.0.1.31,RADIOGRAFIA DE ARTICULACION TEMPOROMAXILAR (ATM),Atenciones de Alto Costo y de Máximo Nivel de Complejidad,PDSS 10.0,1
690.87.0.6.02,RADIOGRAFIA DE CAVUM FARINGEO,Atenciones de Alto Costo y de Máximo Nivel de Complejidad,PDSS 10.0,1
691.87.1.0.10,RADIOGRAFIA DE COLUMNA CERVICAL,Atenciones de Alto Costo y de Máximo Nivel de Complejidad,PDSS 10.0,1
692.87.1.0.19,RADIOGRAFIA DE COLUMNA UNION CERVICO DORSAL,Atenciones de Alto Costo y de Máximo Nivel de Complejidad,PDSS 10.0,1
693.87.1.0.20,RADIOGRAFIA DE COLUMNA TORACICA,Atenciones de Alto Costo y de Máximo Nivel de Complejidad,PDSS 10.0,1
694.87.1.0.30,RADIOGRAFIA DE COLUMNA DORSOLUMBAR,Atenciones de Alto Costo y de Máximo Nivel de Complejidad,PDSS 10.0,1
695.87.1.0.40,RADIOGRAFIA DE COLUMNA LUMBOSACRA,Atenciones de Alto Costo y de Máximo Nivel de Complejidad,PDSS 10.0,1
696.87.1.0.50,RADIOGRAFIA DE SACRO COCCIX,Atenciones de Alto Costo y de Máximo Nivel de Complejidad,PDSS 10.0,1
697.87.1.0.60,RADIOGRAFIA DE COLUMNA VERTEBRAL TOTAL §,Atenciones de Alto Costo y de Máximo Nivel de Complejidad,PDSS 10.0,1
698.87.1.1.21,RADIOGRAFIA DE TORAX P.A. O A.P Y LATERAL DECUBITO LATERAL OBLICUAS O LATERAL CON BARIO,Atenciones de Alto Costo y de Máximo Nivel de Complejidad,PDSS 10.0,1
699.87.1.3.20,RADIOGRAFIA DE ESÓFAGO,Atenciones de Alto Costo y de Máximo Nivel de Complejidad,PDSS 10.0,1
700.87.2.0.02,RADIOGRAFIA DE ABDOMEN SIMPLE,Atenciones de Alto Costo y de Máximo Nivel de Complejidad,PDSS 10.0,1
702.87.2.1.04,RADIOGRAFIA DE COLON POR ENEMA O COLON POR INGESTA +,Atenciones de Alto Costo y de Máximo Nivel de Complejidad,PDSS 10.0,1
703.87.2.1.05,RADIOGRAFIA DE COLON POR ENEMA CON DOBLE CONTRASTE,Atenciones de Alto Costo y de Máximo Nivel de Complejidad,PDSS 10.0,1
705.87.2.1.22,"RADIOGRAFIA DE VIAS DIGESTIVAS ALTAS (ESOFAGO, ESTOMAGO Y DUODENO) CON DOBLE CONTRASTE",Atenciones de Alto Costo y de Máximo Nivel de Complejidad,PDSS 10.0,1
706.87.2.1.23,"RADIOGRAFIA DE VIAS DIGESTIVAS ALTAS (ESOFAGO, ESTOMAGO Y DUODENO) Y TRANSITO INTESTINAL +",Atenciones de Alto Costo y de Máximo Nivel de Complejidad,PDSS 10.0,1
708.87.3.1.21,RADIOGRAFIA DE HUMERO +,Atenciones de Alto Costo y de Máximo Nivel de Complejidad,PDSS 10.0,1
709.87.3.2.04,RADIOGRAFIA DE HOMBRO,Atenciones de Alto Costo y de Máximo Nivel de Complejidad,PDSS 10.0,1
710.87.3.2.05,RADIOGRAFIA DE CODO,Atenciones de Alto Costo y de Máximo Nivel de Complejidad,PDSS 10.0,1
711.87.3.2.06,RADIOGRAFIA DE MUÑECA +,Atenciones de Alto Costo y de Máximo Nivel de Complejidad,PDSS 10.0,1
712.87.3.3.12,RADIOGRAFIA DE FEMUR AP Y LATERAL,Atenciones de Alto Costo y de Máximo Nivel de Complejidad,PDSS 10.0,1
713.87.3.3.13,RADIOGRAFIA DE PIERNA AP Y LATERAL,Atenciones de Alto Costo y de Máximo Nivel de Complejidad,PDSS 10.0,1
714.87.3.3.33,RADIOGRAFIA DE PIE AP Y LATERAL,Atenciones de Alto Costo y de Máximo Nivel de Complejidad,PDSS 10.0,1
716.87.3.4.11,"RADIOGRAFIA DE CADERA O ARTICULACION COXO-FEMORAL (AP, LATERAL) +",Atenciones de Alto Costo y de Máximo Nivel de Complejidad,PDSS 10.0,1
717.87.3.4.12,RADIOGRAFIA DE CADERA COMPARATIVA+,Atenciones de Alto Costo y de Máximo Nivel de Complejidad,PDSS 10.0,1
718.87.3.4.20,"RADIOGRAFIA DE RODILLA AP, LATERAL +",Atenciones de Alto Costo y de Máximo Nivel de Complejidad,PDSS 10.0,1
719.87.3.4.31,RADIOGRAFIA DE TOBILLO AP LATERAL Y ROTACION INTERNA,Atenciones de Alto Costo y de Máximo Nivel de Complejidad,PDSS 10.0,1
721.87.6.6.12,BRONCOGRAFIA BILATERAL,Atenciones de Alto Costo y de Máximo Nivel de Complejidad,PDSS 10.0,1
724.87.6.8.02,XEROMAMOGRAFIA O MAMOGRAFIA BILATERAL,Trasplante Renal,PDSS 10.0,1
728.87.7.5.01,PERITONEOGRAFIA +,Atenciones de Alto Costo y de Máximo Nivel de Complejidad,PDSS 10.0,1
731.87.7.8.11,PIELOGRAFIA INTRAVENOSA,Atenciones de Alto Costo y de Máximo Nivel de Complejidad,PDSS 10.0,1
732.87.7.8.61,URETROCISTOGRAFIA,Atenciones de Alto Costo y de Máximo Nivel de Complejidad,PDSS 10.0,1
733.87.7.8.62,URETROCISTOGRAFIA MICCIONAL,Trasplante Renal,PDSS 10.0,1
734.87.7.9.01,HISTEROSALPINGOGRAFIA,Atenciones de Alto Costo y de Máximo Nivel de Complejidad,PDSS 10.0,1
737.88.6.0.12,OSTEODENSITOMETRIA POR ABSORCION DUAL DE RAYOS X [DEXA] +,Atenciones de Alto Costo y de Máximo Nivel de Complejidad,PDSS 10.0,1
738.88.1.1.12,ULTRASONOGRAFIA DIAGNOSTICA CEREBRAL TRANSFONTANELAR CON TRANSDUCTOR DE 7.MHZ O MAS +,Atenciones de Alto Costo y de Máximo Nivel de Complejidad,PDSS 10.0,1
739.88.1.1.41,ULTRASONOGRAFIA DIAGNOSTICA DE TIROIDES CON TRANSDUCTOR DE 7 MHZ O MAS,Atenciones de Alto Costo y de Máximo Nivel de Complejidad,PDSS 10.0,1
740.88.1.2.01,ULTRASONOGRAFIA DIAGNOSTICA DE MAMA CON TRANSDUCTOR DE 7 MHZ O MAS,Atenciones de Alto Costo y de Máximo Nivel de Complejidad,PDSS 10.0,1
741.88.1.2.32,ECOCARDIOGRAMA MODO M Y BIDIMENSIONAL,Trasplante Renal,PDSS 10.0,1
743.88.1.2.40,ULTRASONOGRAFIA DIAGNOSTICA DE TORAX: PERICARDIO O PLEURA +,Atenciones de Alto Costo y de Máximo Nivel de Complejidad,PDSS 10.0,1
744.88.1.3.02,ULTRASONOGRAFIA DE ABDOMEN TOTAL HIGADO PANCREAS VESICULA VIAS BILIARES RIÑONES BAZO GRANDES VASOS PELVIS Y FLANCOS,Atenciones de Alto Costo y de Máximo Nivel de Complejidad,PDSS 10.0,1
745.88.1.3.05,"ULTRASONOGRAFÍA DE ABDOMEN SUPERIOR: HIGADO, PÁNCREAS, VIAS BILIARES, RIÑONES, BAZO Y GRANDES VASOS +",Atenciones de Alto Costo y de Máximo Nivel de Complejidad,PDSS 10.0,1
747.88.1.3.31,"ULTRASONOGRAFIA DE RIÑONES, BAZO, AORTA O ADRENALES +",Atenciones de Alto Costo y de Máximo Nivel de Complejidad,PDSS 10.0,1
749.88.1.3.32,ULTRASONOGRAFIA DE VIAS URINARIAS RIÑONES VEJIGA Y PROSTATA TRANSABDOMINAL,Atenciones de Alto Costo y de Máximo Nivel de Complejidad,PDSS 10.0,1
751.88.1.4.32,ULTRASONOGRAFIA OBSTETRICA TRANS VAGINAL,Atenciones de Alto Costo y de Máximo Nivel de Complejidad,PDSS 10.0,1
753.88.1.4.31,ULTRASONOGRAFÍA OBSTETRICA TRANSABDOMINAL §,Atenciones de Alto Costo y de Máximo Nivel de Complejidad,PDSS 10.0,1
757.45.2.1.00,ENDOSCOPIA TRANSABDOMINAL DE INTESTINO GRUESO SOD,Atenciones de Alto Costo y de Máximo Nivel de Complejidad,PDSS 10.0,1
760.56.3.5.20,ENDOSCOPIA (CISTOSCOPIA) DEL CONDUCTO COLONICO,Atenciones de Alto Costo y de Máximo Nivel de Complejidad,PDSS 10.0,1
761.56.3.5.10,ENDOSCOPIA (CISTOSCOPIA) DEL CONDUCTO ILEAL,Apoyo Diagnóstico (Dx) en Internamiento y Ambulatoria,PDSS 10.0,1
762.89.1.4.01,ELECTROENCEFALOGRAMA CONVENCIONAL,Atenciones de Alto Costo y de Máximo Nivel de Complejidad,PDSS 10.0,1
763.89.3.7.00,ESPIROMETRIA SOD +,Apoyo Diagnóstico (Dx) en Internamiento y Ambulatoria,PDSS 10.0,1
764.89.5.0.01,ELECTROCARDIOGRAFIA DINAMICA (HOLTER) +,Atenciones de Alto Costo y de Máximo Nivel de Complejidad,PDSS 10.0,1
765.89.5.2.01,ELECTROCARDIOGRAMA DE ALTA RESOLUCION ESTUDIO DE POTENCIALES TARDIOS,Atenciones de Alto Costo y de Máximo Nivel de Complejidad,PDSS 10.0,1
766.89.6.1.00,MONITOREO DE PRESION ARTERIAL SISTEMICA,Atenciones de Alto Costo y de Máximo Nivel de Complejidad,PDSS 10.0,1
767.89.7.0.11,MONITORIA FETAL ANTEPARTO,Partos,PDSS 10.0,1
768.89.7.0.12,MONITORIA FETAL INTRAPARTO,Partos,PDSS 10.0,1
769.87.9.2.01,"TOMOGRAFIA AXIAL COMPUTADA DE COLUMNA SEGMENTOS CERVICAL, TORACICO, LUMBAR Y/O SACRO, POR CADA NIVEL (TRES ESPACIOS) +",Hospitalización,PDSS 10.0,1
770.87.9.1.50,TOMOGRAFIA AXIAL COMPUTADA DE ARTICULACION TEMPORO MANDIBULAR (BILATERAL) +,Atenciones de Alto Costo y de Máximo Nivel de Complejidad,PDSS 10.0,1
772.87.9.4.10,TOMOGRAFIA AXIAL COMPUTADA DE ABDOMEN SUPERIOR,Hospitalización,PDSS 10.0,1
773.87.9.3.01,TOMOGRAFIA AXIAL COMPUTADA DE TORAX,Atenciones de Alto Costo y de Máximo Nivel de Complejidad,PDSS 10.0,1
774.87.1.4.03,TOMOGRAFIA DE MEDIASTINO Y TRAQUEA,Apoyo Diagnóstico (Dx) en Internamiento y Ambulatoria,PDSS 10.0,1
784.88.3.1.01,RESONANCIA NUCLEAR MAGNETICA DE CEREBRO,Atenciones de Alto Costo y de Máximo Nivel de Complejidad,PDSS 10.0,1
788.87.9.4.60,TOMOGRAFIA AXIAL COMPUTADA DE PELVIS,Hospitalización,PDSS 10.0,1
789.87.1.4.10,TOMOGRAFIA AXIAL COMPUTARIZADA DE TORAX AP,Atenciones de Alto Costo y de Máximo Nivel de Complejidad,PDSS 10.0,1
796.87.9.4.20,TOMOGRAFIA AXIAL COMPUTADA DE ABDOMEN Y PELVIS (ABD OMEN TOTAL),Hospitalización,PDSS 10.0,1
797.87.9.1.61,TOMOGRAFIA AXIAL COMPUTADA DE CUELLO (TEJIDOS BLANDOS) +,Atenciones de Alto Costo y de Máximo Nivel de Complejidad,PDSS 10.0,1
798.87.9.1.11,TOMOGRAFIA AXIAL COMPUTADA DE CRANEO SIMPLE,Hospitalización,PDSS 10.0,1
802.88.3.2.30,RESONANCIA NUCLEAR MAGNETICA DE COLUMNA LUMBOSACRA SIMPLE +,Atenciones de Alto Costo y de Máximo Nivel de Complejidad,PDSS 10.0,1
803.71.1.1.30,BIOPSIA ESCISION GLANDULA DE BARTHOLIN,Hospitalización,PDSS 10.0,1
807.63.0.1.00,BIOPSIA DE EPIDIDIMO SOD,Cirugía,PDSS 10.0,1
808.61.1.1.01,BIOPSIA DE ESCROTO,Hospitalización,PDSS 10.0,1
809.83.2.1.00,"BIOPSIA DE TEJIDO BLANDO: MUSCULOS, TENDON, FASCIA Y BURSA (INCLUYENDO MANO) SOD",Cirugía,PDSS 10.0,1
811.51.1.3.00,BIOPSIA ABIERTA DE VESICULA BILIAR O VIAS BILIARES SOD,Hospitalización,PDSS 10.0,1
814.41.3.2.02,BIOPSIA ABIERTA DE BAZO,Atenciones de Alto Costo y de Máximo Nivel de Complejidad,PDSS 10.0,1
816.67.1.2.00,BIOPSIA DE CUELLO UTERINO (CERVIX) SOD +,Hospitalización,PDSS 10.0,1
817.42.2.5.00,BIOPSIA ABIERTA DE ESOFAGO,Cirugía,PDSS 10.0,1
825.27.2.3.02,BIOPSIA ESCISIONAL DE LABIO,Hospitalización,PDSS 10.0,1
828.27.2.3.01,BIOPSIA INCISIONAL DE LABIO,Cirugía,PDSS 10.0,1
830.27.2.1.02,BIOPSIA INCISIONAL DE PALADAR,Hospitalización,PDSS 10.0,1
832.26.1.1.00,BIOPSIA CERRADA [PUNCION] [ASPIRACION CON AGUJA FINA] DE GLANDULA O CONDUCTO SALIVAL SOD,Cirugía,PDSS 10.0,1
835.45.1.5.00,BIOPSIA ABIERTA DE INTESTINO DELGADO SOD,Hospitalización,PDSS 10.0,1
840.85.1.2.00,BIOPSIA ABIERTA DE MAMA SOD,Cirugía,PDSS 10.0,1
842.21.2.2.00,BIOPSIA ENDOSCOPICA INTRANASAL SOD,Hospitalización,PDSS 10.0,1
843.65.1.2.00,BIOPSIA EN OVARIO SOD +,Cirugía,PDSS 10.0,1
850.60.1.1.02,BIOPSIA CERRADA [PERCUTANEA] [CON AGUJA] DE PRÓSTATA POR ABORDAJE PERINEAL,Hospitalización,PDSS 10.0,1
851.60.1.1.01,BIOPSIA CERRADA PERCUTANEA CON AGUJA DE PROSTATA POR ABORDAJE TRANSRECTAL SONODIRIGIDA,Cirugía,PDSS 10.0,1
853.55.2.3.10,BIOPSIA CON AGUJA [PERCUTANEA] O TROCAR DE RIÑON +,Hospitalización,PDSS 10.0,1
854.34.2.4.01,BIOPSIA DE PLEURA CON AGUJA,Atenciones de Alto Costo y de Máximo Nivel de Complejidad,PDSS 10.0,1
855.22.1.1.00,BIOPSIA CERRADA [ENDOSCOPICA] [PUNCION CON AGUJA] DE PARED SENO PARANASAL SOD,Hospitalización,PDSS 10.0,1
856.31.4.4.00,BIOPSIA CERRADA DE TRAQUEA [ENDOSCOPICA] SOD,Cirugía,PDSS 10.0,1
857.56.3.3.00,BIOPSIA CERRADA [ENDOSCOPICA] DE URETER ANTEROGRADA,Hospitalización,PDSS 10.0,1
860.01.1.3.01,BIOPSIA CERRADA [PERCUTANEA] [AGUJA] DE CEREBRO +,Cirugía,PDSS 10.0,1
863.50.1.2.00,BIOPSIA ABIERTA DE HIGADO SOD,Hospitalización,PDSS 10.0,1
864.50.1.1.00,BIOPSIA CERRADA PERCU TANEA [AGUJA] DE HIGADO SOD,Cirugía,PDSS 10.0,1
865.85.1.1.02,BIOPSIA DE MAMA CON AGUJA TRU -CUT,Hospitalización,PDSS 10.0,1
868.52.1.2.00,BIOPSIA ABIERTA DE PÁNCREAS SOD,Cirugía,PDSS 10.0,1
873.62.1.2.00,BIOPSIA ABIERTA DE TESTICULO SOD,Hospitalización,PDSS 10.0,1
876.06.1.2.00,BIOPSIA ABIERTA DE GLANDULA TIROIDES SOD,Cirugía,PDSS 10.0,1
877.67.1.2.01,BIOPSIA EN SACABOCADO DE CUELLO UTERINO (EXOCERVIX) +,Hospitalización,PDSS 10.0,1
880.57.3.5.00,BIOPSIA DE TEJIDO PERIVESICAL (SOD),Cirugía,PDSS 10.0,1
881.58.2.3.01,BIOPSIA DE URETRA VIA ABIERTA,Hospitalización,PDSS 10.0,1
882.58.2.4.01,BIOPSIA DE TEJIDO PERIURETRAL VIA ABIERTA,Cirugía,PDSS 10.0,1
883.56.3.4.00,BIOPSIA ABIERTA DE URETER SOD,Hospitalización,PDSS 10.0,1
884.44.1.5.00,BIOPSIA ABIERTA DEL ESTOMAGO SOD,Cirugía,PDSS 10.0,1
885.44.1.4.00,BIOPSIA CERRADA DE ESTOMAGO,Hospitalización,PDSS 10.0,1
893.85.1.1.01,BIOPSIA POR PUNCION CON AGUJA FINA DE MAMA,Cirugía,PDSS 10.0,1
896.60.1.2.00,BIOPSIA DE PROSTATA VIA ABIERTA,Hospitalización,PDSS 10.0,1
900.33.2.7.00,BIOPSIA CERRADA [ENDOSCOPICA] [TORACOSCOPIA] DE PULMON SOD +,Cirugía,PDSS 10.0,1
905.83.3.0.01,"RESECCION DE TUMOR BENIGNO DE FASCIA, MUSCULO, TENDON O SINOVIAL",Hospitalización,PDSS 10.0,1
908.57.3.3.01,BIOPSIA UNICA O SIMPLE DE VEJIGA POR CISTOSCOPIA +,Cirugía,PDSS 10.0,1
910.89.8.1.01,ESTUDIO DE COLORACION BASICA EN BIOPSIA,Hospitalización,PDSS 10.0,1
913.89.8.0.01,ESTUDIO DE COLORACIÓN BASICA EN CITOLOGIA VAGINAL TUMORAL Y/O FUNCIONAL,Apoyo Diagnóstico (Dx) en Internamiento y Ambulatoria,PDSS 10.0,1
917.89.2.9.01,TOMA NO QUIRURGICA DE MUESTRA O TEJIDO VAGINAL PARA ESTUDIO CITOLOGICO (CCV) +,Prevención y Promoción,PDSS 10.0,1
919.65.9.1.20,ASPIRACION FOLICULAR DE OVARIO POR LAPAROSCOPIA +,Apoyo Diagnóstico (Dx) en Internamiento y Ambulatoria,PDSS 10.0,1
921.83.9.4.00,ASPIRACION DE BURSA SOD,Hospitalización,PDSS 10.0,1
922.63.9.1.00,ASPIRACION DE ESPERMATOCELE SOD,Apoyo Diagnóstico (Dx) en Internamiento y Ambulatoria,PDSS 10.0,1
923.86.1.1.02,ESTUDIO DE DRENAJE DE COLECCION PROFUNDA EN PIEL Y/O TEJIDO CELULAR SUBCUTANEO POR INCISION O ASPIRACION ,Cirugía,PDSS 10.0,1
929.62.9.1.00,ESTUDIO DE ASPIRACION DE TESTICULO ,Atenciones de Alto Costo y de Máximo Nivel de Complejidad,PDSS 10.0,1
934.50.9.1.00,ESTUDIO DE ASPIRACION PERCUTANEA DE HIGADO ,Hospitalización,PDSS 10.0,1
935.60.9.1.00,ESTUDIO DE ASPIRACION PERCUTANEA DE PROSTATA ,Atenciones de Alto Costo y de Máximo Nivel de Complejidad,PDSS 10.0,1
936.57.1.1.10,ESTUDIO DE ASPIRACION PERCUTANEA DE VEJIGA,Hospitalización,PDSS 10.0,1
938.91.2.0.20,TRANSFUSION DE EXPANSOR SANGUINEO,Atenciones de Alto Costo y de Máximo Nivel de Complejidad,PDSS 10.0,1
939.91.2.0.10,EXANGUINO TRANSFUSION,Hospitalización,PDSS 10.0,1
940.91.2.0.05,TRANSFUSION DE LA UNIDAD DE PLASMA FRESCO CONGELADO,Atenciones de Alto Costo y de Máximo Nivel de Complejidad,PDSS 10.0,1
941.91.2.0.02,TRANSFUSION DE LA UNIDAD DE GLOBULOS ROJOS O ERITROCITOS,Atenciones de Alto Costo y de Máximo Nivel de Complejidad,PDSS 10.0,1
942.91.2.0.03,APLICACION DE LA UNIDAD DE PLAQUETAS,Atenciones de Alto Costo y de Máximo Nivel de Complejidad,PDSS 10.0,1
943.91.2.0.04,APLICACION DE LA UNIDAD DE SANGRE TOTAL,Atenciones de Alto Costo y de Máximo Nivel de Complejidad,PDSS 10.0,1
1039.99.3.1.22,"VACUNACION COMBINADA CONTRA DIFTERIA,TETANOS Y TOS FERINA (DPT)",Prevención y Promoción,PDSS 10.0,1
1040.0,VACUNA DIFTERIA TETANO,Prevención y Promoción,PDSS 10.0,1
1041.99.3.5.03,VACUNACION CONTRA HEPATITIS B,Prevención y Promoción,PDSS 10.0,1
1042.99.3.5.01,VACUNACION CONTRA POLIOMIELITIS (VOP O IVP),Prevención y Promoción,PDSS 10.0,1
1046.0,ANTIHEMOPHILUS,Prevención y Promoción,PDSS 10.0,1
1047.99.3.5.10,VACUNACION CONTRA INFLUENZA +,Prevención y Promoción,PDSS 10.0,1
2466.0,CONSULTA MEDICINA GENERAL,Atención Ambulatoria,PDSS 10.0,1
2467.0,CONSULTA MEDICINA ESPECIALIZADA,Atenciones de Alto Costo y de Máximo Nivel de Complejidad,PDSS 10.0,1
2468.0,CONSULTA ODONTOLOGICA GENERAL,Servicios Odontológicos,PDSS 10.0,1
2469.0,CONSULTA ODONTOLOGICA ESPECIALIZADA,Servicios Odontológicos,PDSS 10.0,1
2470.0,CONSULTA ODONTOLOGICA EMERGENCIA Y/O URGENCIAS,Servicios Odontológicos,PDSS 10.0,1
2471.0,CONSULTA REHABILITACION,Rehabilitación,PDSS 10.0,1
2472.0,CONSULTA PSIQUIATRICA,Atención Ambulatoria,PDSS 10.0,1
2473.0,CONSULTA PSICOLOGICA CLINICA,Prevención y Promoción,PDSS 10.0,1
2474.0,INTERCONSULTA,Trasplante Renal,PDSS 10.0,1
2475.0,CONSULTA MEDICA QUIRURGICA,Atenciones de Alto Costo y de Máximo Nivel de Complejidad,PDSS 10.0,1
2477.0,HONORARIOS MEDICOS AYUDANTE QUIRURGICO,Atenciones de Alto Costo y de Máximo Nivel de Complejidad,PDSS 10.0,1
2478.0,CONSULTA EN EMERGENCIA,Atenciones de Alto Costo y de Máximo Nivel de Complejidad,PDSS 10.0,1
2479.0,HABITACION PRIVADA,Atenciones de Alto Costo y de Máximo Nivel de Complejidad,PDSS 10.0,1
2480.0,HABITACION SEMI-PRIVADA,Atenciones de Alto Costo y de Máximo Nivel de Complejidad,PDSS 10.0,1
2481.0,HABITACION SUITE,Atenciones de Alto Costo y de Máximo Nivel de Complejidad,PDSS 10.0,1
2482.0,SALA COMUN,Atenciones de Alto Costo y de Máximo Nivel de Complejidad,PDSS 10.0,1
2483.0,SALA CUIDADO INTENSIVO,Atenciones de Alto Costo y de Máximo Nivel de Complejidad,PDSS 10.0,1
2484.0,SALA DE CIRUGIA,Atenciones de Alto Costo y de Máximo Nivel de Complejidad,PDSS 10.0,1
2486.0,SALA DE CIRUGIA MENOR,Hospitalización,PDSS 10.0,1
2488.0,SALA DE PARTOS,Partos,PDSS 10.0,1
2489.0,SALA DE RECUPERACION,Partos,PDSS 10.0,1
2491.0,SALA DE LEGRADO,Hospitalización,PDSS 10.0,1
2492.0,SALA DE RECIEN NACIDO,Hospitalización,PDSS 10.0,1
2495.0,BANDEJA DE CURA,Atenciones de Alto Costo y de Máximo Nivel de Complejidad,PDSS 10.0,1
2496.0,BOMBA DE INFUSION,Atenciones de Alto Costo y de Máximo Nivel de Complejidad,PDSS 10.0,1
2497.0,BRAZO EN C,Cirugía,PDSS 10.0,1
2498.0,CAUTERIZADOR,Atenciones de Alto Costo y de Máximo Nivel de Complejidad,PDSS 10.0,1
2499.0,CUIDADO INTENSIVO CARDIOVASCULAR,Atenciones de Alto Costo y de Máximo Nivel de Complejidad,PDSS 10.0,1
2500.0,CONSULTAS EN HOSPITALIZACION 1ER DIA,Atenciones de Alto Costo y de Máximo Nivel de Complejidad,PDSS 10.0,1
2501.0,CONSULTAS EN HOSPITALIZACION (2DO DIA),Hospitalización,PDSS 10.0,1
2502.0,CONSULTAS EN HOSPITALIZACION 3ER DIA EN ADELANTE,Atenciones de Alto Costo y de Máximo Nivel de Complejidad,PDSS 10.0,1
2503.0,CUIDADO INTENSIVO NEONATAL,Atenciones de Alto Costo y de Máximo Nivel de Complejidad,PDSS 10.0,1
2504.0,CUIDADOS INTENSIVOS,Atenciones de Alto Costo y de Máximo Nivel de Complejidad,PDSS 10.0,1
2506.0,HONORARIOS DIARIOS EN CUIDADOS INTENSIVOS,Atenciones de Alto Costo y de Máximo Nivel de Complejidad,PDSS 10.0,1
2507.0,INCUBADORA POR DIA,Atenciones de Alto Costo y de Máximo Nivel de Complejidad,PDSS 10.0,1
2509.0,MONITOR CARDIACO,Partos,PDSS 10.0,1
2510.0,MONITOR DE INTENSIVOS Y/O QUIROFANO,Atenciones de Alto Costo y de Máximo Nivel de Complejidad,PDSS 10.0,1
2511.0,MONITOR DE PRESION (24 HORAS) MAPA,Atenciones de Alto Costo y de Máximo Nivel de Complejidad,PDSS 10.0,1
2512.0,MONITOR DE PRESION (CIRUGIA),Atenciones de Alto Costo y de Máximo Nivel de Complejidad,PDSS 10.0,1
2514.0,NEBULIZADOR,Emergencia,PDSS 10.0,1
2515.0,OXIGENO TANQUE,Trasplante Renal,PDSS 10.0,1
2516.0,OXIMETRO,Partos,PDSS 10.0,1
2517.0,OXIMETRO EN INTENSIVO,Atenciones de Alto Costo y de Máximo Nivel de Complejidad,PDSS 10.0,1
2518.0,RECIBIMIENTO DEL BEBE POR PARTO NORMAL O CESAREA,Partos,PDSS 10.0,1
2519.0,RESUCITADOR,Partos,PDSS 10.0,1
2520.0,SUCCIONADOR,Atenciones de Alto Costo y de Máximo Nivel de Complejidad,PDSS 10.0,1
2521.0,USO DE LAPAROSCOPIO,Hospitalización,PDSS 10.0,1
2522.0,USO DE CITOSCOPIO,Atenciones de Alto Costo y de Máximo Nivel de Complejidad,PDSS 10.0,1
2523.0,VENTILADOR DE CIRUGIA,Cirugía,PDSS 10.0,1
2524.0,"YESO, ( POSTURA SOLAMENTE )",Atenciones de Alto Costo y de Máximo Nivel de Complejidad,PDSS 10.0,1
2526.0,DESFIBRILADOR,Hospitalización,PDSS 10.0,1
2528.0,ELECTRO ESTIMULACION,Rehabilitación,PDSS 10.0,1
2529.0,REHABILITACION DE MIEMBRO INFERIORES,Hospitalización,PDSS 10.0,1
2530.0,REHABILITACION DE MIEMBRO SUPERIORES,Rehabilitación,PDSS 10.0,1
2531.0,REHABILITACION DE TRONCO,Rehabilitación,PDSS 10.0,1
2532.0,MULETAS,Atenciones de Alto Costo y de Máximo Nivel de Complejidad,PDSS 10.0,1
2533.0,ANDADORES,Hospitalización,PDSS 10.0,1
2534.0,BASTONES,Rehabilitación,PDSS 10.0,1
2535.0,FERULAS,Rehabilitación,PDSS 10.0,1
2537.0,PROTESIS DE PIE PARA SEGMENTO AMPUTADO,Atenciones de Alto Costo y de Máximo Nivel de Complejidad,PDSS 10.0,1
2538.0,PROTESIS TIBIAL PARA AMPUTADA TRAS TIBIAL,Atenciones de Alto Costo y de Máximo Nivel de Complejidad,PDSS 10.0,1
2539.0,PROTESIS FEMORAL,Atenciones de Alto Costo y de Máximo Nivel de Complejidad,PDSS 10.0,1
2543.0,TOXOIDE TETANICO,Trasplante Renal,PDSS 10.0,1
2544.36.3.2.00,REINTERVENCION DE REVASCULARIZACIÓN CARDIACA (DERIVACION O PUENTES CORONARIOS) SOD+,Atenciones de Alto Costo y de Máximo Nivel de Complejidad,PDSS 10.0,1
2545.36.0.1.01,"ANGIOPLASTIA CORONARIA TRANSLUMINAL PERCUTANEA, UNO O DOS VASOS",Atenciones de Alto Costo y de Máximo Nivel de Complejidad,PDSS 10.0,1
2548.39.9.5.01,HEMODIALISIS ESTANDAR CON BICARBONATO,Hospitalización,PDSS 10.0,1
2549.54.9.8.01,DIALISIS PERITONEAL MANUAL,Atenciones de Alto Costo y de Máximo Nivel de Complejidad,PDSS 10.0,1
2552.81.5.4.03,REEMPLAZO TOTAL DE RODILLA UNICOMPARTIMENTAL (HEMIARTICULACION),Atenciones de Alto Costo y de Máximo Nivel de Complejidad,PDSS 10.0,1
2553.81.8.0.10,REEMPLAZO PROTESICO PRIMARIO TOTAL DE HOMBRO,Atenciones de Alto Costo y de Máximo Nivel de Complejidad,PDSS 10.0,1
2554.81.0.8.12,ARTRODESIS POSTEROLATERAL INTERCORPORAL (PLIF) DE COLUMNA VERTEBRAL CON INSTRUMENTACION,Atenciones de Alto Costo y de Máximo Nivel de Complejidad,PDSS 10.0,1
2556.S1.2.1.01,INTERNACION EN UNIDAD DE CUIDADOS INTENSIVOS NEONATAL,Atenciones de Alto Costo y de Máximo Nivel de Complejidad,PDSS 10.0,1
2559.92.2.4.17,"TELETERAPIA CON ACELERADOR LINEAL HASTA 10 MV EN CARA, ENCEFALO, CUELLO, MEDIASTINO, GANGLIONAR SUPRA E INFRADIAFRAGMATICA, MAMA, BAÑOTORACCICO, ABDOMINAL TOTAL, RAQUIS, CORPORAL TOTAL (GRUPO 5) CON SIMULADOR Y CON PLANEACION COMPUTARIZADA (TIPO I)",Atenciones de Alto Costo y de Máximo Nivel de Complejidad,PDSS 10.0,1
2560.99.2.5.04,POLIQUIMIOTERAPIA DE BAJO RIESGO CICLO DE TRATAMIENTO,Atenciones de Alto Costo y de Máximo Nivel de Complejidad,PDSS 10.0,1
2561.0,MEDICAMENTOS,Servicios Odontológicos,PDSS 10.0,1
2563.0,USO DE ENDOSCOPIO,Emergencia,PDSS 10.0,1
2564.0,HONORARIOS MEDICO ANESTESIOLOGO,Atenciones de Alto Costo y de Máximo Nivel de Complejidad,PDSS 10.0,1
2565.0,HONORARIOS MEDICOS QUIRURGICO,Cirugía,PDSS 10.0,1
2567.0,LABORATORIOS,Apoyo Diagnóstico (Dx) en Internamiento y Ambulatoria,PDSS 10.0,1
2568.0,ANESTESIA,Atenciones de Alto Costo y de Máximo Nivel de Complejidad,PDSS 10.0,1
2569.0,HONORARIOS MEDICO ESPECIALISTA,Atenciones de Alto Costo y de Máximo Nivel de Complejidad,PDSS 10.0,1
2570.90.3.8.02,ACIDO URICO EN ORINA DE 24 H,Hospitalización,PDSS 10.0,1
2571.0,CONSULTA DE CONTROL O DE SEGUIMIENTO POR FISIOTERAPIA +,Rehabilitación,PDSS 10.0,1
2572.81.0.9.34,"REFUSION DE COLUMNA SACRA, VIA POSTERIOR O POSTEROLATERAL, CON INJERTO E INSTRUMENTACION",Atenciones de Alto Costo y de Máximo Nivel de Complejidad,PDSS 10.0,1
2573.81.0.9.11,"REFUSION DE COLUMNA TORACICA, VIA ANTERIOR, CON INJERTO +",Atenciones de Alto Costo y de Máximo Nivel de Complejidad,PDSS 10.0,1
2574.81.0.9.22,"REFUSION DE COLUMNA LUMBAR, VIA ANTERIOR, CON INJERTO E INSTRUMENTACION",Atenciones de Alto Costo y de Máximo Nivel de Complejidad,PDSS 10.0,1
2575.81.0.9.21,"REFUSION DE COLUMNA LUMBAR, VIA ANTERIOR, CON INJERTO +",Atenciones de Alto Costo y de Máximo Nivel de Complejidad,PDSS 10.0,1
2576.81.0.9.24,"REFUSION DE COLUMNA LUMBAR, VIA POSTERIOR O POSTEROLATERAL, CON INJERTO E INSTRUMENTACION",Atenciones de Alto Costo y de Máximo Nivel de Complejidad,PDSS 10.0,1
2577.81.0.9.23,"REFUSION DE COLUMNA LUMBAR, VIA POSTERIOR O POSTEROLATERAL, CON INJERTO +",Atenciones de Alto Costo y de Máximo Nivel de Complejidad,PDSS 10.0,1
2578.81.0.9.32,"REFUSION DE COLUMNA SACRA, VIA ANTERIOR, CON INJERTO E INSTRUMENTACION",Atenciones de Alto Costo y de Máximo Nivel de Complejidad,PDSS 10.0,1
2579.81.0.9.31,"REFUSION DE COLUMNA SACRA, VIA ANTERIOR, CON INJERTO +",Atenciones de Alto Costo y de Máximo Nivel de Complejidad,PDSS 10.0,1
2580.81.0.9.33,"REFUSION DE COLUMNA SACRA, VIA POSTERIOR O POSTEROLATERAL, CON INJERTO +",Atenciones de Alto Costo y de Máximo Nivel de Complejidad,PDSS 10.0,1
2581.81.0.9.12,"REFUSION DE COLUMNA TORACICA, VIA ANTERIOR, CON INJERTO E INSTRUMENTACION",Atenciones de Alto Costo y de Máximo Nivel de Complejidad,PDSS 10.0,1
2582.81.0.9.13,"REFUSION DE COLUMNA TORACICA, VIA POSTERIOR O POSTEROTATERAL, CON INJERTO+",Atenciones de Alto Costo y de Máximo Nivel de Complejidad,PDSS 10.0,1
2583.81.0.9.14,"REFUSION DE COLUMNA TORACICA, VIA POSTERIOR O POSTEROLATERAL, INJERTO E INSTRUMENTACION",Atenciones de Alto Costo y de Máximo Nivel de Complejidad,PDSS 10.0,1
2584.88.1.3.01,ULTRASONOGRAFIA DIAGNOSTICA DE TEJIDOS BLANDOS DE PARED ABDOMINAL Y DE PELVIS +,Atenciones de Alto Costo y de Máximo Nivel de Complejidad,PDSS 10.0,1
2585.88.1.6.02,ULTRASONOGRAFÍA DE TEJIDOS BLANDOS EN LAS EXTREMIDADES INFERIORES CON TRANSDUCTOR DE 7 MHZ O MAS +,Atenciones de Alto Costo y de Máximo Nivel de Complejidad,PDSS 10.0,1
2586.88.1.6.01,ULTRASONOGRAFÍA DE TEJIDOS BLANDOS EN LAS EXTREMIDADES SUPERIORES CON TRANSDUCTOR DE 7 MHZ O MAS +,Atenciones de Alto Costo y de Máximo Nivel de Complejidad,PDSS 10.0,1
2587.81.5.2.00,REEMPLAZO PARCIAL DE CADERA SOD,Atenciones de Alto Costo y de Máximo Nivel de Complejidad,PDSS 10.0,1
2588.81.5.1.02,REEMPLAZO PROTÉSICO TOTAL CON ARTRODESIS DE CADERA +,Atenciones de Alto Costo y de Máximo Nivel de Complejidad,PDSS 10.0,1
2589.92.2.4.23,"TELERADIOTERAPIA CON ACELERADOR LINEAL MAYOR DE 10 MV, PALEACION EN UNA SOLA DOSIS Y ENTIDADES BENIG",Atenciones de Alto Costo y de Máximo Nivel de Complejidad,PDSS 10.0,1
2590.90.2.0.47,TIEMPO DE SANGRIA ESTANDARIZADO,Atenciones de Alto Costo y de Máximo Nivel de Complejidad,PDSS 10.0,1
2591.90.3.4.37,"TROPONINA I, CUANTITATIVA §",Atenciones de Alto Costo y de Máximo Nivel de Complejidad,PDSS 10.0,1
2592.90.3.8.20,CREATIN QUINASA [FRACCION MB] POR MÉTODO INMUNOLOGICO,Atenciones de Alto Costo y de Máximo Nivel de Complejidad,PDSS 10.0,1
2593.90.4.1.09,PROLACTINA [MEZCLA DE TRES MUESTRAS],Atenciones de Alto Costo y de Máximo Nivel de Complejidad,PDSS 10.0,1
2594.90.4.7.05,INSULINA LIBRE,Atenciones de Alto Costo y de Máximo Nivel de Complejidad,PDSS 10.0,1
2595.90.6.1.30,"Toxoplasma gondii, ANTICUERPOS Ig M POR IFI §",Atenciones de Alto Costo y de Máximo Nivel de Complejidad,PDSS 10.0,1
2596.90.6.4.08,"CARDIOLIPINA, ANTICUERPOS Ig G POR EIA +",Atenciones de Alto Costo y de Máximo Nivel de Complejidad,PDSS 10.0,1
2597.90.6.4.09,"CARDIOLIPINA, ANTICUERPOS Ig M POR EIA +",Hospitalización,PDSS 10.0,1
2598.67.1.2.02,BIOPSIA DE CUELLO UTERINO CIRCUNFERENCIAL +,Hospitalización,PDSS 10.0,1
2599.89.8.0.05,ESTUDIO DE COLORACIÓN HISTOQUIMICA EN CITOLOGIA VAGINAL TUMORAL Y/O FUNCIONAL,Hospitalización,PDSS 10.0,1
2600.89.8.0.09,ESTUDIO DE COLORACION INMUNOHISTOQUIMICA EN CITOLOGIA VAGINAL TUMORAL Y/O FUNCIONAL ,Apoyo Diagnóstico (Dx) en Internamiento y Ambulatoria,PDSS 10.0,1
2601.87.3.2.10,RADIOGRAFIA DE DEDOS EN MANO +,Hospitalización,PDSS 10.0,1
2602.88.3.2.10,RESONANCIA NUCLEAR MAGNETICA DE COLUMNA CERVICAL SIMPLE §,Atenciones de Alto Costo y de Máximo Nivel de Complejidad,PDSS 10.0,1
2603.88.1.1.18,ULTRASONOGRAFIA DIAGNOSTICA CEREBRAL TRANSFONTANELAR CON ANALISIS DOPPLER +,Hospitalización,PDSS 10.0,1
2604.89.1.4.02,ELECTROENCEFALOGRAMA COMPUTARIZADO,Atenciones de Alto Costo y de Máximo Nivel de Complejidad,PDSS 10.0,1
2605.89.1.4.10,ELECTROENCEFALOGRAMA DIGITAL CON MAPEO CEREBRAL,Atenciones de Alto Costo y de Máximo Nivel de Complejidad,PDSS 10.0,1
2606.45.2.2.00,ENDOSCOPIA DE INTESTINO GRUESO A TRAVES DE ESTOMA ARTIFICIAL SOD,Atenciones de Alto Costo y de Máximo Nivel de Complejidad,PDSS 10.0,1
2607.45.2.3.01,COLONOSCOPIA TOTAL,Atenciones de Alto Costo y de Máximo Nivel de Complejidad,PDSS 10.0,1
2608.45.2.3.02,COLONOSCOPIA IZQUIERDA CON EQUIPO FLEXIBLE +,Atenciones de Alto Costo y de Máximo Nivel de Complejidad,PDSS 10.0,1
2609.45.2.4.01,SIGMOIDOSCOPIA FLEXIBLE O RIGIDA +,Atenciones de Alto Costo y de Máximo Nivel de Complejidad,PDSS 10.0,1
2610.99.3.5.22,"VACUNACION COMBINADA CONTRA SARAMPION, PAROTIDITIS Y RUBEOLA (SRP) (TRIPLE VIRAL) +",Prevención y Promoción,PDSS 10.0,1
2611.99.3.1.30,VACUNACION COMBINADA CONTRA HAEMOPHILUS INFLUENZA TIPO B DIFTERIA TETANOS TOS FERINA Y HEPATITIS B PENTAVALENTE,Prevención y Promoción,PDSS 10.0,1
2612.99.3.1.31,"VACUNACION COMBINADA CONTRA Haemophilus influenza tipo b, DIFTERIA, TETANOS, TOS FERINA Y POLIOMIELITIS IVP (PENTAVALENTE) +",Prevención y Promoción,PDSS 10.0,1
2613.92.2.4.18,"TELETERAPIA CON ACELERADOR LINEAL HASTA 10 MV EN CARA, ENCEFALO, CUELLO, MEDIASTINO, GANGLIONAR SUPRA E INFRADIAFRAGMATICA, MAMA, BAÑO TORACCICO, ABDOMINAL TOTAL, RAQUIS, CORPORAL TOTAL (GRUPO 5) SIN SIMULADOR Y CON PLANEACION COMPUTARIZADA (TIPO II)",Atenciones de Alto Costo y de Máximo Nivel de Complejidad,PDSS 10.0,1
2614.92.2.4.19,"TELETERAPIA CON ACELERADOR LINEAL HASTA 10 MV EN CARA, ENCEFALO, CUELLO, MEDIASTINO, GANGLIONAR SUPRA E INFRADIAFRAGMATICA, MAMA, BAÑO TORACCICO, ABDOMINAL TOTAL, RAQUIS, CORPORAL TOTAL (GRUPO 5) SIN SIMULADOR Y CON PLANEACION MANUAL (TIPO III)",Atenciones de Alto Costo y de Máximo Nivel de Complejidad,PDSS 10.0,1
2615.92.2.4.20,"TELETERAPIA CON ACELERADOR LINEAL HASTA 10 MV EN CARA, ENCEFALO, CUEL LO, MEDIASTINO, GANGLIONAR SUPRA E INFRADIAFRAGMATICA, MAMA, BAÑO TORACCICO, ABDOMINAL TOTAL, RAQUIS, CORPORAL TOTAL (GRUPO 5) SIN SIMULADOR Y CON PLANEACION MANUAL (TIPO IV)",Atenciones de Alto Costo y de Máximo Nivel de Complejidad,PDSS 10.0,1
2616.99.2.5.01,QUIMIOTERAPIA DE INDUCCION,Atenciones de Alto Costo y de Máximo Nivel de Complejidad,PDSS 10.0,1
2617.99.2.5.03,MONOQUIMIOTERAPIA (CICLO DE TRATAMIENTO),Atenciones de Alto Costo y de Máximo Nivel de Complejidad,PDSS 10.0,1
2618.99.2.5.05,POLIQUIMIOTERAPIA DE ALTO RIESGO (CICLO DE TRATAMIENTO) +,Atenciones de Alto Costo y de Máximo Nivel de Complejidad,PDSS 10.0,1
2619.92.2.4.21,"TELETERAPIA CON ACELERADOR LINEAL MAYOR DE 10 MV, PALEACION EN UNA SOLA DOSIS Y ENTIDADES BENIGNAS O IRRADIACION DE PRODUCTOS SANGUINEOS (GRUPO 1) CON SIMULADOR Y PLANEACION COMPUTARIZADA (TIPO I) +",Atenciones de Alto Costo y de Máximo Nivel de Complejidad,PDSS 10.0,1
2620.92.2.4.22,"TELETERAPIA CON ACELERADOR LINEAL MAYOR DE 10 MV, PALEACION EN UNA SOLA DOSIS Y ENTIDADES BENIGNAS O IRRADIACION DE PRODUCTOS SANGUINEOS (GRUPO 1) SIN SIMULADOR Y PLANEACION COMPUTARIZADA (TIPO II) +",Atenciones de Alto Costo y de Máximo Nivel de Complejidad,PDSS 10.0,1
2621.92.2.4.24,"TELETERAPIA CON ACELERADOR LINEAL MAYOR DE 10 MV, PALEACION EN UNA SOLA DOSIS Y ENTIDADES BENIGNAS O IRRADIACION DE PRODUCTOS SANGUINEOS (GRUPO 1) CON SIMULADOR Y PLANEACION MANUAL (TIPO IV)",Atenciones de Alto Costo y de Máximo Nivel de Complejidad,PDSS 10.0,1
2622.10.3.1.04,RESECCION DE PTERIGION SIMPLE (NASAL O TEMPORAL) CON INJERTO §,Cirugía,PDSS 10.0,1
2623.31.3.1.02,EXTRACCION DE CUERPO EXTRAÑO DE LARINGE VIA LARINGOTOMIA +,Cirugía,PDSS 10.0,1
2624.49.4.3.00,CAUTERIZACION DE HEMORROIDES SOD,Cirugía,PDSS 10.0,1
2625.49.4.4.00,ABLACION DE HEMORROIDES POR CRIOTERAPIA SOD,Cirugía,PDSS 10.0,1
2626.49.4.6.00,ESCISION DE HEMORROIDES SOD §,Cirugía,PDSS 10.0,1
2629.59.0.3.00,URETEROLISIS O PIELOURETEROLISIS (LIBERACION DE ADHERENCIAS PERIURETERALES Y PERICALICIALES) SOD +,Cirugía,PDSS 10.0,1
2631.60.5.1.00,PROSTATECTOMIA RADICAL (PROSTATOVESICULECTOMIA) SOD +,Cirugía,PDSS 10.0,1
2632.62.3.0.11,ORQUIECTOMIA DE UN TESTICULO INTRAABDOMINAL UNILATERAL POR LAPAROSCOPIA,Cirugía,PDSS 10.0,1
2633.65.2.1.02,CISTECTOMIA DE OVARIO POR LAPAROSCOPIA +,Cirugía,PDSS 10.0,1
2634.65.2.3.01,RESECCION DE TUMOR DE OVARIO POR LAPAROTOMIA,Cirugía,PDSS 10.0,1
2635.65.2.3.02,RESECCION DE TUMOR DE OVARIO POR LAPAROSCOPIA,Cirugía,PDSS 10.0,1
2636.60.3.1.00,PROSTATECTOMIA TRANSVESICAL SOD,Cirugía,PDSS 10.0,1
2637.71.2.3.00,MARSUPIALIZACION Y/O DRENAJE EN LA GLANDULA DE BARTHOLIN O DE SKENE SOD §,Cirugía,PDSS 10.0,1
2638.75.0.1.05,LEGRADO UTERINO OBSTETRICO POSTPARTO O POSTABORTO POR ASPIRACION AL VACIO+,Cirugía,PDSS 10.0,1
2639.75.0.2.01,DILATACION Y LEGRADO PARA TERMINACION DEL EMBARAZO,Cirugía,PDSS 10.0,1
2640.79.5.1.02,REDUCCION ABIERTA CON FIJACION INTERNA DE EPÍFISIS SEPARADA DE HUMERO +,Cirugía,PDSS 10.0,1
2641.85.4.5.01,ESCISION DE MAMA MUSCULOS PECTORALES Y GANGLIOS LINFATICOS REGIONALES,Cirugía,PDSS 10.0,1
2642.85.4.5.02,MASTECTOMIA RADICAL MODIFICADA UNILATERAL,Cirugía,PDSS 10.0,1
2643.85.4.6.00,MASTECTOMIA RADICAL BILATERAL SOD,Cirugía,PDSS 10.0,1
2644.85.4.7.01,"ESCISION DE MAMA, MUSCULOS, GANGLIOS LINFATICOS (AXILARES, CLAVICULARES, SUPRACLAVICULARES, MAMARIOS INTERNOS Y MEDIASTINICOS)",Cirugía,PDSS 10.0,1
2645.85.4.8.00,MASTECTOMIA RADICAL AMPLIADA BILATERAL SOD,Cirugía,PDSS 10.0,1
2646.35.1.2.00,"COMISUROTOMIA, VALVULOTOMIA O VALVULOPLASTIA MITRAL VIA ABIERTA SOD +",Atenciones de Alto Costo y de Máximo Nivel de Complejidad,PDSS 10.0,1
2647.11.6.1.00,QUERATOPLASTIA LAMELAR O SUPERFICIAL SOD,Atenciones de Alto Costo y de Máximo Nivel de Complejidad,PDSS 10.0,1
2648.11.6.2.00,QUERATOPLASTIA PENETRANTE SOD,Atenciones de Alto Costo y de Máximo Nivel de Complejidad,PDSS 10.0,1
2649.11.6.4.00,ESCLEROQUERATOPLASTIA SOD,Atenciones de Alto Costo y de Máximo Nivel de Complejidad,PDSS 10.0,1
2680.0,"CONSULTA DE URGENCIAS, MEDICINA ESPECIALIZADA",Atenciones de Alto Costo y de Máximo Nivel de Complejidad,PDSS 10.0,1
2681.15.5.1.00,CIRUGIA DE CORRECCION DE ESTRABISMO,Cirugía,PDSS 10.0,1
2682.27.3.1.03,RESECCION LOCAL DEL PALADAR POR QUIMIOTERAPIA,Cirugía,PDSS 10.0,1
2683.37.2.1.01,CATETERISMO CARDIACO DEL LADO DERECHO DEL CORAZON CON ESTUDIO ELECTROFISIOLOGICO INTRACARDIACO [ESTUDIO ELECT ROFISIOLOGICO CARDIACO CONVENCIONAL] +,Atenciones de Alto Costo y de Máximo Nivel de Complejidad,PDSS 10.0,1
2684.37.2.2.00,CATETERISMO CARDIACO DEL LADO IZQUIERDO DEL CORAZON SOD,Apoyo Diagnóstico (Dx) en Internamiento y Ambulatoria,PDSS 10.0,1
2685.37.2.3.00,CATETERISMO COMBINADO DE LOS LADOS DERECHOS E IZQUIERDO DEL CORAZON,Atenciones de Alto Costo y de Máximo Nivel de Complejidad,PDSS 10.0,1
2686.37.2.3.01,CATETERISMO COMBINADO DE LOS LADOS DERECHO E IZQUIERDODEL CORAZON CON ESTUDIO ELECTROFISIOLOGICO,Apoyo Diagnóstico (Dx) en Internamiento y Ambulatoria,PDSS 10.0,1
2687.53.0.1.00,HERNIORRAFIA INGUINAL DIRECTA SOD,Cirugía,PDSS 10.0,1
2688.53.0.3.00,HERNIORRAFIA INGUINAL ENCARCELADA,Cirugía,PDSS 10.0,1
2689.53.1.2.00,REPARACION BILATERAL DE HERNIA INGUINAL INDIRECTA,Cirugía,PDSS 10.0,1
2690.53.4.0.00,HERNIORRAFIA UMBILICAL,Cirugía,PDSS 10.0,1
2691.54.9.0.04,COLOCACION DE CATETER PERITONEAL IMPLANTABLE INTRAARTERIAL PARA QUIMIOTERAPIA,Atenciones de Alto Costo y de Máximo Nivel de Complejidad,PDSS 10.0,1
2692.54.9.0.11,RETIRO DE CATETER PERITONEAL PARA QUIMIOTERAPIA INTRAARTERIAL,Atenciones de Alto Costo y de Máximo Nivel de Complejidad,PDSS 10.0,1
2693.55.6.2.00,TRASPLANTE DE RINON DE DONANTE,Atenciones de Alto Costo y de Máximo Nivel de Complejidad,PDSS 10.0,1
2694.68.3.1.00,HISTERECTOMIA SUBTOTAL O SUPRACERVICAL SOD,Cirugía,PDSS 10.0,1
2695.68.4.0.00,HISTERECTOMIA TOTAL ABDOMINAL,Cirugía,PDSS 10.0,1
2696.68.5.1.00,HISTERECTOMIA VAGINAL,Cirugía,PDSS 10.0,1
2697.68.6.1.00,HISTERECTOMIA RADICAL MODIFICADA,Cirugía,PDSS 10.0,1
2698.68.7.0.00,HISTERECTOMIA RADICAL VAGINAL,Cirugía,PDSS 10.0,1
2699.69.0.1.02,LEGRADO UTERINO GINECOLOGICO TERAPEUTICO,Cirugía,PDSS 10.0,1
2700.87.3.1.22,RADIOGRAFIA DE ANTEBRAZO,Apoyo Diagnóstico (Dx) en Internamiento y Ambulatoria,PDSS 10.0,1
2701.92.0.2.02,GAMMAGRAFIA DE TIRODES,Apoyo Diagnóstico (Dx) en Internamiento y Ambulatoria,PDSS 10.0,1
2702.92.2.2.00,TELETERAPIA ORTOVOLTAJE MAYOR DE 120 KV SOD+ +,Atenciones de Alto Costo y de Máximo Nivel de Complejidad,PDSS 10.0,1
2703.92.2.1.00,TELETERAPIA ORTOVOLTAJE MENOR DE 120 KV SOD +,Atenciones de Alto Costo y de Máximo Nivel de Complejidad,PDSS 10.0,1
2704.92.3.1.02,"RADIOCIRUGIA ESTEREOTAXICA CON ACELERADOR LINEAL, DOSIS FRACCIONADA [RADIOTERAPIA FRACCIONADA EN CONDICIONES ESTEREOTAXICAS] +",Atenciones de Alto Costo y de Máximo Nivel de Complejidad,PDSS 10.0,1
2705.88.1.2.20,GUIA ECOGRAFICA PARA PROCEDIMIENTOS DIAGNOSTICOS DE MAMA-ACR,Apoyo Diagnóstico (Dx) en Internamiento y Ambulatoria,PDSS 10.0,1
2706.93.5.3.01,APLICACION O CAMBIO DE YESO PARA INMOVILIZACION EN MIEMBRO SUPERIOR (EXCEPTO MANO),Hospitalización,PDSS 10.0,1
2707.93.5.3.02,APLICACION O CAMBIO DE YESO PARA INMOVILIZACION EN MANO,Atenciones de Alto Costo y de Máximo Nivel de Complejidad,PDSS 10.0,1
2708.93.5.3.03,APLICACION O CAMBIO DE YESO O ARNES EN TORAX Y/O PELVIS,Hospitalización,PDSS 10.0,1
2709.93.5.3.04,"APLICACION O CAMBIO DE YESO PARA INMOVILIZACION EN MIEMBRO INFERIOR (MUSLO, PIERNA O TOBILLO)",Atenciones de Alto Costo y de Máximo Nivel de Complejidad,PDSS 10.0,1
2710.93.5.3.05,APLICACION O CAMBIO DE YESO EN PIE,Hospitalización,PDSS 10.0,1
2711.93.5.3.06,"APLICACION O CAMBIO DE YESO, ESPICA, ARNES O ALMOHADILLA PARA INMOVILIZACION DE PELVIS (CADERA)",Atenciones de Alto Costo y de Máximo Nivel de Complejidad,PDSS 10.0,1
2712.93.5.3.07,APLICACION O CAMBIO DE YESO PARA INMOVILIZACION DE PELVIS (CADERA) Y COCCIX,Hospitalización,PDSS 10.0,1
2713.99.2.5.02,QUIMIOTERAPIA INTRATECAL,Atenciones de Alto Costo y de Máximo Nivel de Complejidad,PDSS 10.0,1
2714.99.2.5.10,INFUSION DE QUIMIOTERAPIA INTRARTERIAL REGIONAL O EN CAVIDADES,Atenciones de Alto Costo y de Máximo Nivel de Complejidad,PDSS 10.0,1
2715.99.4.1.00,ADMINISTRACION DE ANTITOXINA TETANICA SOD +,Emergencia,PDSS 10.0,1
2716.99.8.3.02,"FOTOFERESIS TERAPEUTICA [FOTOQUIMIOTERAPIA] (PSORIASIS, VITILIGO, LINFOMAS)",Cirugía,PDSS 10.0,1
2717.S2.2.2.22,SALA DE QUIMIOTERAPIA,Atenciones de Alto Costo y de Máximo Nivel de Complejidad,PDSS 10.0,1
2718.43.7.1.00,GASTROYEYUNOSTOMIA SOD,Cirugía,PDSS 10.0,1
2719.86.4.2.01,"RESECCION DE TUMOR BENIGNO O MALIGNO DE PIEL Y/O TEJIDO CELULAR SUBCUTANEO DE AREA ESPECIAL, HASTA UN CENTIMETRO +",Cirugía,PDSS 10.0,1
2720.44.4.3.00,CONTROL ENDOSCOPICO DE HEMORRAGIA GASTRICA O DUODENAL SOD §,Cirugía,PDSS 10.0,1
2721.48.3.6.00,POLIPECTOMIA ENDOSCOPICA DE RECTO SOD,Cirugía,PDSS 10.0,1
2722.51.1.0.00,COLANGIO-PANCREATOGRAFIA RETROGRADA ENDOSCOPICA (CPRE) SOD,Hospitalización,PDSS 10.0,1
2723.54.1.2.00,LAPAROTOMIA EXPLORATORIA SOD +,Cirugía,PDSS 10.0,1
2724.54.2.2.00,BIOPSIA ABIERTA DE PARED ABDOMINAL U OMBLIGO ,Cirugía,PDSS 10.0,1
2725.54.3.1.00,ESCISION DE TUMOR BENIGNO EN LA PARED ABDOMINAL SOD,Cirugía,PDSS 10.0,1
2726.54.3.3.00,ESCISION DE LESION AMPLIA EN LA PARED ABDOMINAL SOD §,Cirugía,PDSS 10.0,1
2727.66.0.1.01,SALPINGOSTOMIA Y DRENAJE TROMPA DE FALOPIO POR LAPAROTOMIA,Cirugía,PDSS 10.0,1
2728.66.3.9.10,ESTERILIZACIÓN FEMENINA NCOC,Cirugía,PDSS 10.0,1
2729.69.5.1.01,ASPIRACIÓN AL VACÍO DE ÚTERO PARA TERMINACIÓN DEL EMBARAZO,Cirugía,PDSS 10.0,1
2730.71.7.9.20,SUTURA DE DESGARRO O LACERACION NO OBSTETRICA RECIENTE QUE INVOLUCRA VULVA O PERINE (MUCOSA Y/O MUSCULO) (GRADO I-II) +,Cirugía,PDSS 10.0,1
2731.74.3.1.00,REMOCION DE EMBARAZO ECTOPICO ABDOMINAL SOD,Cirugía,PDSS 10.0,1
2732.60.4.0.00,ADENOMECTOMIA RETROPUBICA SOD +,Cirugía,PDSS 10.0,1
2733.79.6.5.00,LAVADO Y DESBRIDAMIENTO DE FRACTURA ABIERTA DE FEMUR SOD,Cirugía,PDSS 10.0,1
2734.79.6.6.00,LAVADO Y DESBRIDAMIENTO DE FRACTURA ABIERTA DE TIBIA O PERONE SOD,Atenciones de Alto Costo y de Máximo Nivel de Complejidad,PDSS 10.0,1
2735.79.6.7.00,LAVADO Y DESBRIDAMIENTO DE FRACTURA ABIERTA DE TARSIANOS O METATARSIANOS SOD,Cirugía,PDSS 10.0,1
2736.79.6.8.00,LAVADO Y DESBRIDAMIENTO DE FRACTURA ABIERTA DE DEDOS DE PIE SOD +,Atenciones de Alto Costo y de Máximo Nivel de Complejidad,PDSS 10.0,1
2737.79.6.9.02,LAVADO Y DESBRIDAMIENTO DE FRACTURA EXPUESTA DE ROTULA,Cirugía,PDSS 10.0,1
2738.79.6.9.05,LAVADO Y DESBRIDAMIENTO DE FRACTURA ABIERTA DE RAQUIS O COLUMNA,Atenciones de Alto Costo y de Máximo Nivel de Complejidad,PDSS 10.0,1
2739.83.4.9.10,"LIMPIEZA Y DESBRIDAMIENTO QUIRURGICOS DE MUSCULOS, TENDONES Y FASCIA EN BRAZO",Cirugía,PDSS 10.0,1
2740.83.4.9.20,"LIMPIEZA Y DESBRIDAMIENTO QUIRURGICOS DE MUSCULOS, TENDONES Y FASCIA EN ANTEBRAZO",Atenciones de Alto Costo y de Máximo Nivel de Complejidad,PDSS 10.0,1
2741.83.4.9.30,"LIMPIEZA Y DESBRIDAMIENTO QUIRURGICOS DE MUSCULOS, TENDONES Y FASCIA EN MUSLO",Cirugía,PDSS 10.0,1
2742.60.4.1.00,PROSTATECTOMIA TRANSVESICOCAPSULAR SOD,Cirugía,PDSS 10.0,1
2743.83.6.0.10,SUTURA DE MUSCULO Y/O TENDON Y/O FASCIA Y/O APONEUROSIS SOD +,Cirugía,PDSS 10.0,1
2744.86.1.8.01,INSERCION DE ANTICONCEPTIVOS SUBDERMICOS,Prevención y Promoción,PDSS 10.0,1
2745.62.5.1.01,ORQUIDOPEXIA CON DESTORSION DE TESTICULO O DE CORDON ESPERMATICO,Cirugía,PDSS 10.0,1
2746.62.5.2.02,ORQUIDOPEXIA TRANSABDOMINAL LESIONES,Cirugía,PDSS 10.0,1
2747.86.3.1.02,"RESECCION DE LESIONES CUTANEAS POR CAUTERIZACION, FULGURACION O CRIOTERAPIA EN AREA GENERAL, MAS DE SEIS LESIONES +",Cirugía,PDSS 10.0,1
2748.86.3.1.04,"RESECCION DE LESIONES CUTANEAS POR CAUTERIZACION, FULGURACION O CRIOTERAPIA EN AREA ESPECIAL, ENTRE TRES A DIEZ LESIONES",Cirugía,PDSS 10.0,1
2749.86.4.2.02,"RESECCION DE TUMOR BENIGNO O MALIGNO DE PIEL Y/O TEJIDO CELULAR SUBCUTANEO DE AREA ESPECIAL,ENTRE UNO A DOS CENTIMETROS +",Cirugía,PDSS 10.0,1
2750.86.4.2.03,"RESECCION DE TUMOR BENIGNO O MALIGNO DE PIEL Y/O TEJIDO CELULAR SUBCUTANEO DE AREA ESPECIAL, ENTRE DOS A TRES CENTIMETROS +",Cirugía,PDSS 10.0,1
2751.86.4.2.04,"RESECCION DE TUMOR BENIGNO O MALIGNO DE PIEL Y/O TEJIDO CELULAR SUBCUTANEO DE AREA ESPECIAL, ENTRE TRES A CINCO CENTIMETROS +",Cirugía,PDSS 10.0,1
2752.86.4.2.05,"RESECCION DE TUMOR BENIGNO O MALIGNO DE PIEL Y/O TEJIDO CELULAR SUBCUTANEO DE AREA ESPECIAL, DE MAS DE CINCO CENTIMETROS +",Cirugía,PDSS 10.0,1
2753.62.5.2.20,ORQUIDOPEXIA CON TRANSPOSICION O MOVILIZACION Y SUSTITUCION DE TESTICULO EN ESCROTO,Cirugía,PDSS 10.0,1
2754.02.0.2.04,REDUCCION DE FRACTURA COMPUESTA  CONMINUTA DE CRANEO CON PLASTIA DURAL Y LIMPIEZAHEMOSTASIA CEREBRAL DESBRIDAMIENTO EN UN SOLO TIEMPO,Cirugía,PDSS 10.0,1
2755.63.1.3.01,HIDROCELECTOMIA DE CORDON ESPERMATICO VIA INGUINAL+,Cirugía,PDSS 10.0,1
2756.86.5.2.02,SUTURA DE HERIDA UNICA DE CARA SIN COMPROMISO DE LABIOS Y/O PARPADOS+,Cirugía,PDSS 10.0,1
2757.62.5.2.10,ORQUIDOPEXIA CON RECONSTRUCCION DE CANAL INGUINAL,Cirugía,PDSS 10.0,1
2758.86.5.2.04,SUTURA DE HERIDA MULTIPLE DE CARA NCOC §,Cirugía,PDSS 10.0,1
2759.86.5.2.05,SUTURA DE HERIDA MULTIPLE DE CARA SIN COMPROMISO DE LABIOS Y/O PARPADOS§,Atenciones de Alto Costo y de Máximo Nivel de Complejidad,PDSS 10.0,1
2760.86.5.2.06,"SUTURA DE HERIDA MULTIPLE DE PLIEGUES DE FLEXION, GENITALES, MANOS Y PIES §",Cirugía,PDSS 10.0,1
2761.86.5.2.07,SUTURA DE HERIDA PARCIAL DE CUERO CABELLUDO (ESCALPE) +,Atenciones de Alto Costo y de Máximo Nivel de Complejidad,PDSS 10.0,1
2762.01.5.4.00,RESECCION DE TUMORES DE LA BASE DEL CRANEO FOSA POSTERIOR,Cirugía,PDSS 10.0,1
2763.01.5.4.01,"RESECCION DE TUMOR DE LA BASE DEL CRANEO, FOSA POSTERIOR, VIA EXTREMO LATERAL +",Cirugía,PDSS 10.0,1
2764.01.5.4.02,"RESECCION DE TUMOR DE LA BASE DEL CRANEO, FOSA POSTERIOR, VIA FRONTO ORBITO ETMOIDAL +",Cirugía,PDSS 10.0,1
2765.01.5.4.03,"RESECCION DE TUMOR DE LA BASE DEL CRANEO, FOSA POSTERIOR, VIA SUBTEMPORAL PREAURICULAR INFRATEMPORAL Y CERVICOTOMIA TRANSMANDIBULAR+",Cirugía,PDSS 10.0,1
2766.01.5.4.04,"RESECCION DE TUMOR DE LA BASE DEL CRANEO, FOSA POSTERIOR, VIA TRANSORAL+",Cirugía,PDSS 10.0,1
2767.01.5.4.05,"RESECCION DE TUMOR DE LA BASE DEL CRANEO, FOSA POSTERIOR, VIA MAXILOTOMIA EXTENDIDA +",Cirugía,PDSS 10.0,1
2768.01.5.4.06,"RESECCION DE TUMOR DE LA BASE DEL CRANEO, FOSA POSTERIOR, VIA TRANSLABERINTICA +",Cirugía,PDSS 10.0,1
2769.01.5.4.07,"RESECCION DE TUMOR DE LA BASE DEL CRANEO, FOSA POSTERIOR, VIA TRANSCOCLEAR +",Cirugía,PDSS 10.0,1
2770.01.5.4.08,"RESECCION DE TUMOR DE LA BASE DEL CRANEO, FOSA POSTERIOR, VIA FOSA MEDIA+",Cirugía,PDSS 10.0,1
2771.58.6.1.01,DILATACION DE URETRA POR URETROTOMIA EXTERNA,Cirugía,PDSS 10.0,1
2772.01.7.0.01,"DRENAJE DE COLECCIONES INTRACEREBRALES, POR CRANEOTOMIA",Cirugía,PDSS 10.0,1
2773.01.7.0.03,"DRENAJE DE COLECCIONES INTRACEREBRALES, POR PUNCION DIRIGIDA",Cirugía,PDSS 10.0,1
2774.01.7.0.04,"DRENAJE DE COLECCIONES INTRACEREBRALES DE FOSA POSTERIOR, POR CRANEOTOMIA SUBOCCIPITAL",Cirugía,PDSS 10.0,1
2775.38.0.1.03,TROMBOEMBOLECTOMIA DE CAROTIDA INTERNA SUPRACLINOIDEA,Cirugía,PDSS 10.0,1
2776.58.6.1.02,DILATACION DE URETRA POR URETROTOMIA INTERNA,Cirugía,PDSS 10.0,1
2777.59.8.0.01,CATETERISMO URETERAL DE AUTORRETENCION VIA ENDOSCOPICA,Cirugía,PDSS 10.0,1
2778.43.8.2.00,"GASTRECTOMIA PARCIAL, CON RECONSTRUCCION CON O SIN VAGOTOMIA SOD",Cirugía,PDSS 10.0,1
2779.51.1.1.00,COLANGIOGRAFIA ENDOSCOPICA RETROGRADA (TRANSDUODENAL) SOD +,Hospitalización,PDSS 10.0,1
2780.51.2.1.04,COLECISTECTOMIA POR LAPAROSCOPIA,Cirugía,PDSS 10.0,1
2781.66.0.1.02,SALPINGOSTOMIA Y DRENAJE TROMPA DE FALOPIO POR LAPAROSCOPIA,Cirugía,PDSS 10.0,1
2782.71.8.1.00,EXTRACCION DE CUERPO EXTRAÑO DE VULVA Y/O PERINE CON INCISION SOD,Cirugía,PDSS 10.0,1
2783.83.4.9.40,"LIMPIEZA Y DESBRIDAMIENTO QUIRURGICOS DE MUSCULOS, TENDONES Y FASCIA EN PIERNA",Cirugía,PDSS 10.0,1
2785.19.2.1.00,REVISION DE ESTAPEDECTOMIA O ESTAPEDOTOMIA SOD,Cirugía,PDSS 10.0,1
2786.21.3.1.00,ESCISION LOCAL O ABLACION DE LESION INTRANASAL SOD §,Cirugía,PDSS 10.0,1
2787.30.1.4.00,CORDECTOMIA VOCAL SOD,Cirugía,PDSS 10.0,1
2788.34.0.4.00,TORACOSTOMIA PARA DRENAJE CERRADO [TUBO DE TORAX] SOD,Cirugía,PDSS 10.0,1
2790.55.0.1.04,DRENAJE DE COLECCION RENAL POR NEFROTOMIA +,Cirugía,PDSS 10.0,1
2791.55.1.1.10,EXPLORACIÓN DE PELVIS RENAL POR PIELOTOMIA VIA ABIERTA,Cirugía,PDSS 10.0,1
2792.55.1.1.40,EXTRACCION DE CALCULO RENAL POR PIELOTOMIA,Cirugía,PDSS 10.0,1
2793.55.5.7.00,NEFRECTOMIA RADICAL VIA ABIERTA,Cirugía,PDSS 10.0,1
2794.56.8.9.41,RESECCION DE URETEROCELE Y REIMPLANTE DE URETER IPSILATERAL VIA ABIERTA,Cirugía,PDSS 10.0,1
2795.57.7.2.00,CISTECTOMIA TOTAL O RADICAL SOD,Cirugía,PDSS 10.0,1
2796.57.8.7.04,ILEOCECOCISTOPLASTIA,Cirugía,PDSS 10.0,1
2797.57.8.9.00,CISTOPEXIA (SUSPENSION VESICAL) SOD +,Cirugía,PDSS 10.0,1
2798.57.9.4.00,INSERCION DE CATETER URINARIO (VESICAL) SOD +,Cirugía,PDSS 10.0,1
2799.58.0.1.00,URETROSTOMIA SOD §,Cirugía,PDSS 10.0,1
2800.58.0.1.10,URETROSTOMIA PERINEAL,Cirugía,PDSS 10.0,1
2801.58.4.1.03,URETRORRAFIA PERINEAL,Cirugía,PDSS 10.0,1
2802.58.4.3.02,CIERRE DE FISTULA URETRO-PERINEO-ESCROTAL,Cirugía,PDSS 10.0,1
2804.21.8.1.00,SUTURA DE LACERACION EN NARIZ SOD §,Cirugía,PDSS 10.0,1
2805.22.0.1.00,PUNCION DE SENO MAXILAR [ASPIRACION O LAVADO] SOD +,Cirugía,PDSS 10.0,1
2806.33.4.3.02,"REPARACION DE LACERACION PULMONAR CON CONTROL DE HEMORRAGIA, POR TORACOTOMIA",Cirugía,PDSS 10.0,1
2807.44.4.1.00,SUTURA DE ULCERA GASTRICA SOD,Cirugía,PDSS 10.0,1
2808.44.4.2.00,SUTURA DE ULCERA DUODENAL SOD,Cirugía,PDSS 10.0,1
2809.45.3.3.01,RESECCION INTESTINAL DE DIVERTICULOS +,Cirugía,PDSS 10.0,1
2810.46.1.1.00,COLOSTOMIA TEMPORAL SOD,Cirugía,PDSS 10.0,1
2811.46.5.1.00,CIERRE DE ESTOMA DE INTESTINO DELGADO SOD +,Cirugía,PDSS 10.0,1
2812.46.7.8.00,CORRECCION DE ATRESIA DE INTESTINO SOD §,Cirugía,PDSS 10.0,1
2813.46.7.8.01,CORRECCION DE ATRESIA DE INTESTINO CON PLASTIA PROXIMAL,Cirugía,PDSS 10.0,1
2814.46.7.8.02,"CORRECCION DE ATRESIA DE DUODENO, YEYUNO E ILEON",Cirugía,PDSS 10.0,1
2815.46.7.8.03,CORRECCION DE ATRESIAS INTESTINALES MULTIPLES NCOC +,Cirugía,PDSS 10.0,1
2816.46.7.8.04,CORRECCION DE ATRESIA DE COLON,Cirugía,PDSS 10.0,1
2817.46.8.0.00,CORRECCION DE MALROTACION INTESTINAL SOD +,Cirugía,PDSS 10.0,1
2818.49.9.4.00,REDUCCION DE PROLAPSO ANAL SOD,Cirugía,PDSS 10.0,1
2819.50.2.1.02,DRENAJE DE LESION HEPATICA VIA PERCUTANEA +,Cirugía,PDSS 10.0,1
2820.50.2.2.02,HEPATECTOMIA DE DOS SEGMENTOS,Cirugía,PDSS 10.0,1
2821.50.2.2.04,HEPATECTOMIA TRISEGMENTARIA,Cirugía,PDSS 10.0,1
2822.50.3.1.00,LOBECTOMIA HEPATICA SOD,Cirugía,PDSS 10.0,1
2823.50.6.1.01,HEPATORRAFIA SIMPLE,Cirugía,PDSS 10.0,1
2824.50.6.1.02,HEPATORRAFIA MULTIPLE CON DESBRIDAMIENTO Y HEMOSTASIS,Cirugía,PDSS 10.0,1
2825.52.0.1.00,DRENAJE DE COLECCION DE PÁNCREAS SOD,Cirugía,PDSS 10.0,1
2826.52.1.1.00,BIOPSIA POR ASPIRACION [AGUJA] CERRADA DE PÁNCREAS ,Cirugía,PDSS 10.0,1
2827.52.5.1.00,PANCREATECTOMIA PROXIMAL SOD,Cirugía,PDSS 10.0,1
2828.52.5.2.00,PANCREATECTOMIA DISTAL SOD §,Cirugía,PDSS 10.0,1
2829.90.1.2.37,UROCULTIVO ANTIOGRAMA MIC MANUAL,Hospitalización,PDSS 10.0,1
2830.90.2.0.43,TIEMPO DE COAGULACION,Atenciones de Alto Costo y de Máximo Nivel de Complejidad,PDSS 10.0,1
2831.90.2.1.07,FRAGILIDAD OSMOTICA DE ERITROCITOS,Hospitalización,PDSS 10.0,1
2832.90.2.2.15,"HEMOPARASITOS, EXTENDIDO DE SANGRE PERIFERICA *+",Apoyo Diagnóstico (Dx) en Internamiento y Ambulatoria,PDSS 10.0,1
2833.90.2.2.22,"RECUENTO DE RETICULOCITOS, CONTADOR DE CELULAS +",Hospitalización,PDSS 10.0,1
2834.90.3.0.12,DIÓXIDO DE CARBÓN +,Atenciones de Alto Costo y de Máximo Nivel de Complejidad,PDSS 10.0,1
2835.90.3.0.13,ESPERMOGRAMA CON BIOQUÍMICA +,Hospitalización,PDSS 10.0,1
2836.90.3.0.16,FERRITINA,Apoyo Diagnóstico (Dx) en Internamiento y Ambulatoria,PDSS 10.0,1
2837.90.3.1.06,ACIDO FOLICO EN ERITROCITOS +,Atenciones de Alto Costo y de Máximo Nivel de Complejidad,PDSS 10.0,1
2838.90.3.2.02,FENILALANINA EN ORINA +,Apoyo Diagnóstico (Dx) en Internamiento y Ambulatoria,PDSS 10.0,1
2839.90.3.4.25,FRUCTOSAMINA,Hospitalización,PDSS 10.0,1
2840.90.3.4.32,"NUCLEOTIDASA, 5  2",Apoyo Diagnóstico (Dx) en Internamiento y Ambulatoria,PDSS 10.0,1
2841.90.3.6.05,"IONOGRAMA [CLORO, SODIO, POTASIO Y BICARBONATO O CALCIO]+",Hospitalización,PDSS 10.0,1
2842.90.3.8.27,CUERPOS CETONICOS O CETÓNAS EN SANGRE,Apoyo Diagnóstico (Dx) en Internamiento y Ambulatoria,PDSS 10.0,1
2843.90.3.8.41,GLUCOSA EN SUERO LCR U OTRO FLUIDO DIFERENTE A ORINA,Hospitalización,PDSS 10.0,1
2844.90.3.8.53,"LIQUIDO SINOVIAL [EXAMEN FÍSICO Y CITOQUIMICO CON RECUENTO Y MORFOLOGIA DE ERITROCITOS Y LEUCOCITOS, GLUCOSA, PROTEINAS Y TEST DE MUCINA] +",Atenciones de Alto Costo y de Máximo Nivel de Complejidad,PDSS 10.0,1
2845.90.4.5.01,ANDROSTENEDIONA,Hospitalización,PDSS 10.0,1
2846.90.4.5.04,ESTRIOL +,Apoyo Diagnóstico (Dx) en Internamiento y Ambulatoria,PDSS 10.0,1
2847.90.4.8.04,CETOESTEROIDES 17,Hospitalización,PDSS 10.0,1
2848.90.4.8.11,"HIDROXICORTICOSTEROIDES, 17 [17 OHCS]",Apoyo Diagnóstico (Dx) en Internamiento y Ambulatoria,PDSS 10.0,1
2849.90.4.9.04,HORMONA ESTIMULANTE DEL TIROIDES [TSH] ULTRASENSIBLE,Hospitalización,PDSS 10.0,1
2850.90.4.9.13,HORMONA PARATIROIDEA MOLECULA MEDIA PARATOHORMONA PTH,Apoyo Diagnóstico (Dx) en Internamiento y Ambulatoria,PDSS 10.0,1
2851.90.4.9.21,TIROXINA LIBRE [T4L] +,Hospitalización,PDSS 10.0,1
2852.90.5.2.01,ACIDO VALPROICO,Apoyo Diagnóstico (Dx) en Internamiento y Ambulatoria,PDSS 10.0,1
2853.90.5.3.05,"BENZODIACEPINAS, CUANTITATIVA POR CROMATOGRAFIA LIQUIDA O GASES +",Hospitalización,PDSS 10.0,1
2854.90.5.6.07,TEOFILINA POR EIA,Apoyo Diagnóstico (Dx) en Internamiento y Ambulatoria,PDSS 10.0,1
2855.90.6.1.26,TOXOPLASMA GONDII ANTICUERPOS IgA,Hospitalización,PDSS 10.0,1
2856.90.6.1.27,TOXOPLASMA GONDII ANTICUERPOS IG G POR EIA,Apoyo Diagnóstico (Dx) en Internamiento y Ambulatoria,PDSS 10.0,1
2857.90.6.2.05,CITOMEGALOVIRUS ANTICUERPOS IG G CMV G POR EIA,Trasplante Renal,PDSS 10.0,1
2858.90.6.4.17,"DNA n, ANTICUERPOS POR EIA +",Apoyo Diagnóstico (Dx) en Internamiento y Ambulatoria,PDSS 10.0,1
2859.90.6.4.40,"NUCLEARES, ANTICUERPOS [ANA] POR EIA +",Hospitalización,PDSS 10.0,1
2860.90.6.7.15,LINFOCITOS T CD4 POR INMUNOFLUORESCENCIA +,Apoyo Diagnóstico (Dx) en Internamiento y Ambulatoria,PDSS 10.0,1
2861.90.6.8.08,ELECTROFORESIS DE HEMOGLOBINA EN MEDIO ÁCIDO +,Hospitalización,PDSS 10.0,1
2862.90.6.8.09,ELECTROFORESIS DE HEMOGLOBINA EN MEDIO ALCALINO +,Apoyo Diagnóstico (Dx) en Internamiento y Ambulatoria,PDSS 10.0,1
2863.90.6.8.10,ELECTROFORESIS DE LIPOPROTEÍNAS +,Hospitalización,PDSS 10.0,1
2864.90.6.8.11,ELECTROFORESIS DE PROTEÍNAS DE LCR [DETECCIÓN DE BANDAS OLIGOCLONALES,Apoyo Diagnóstico (Dx) en Internamiento y Ambulatoria,PDSS 10.0,1
2865.90.6.8.12,ELECTROFORESIS DE PROTEÍNAS EN CUALQUIER LIQUIDO INCLUIDO SUERO Y ORINA +,Hospitalización,PDSS 10.0,1
2866.90.6.9.09,CRIOGLOBULINAS +,Apoyo Diagnóstico (Dx) en Internamiento y Ambulatoria,PDSS 10.0,1
2867.90.7.0.07,"OXIUROS, IDENTIFICACIÓN PERIANAL [CINTA ADHESIVA O PRUEBA DE GRAHAM] +",Hospitalización,PDSS 10.0,1
2868.63.4.0.00,EPIDIDIMECTOMIA SOD,Cirugía,PDSS 10.0,1
2869.66.9.1.10,SALPINGOOFORECTOMIA UNILATERAL POR LAPAROTOMIA,Cirugía,PDSS 10.0,1
2870.66.9.2.10,SALPINGOOFORECTOMIA BILATERAL POR LAPAROTOMIA,Cirugía,PDSS 10.0,1
2871.87.7.8.15,PIELOGRAFIA RETROGRADA O ANTEROGRADA +,Hospitalización,PDSS 10.0,1
2872.02.0.2.03,REDUCCION DE FRACTURA CRANEAL (HUNDIMIENTO SIN COMPROMISO DE DURA) CON ESQUIRLECTOMIA Y CRANEOPLASTIA,Cirugía,PDSS 10.0,1
2873.88.3.3.06,RESONANCIA NUCLEAR MAGNETICA DE TORAX Y APARATO CARDIOVASCULAR +,Hospitalización,PDSS 10.0,1
2874.89.4.1.02,PRUEBA ERGOMETRICA (TEST DE EJERCICIO),Apoyo Diagnóstico (Dx) en Internamiento y Ambulatoria,PDSS 10.0,1
2875.70.2.2.00,COLPOSCOPIA SOD,Hospitalización,PDSS 10.0,1
2876.64.9.8.01,DERIVACION CUERPO CAVERNOSA CUERPO ESPONGIOSA O BULBOCAVERNOSA,Cirugía,PDSS 10.0,1
2879.37.3.4.02,ABLACION CON CATETER DE LESION O TEJIDO DEL CORAZON POR RADIOFRECUENCIA +,Atenciones de Alto Costo y de Máximo Nivel de Complejidad,PDSS 10.0,1
2880.37.3.4.00,ABLACION CON CATETER DE LESION O TEJIDO DEL CORAZON SOD +,Atenciones de Alto Costo y de Máximo Nivel de Complejidad,PDSS 10.0,1
2881.37.3.4.01,"ABLACION CON CATETER DE LESION O TEJIDO DEL CORAZON, POR CRIOCIRUGIA O ELECTROCOAGULACION +",Atenciones de Alto Costo y de Máximo Nivel de Complejidad,PDSS 10.0,1
2885.14.2.1.00,ABLACION DE LESION CORIORRETINAL SOD §,Cirugía,PDSS 10.0,1
2888.14.2.3.00,ABLACION DE LESION CORIORRETINAL POR FOTOCOAGULACION LASER,Cirugía,PDSS 10.0,1
2897.12.4.1.01,"ABLACION DE LESION DE IRIS POR CAUTERIZACION, CRIOTERAPIA O FOTOCOAGULACION (LASER)",Cirugía,PDSS 10.0,1
3070.83.8.5.02,ALARGAMIENTO O ACORTAMIENTO DEL TENDON DE AQUILES,Cirugía,PDSS 10.0,1
3089.90.6.6.02,ALFA FETOPROTEINA SERICA,Apoyo Diagnóstico (Dx) en Internamiento y Ambulatoria,PDSS 10.0,1
3092.24.0.3.00,ALISADO RADICULAR CAMPO CERRADO,Servicios Odontológicos,PDSS 10.0,1
3113.75.1.1.00,AMNIOCENTESIS DIAGNOSTICA SOD +,Apoyo Diagnóstico (Dx) en Internamiento y Ambulatoria,PDSS 10.0,1
3124.84.0.5.00,AMPUTACION A TRAVÉS DE ANTEBRAZO SOD,Cirugía,PDSS 10.0,1
3127.84.0.3.00,AMPUTACION A TRAVES DE MANO CARPO,Atenciones de Alto Costo y de Máximo Nivel de Complejidad,PDSS 10.0,1
3128.84.1.0.03,AMPUTACION ABIERTA O DE GUILLOTINA DE MIEMBRO INFERIOR SITIO NO ESPECIFICADO,Cirugía,PDSS 10.0,1
3129.84.0.0.03,AMPUTACION ABIERTA O DE GUILLOTINA DE MIEMBRO SUPERIOR SITIO NO ESPECIFICADO,Atenciones de Alto Costo y de Máximo Nivel de Complejidad,PDSS 10.0,1
3130.84.0.7.01,AMPUTACION DE BRAZO,Cirugía,PDSS 10.0,1
3137.84.1.4.00,AMPUTACION DE TOBILLO A TRAVES DEL MALEOLO DE TIBIA Y PERONE SOD,Atenciones de Alto Costo y de Máximo Nivel de Complejidad,PDSS 10.0,1
3142.84.0.9.00,AMPUTACION INTERTORACO ESCAPULAR SOD +,Cirugía,PDSS 10.0,1
3143.84.1.0.02,AMPUTACION KINEPLÁSTICA DE MIEMBRO INFERIOR SITIO NO ESPECIFICADO,Atenciones de Alto Costo y de Máximo Nivel de Complejidad,PDSS 10.0,1
3144.84.0.0.02,AMPUTACION KINEPLÁSTICA DE MIEMBRO SUPERIOR SITIO NO ESPECIFICADO,Cirugía,PDSS 10.0,1
3150.84.1.2.00,AMPUTACION O DESARTICULACION DE PIE SOD +,Atenciones de Alto Costo y de Máximo Nivel de Complejidad,PDSS 10.0,1
3151.84.1.5.00,AMPUTACION O DESARTICULACION DE PIERNA SOD +,Cirugía,PDSS 10.0,1
3154.84.1.7.00,AMPUTACION POR ENCIMA DE RODILLA SOD §,Atenciones de Alto Costo y de Máximo Nivel de Complejidad,PDSS 10.0,1
3157.84.0.1.00,AMPUTACION Y DESARTICULACION DE DEDOS DE LA MANO (UNO O MAS) SOD +,Cirugía,PDSS 10.0,1
3159.84.0.2.00,AMPUTACION Y DESARTICULACION DE PULGAR SOD,Atenciones de Alto Costo y de Máximo Nivel de Complejidad,PDSS 10.0,1
3193.36.1.4.00,ANASTOMOSIS AORTOCORONARIA DE CUATRO O MAS ARTERIAS CORONARIAS SOD,Atenciones de Alto Costo y de Máximo Nivel de Complejidad,PDSS 10.0,1
3195.36.1.2.00,ANASTOMOSIS AORTOCORONARIA DE DOS ARTERIAS CORONARIAS SOD,Atenciones de Alto Costo y de Máximo Nivel de Complejidad,PDSS 10.0,1
3197.36.1.3.00,ANASTOMOSIS AORTOCORONARIA DE TRES ARTERIAS CORONARIAS SOD,Atenciones de Alto Costo y de Máximo Nivel de Complejidad,PDSS 10.0,1
3199.36.1.1.00,ANASTOMOSIS AORTOCORONARIA DE UNA ARTERIA CORONARIA SOD,Atenciones de Alto Costo y de Máximo Nivel de Complejidad,PDSS 10.0,1
3201.36.1.0.00,"ANASTOMOSIS AORTOCORONARIA PARA REVASCULARIZACIÓN MIOCARDICA, SOD +",Atenciones de Alto Costo y de Máximo Nivel de Complejidad,PDSS 10.0,1
3206.36.1.7.01,ANASTOMOSIS CORONARIA PARA REVASCULARIZACION CARDIACA DE UNO O MAS VASOS CON VENA SAFENA POR ESTERNOTOMIA O TORACOTOMIA +,Atenciones de Alto Costo y de Máximo Nivel de Complejidad,PDSS 10.0,1
3254.45.9,ANASTOMOSIS INTESTINAL,Cirugía,PDSS 10.0,1
3257.36.1.5.01,ANASTOMOSIS SIMPLE O SECUENCIAL DE ARTERIA MAMARIA ARTERIA CORONARIA POR ESTERNOTOMIA O TORACOTOMIA,Atenciones de Alto Costo y de Máximo Nivel de Complejidad,PDSS 10.0,1
3258.36.1.5.05,ANASTOMOSIS SIMPLE O SECUENCIAL DE ARTERIA MAMARIA-ARTERIA CORONARIA POR TORACOSCOPIA,Atenciones de Alto Costo y de Máximo Nivel de Complejidad,PDSS 10.0,1
3279.36.0.5.00,ANGIOPLASTIA CORONARIA TRANSLUMINAL PERCUTANEA MULTIPLE (ATERECTOMIA CORONARIA) REALIZADA DURANTE LA MISMA INTERVENCION SOD +,Atenciones de Alto Costo y de Máximo Nivel de Complejidad,PDSS 10.0,1
3281.36.02.00,ANGIOPLASTIA CORONARIA TRANSLUMINAL PERCUTANEA SIMPLE (ATERECTOMIA CORONARIA) CON USO DE AGENTE TROMBOLITICO SOD §,Atenciones de Alto Costo y de Máximo Nivel de Complejidad,PDSS 10.0,1
3284.36.0.2.01,"ANGIOPLASTIA CORONARIA TRANSLUMINAL PERCUTANEA SIMPLE CON INFUSION DE AGENTE TROMBOL ITICO, UNO O DOS VASOS",Atenciones de Alto Costo y de Máximo Nivel de Complejidad,PDSS 10.0,1
3285.36.0.2.02,"ANGIOPLASTIA CORONARIA TRANSLUMINAL PERCUTANEA SIMPLE CON INFUSION DE AGENTE TROMBOLITICO, MAS DE DOS VASOS",Atenciones de Alto Costo y de Máximo Nivel de Complejidad,PDSS 10.0,1
3286.36.0.1.02,"ANGIOPLASTIA CORONARIA TRANSLUMINAL PERCUTANEA, MAS DE DOS VASOS",Atenciones de Alto Costo y de Máximo Nivel de Complejidad,PDSS 10.0,1
3289.36.0.3.00,ANGIOPLASTIA DE ARTERIA CORONARIA CON TORAX ABIERTO SOD,Atenciones de Alto Costo y de Máximo Nivel de Complejidad,PDSS 10.0,1
3353.22.2.1.01,ANTROSTOMIA MAXILAR INTRANASAL VIA MEATO INFERIOR,Cirugía,PDSS 10.0,1
3370.47.1.3.00,APENDICECTOMIA CON DRENAJE DE PERITONITIS GENERALIZADA SOD,Cirugía,PDSS 10.0,1
3371.47.1.1.10,APENDICECTOMIA POR LAPAROSCOPIA,Cirugía,PDSS 10.0,1
3375.86.3.6.01,APERTURA O RESECCION DE QUISTES O PUSTULAS [CIRUGIA PARA ACNE],Cirugía,PDSS 10.0,1
3408.93.5.4.00,APLICACION DE FERULA SOD,Rehabilitación,PDSS 10.0,1
3412.99.7.1.05,APLICACIÓN DE RESINA PREVENTIVA,Servicios Odontológicos,PDSS 10.0,1
3413.99.7.1.01,APLICACIÓN DE SELLANTES DE AUTOCURADO,Servicios Odontológicos,PDSS 10.0,1
3414.99.7.1.02,APLICACIÓN DE SELLANTES DE FOTOCURADO,Servicios Odontológicos,PDSS 10.0,1
3464.87.6.1.20,ARTERIOGRAFIA CORONARIA NCOC,Apoyo Diagnóstico (Dx) en Internamiento y Ambulatoria,PDSS 10.0,1
3512.81.2.6.00,ARTRODESIS CARPOMETACARPIANA SOD +,Atenciones de Alto Costo y de Máximo Nivel de Complejidad,PDSS 10.0,1
3536.81.2.2.00,ARTRODESIS DE RODILLA SOD +,Atenciones de Alto Costo y de Máximo Nivel de Complejidad,PDSS 10.0,1
3540.81.2.9.02,ARTRODESIS INTERCARPIANA CON INJERTO OSEO,Atenciones de Alto Costo y de Máximo Nivel de Complejidad,PDSS 10.0,1
3541.81.2.9.01,ARTRODESIS INTERCARPIANA SIN INJERTO OSEO,Atenciones de Alto Costo y de Máximo Nivel de Complejidad,PDSS 10.0,1
3543.81.2.8.02,ARTRODESIS INTERFALÁNGICA EN MANO CON INJERTO (UNA O MAS),Atenciones de Alto Costo y de Máximo Nivel de Complejidad,PDSS 10.0,1
3544.81.2.8.01,ARTRODESIS INTERFALÁNGICA EN MANO SIN INJERTO (UNA O MAS),Atenciones de Alto Costo y de Máximo Nivel de Complejidad,PDSS 10.0,1
3548.81.2.7.00,ARTRODESIS METACARPO-FALÁNGICA SOD +,Atenciones de Alto Costo y de Máximo Nivel de Complejidad,PDSS 10.0,1
3550.81.1.6.00,ARTRODESIS METATARSOFALANGICA (UNA O MAS) SOD +,Atenciones de Alto Costo y de Máximo Nivel de Complejidad,PDSS 10.0,1
3560.81.0.1.02,ARTRODESIS OCCIPITOCERVICAL MEDIANTE TÉCNICA TRANSORAL CON INSTRUMENTACION,Atenciones de Alto Costo y de Máximo Nivel de Complejidad,PDSS 10.0,1
3561.81.0.1.01,ARTRODESIS OCCIPITOCERVICAL MEDIANTE TÉCNICA TRANSORAL SIN INSTRUMENTACION,Atenciones de Alto Costo y de Máximo Nivel de Complejidad,PDSS 10.0,1
3566.81.2.9.04,ARTRODESIS RADIOCARPIANA (MUÑECA O PUÑO) CON INJERTO OSEO NCOC +,Atenciones de Alto Costo y de Máximo Nivel de Complejidad,PDSS 10.0,1
3567.81.2.9.05,ARTRODESIS RADIOCARPIANA (MUÑECA O PUÑO) SIN INJERTO OSEO NCOC +,Atenciones de Alto Costo y de Máximo Nivel de Complejidad,PDSS 10.0,1
3568.81.2.5.02,ARTRODESIS RADIOCARPIANA CON INJERTO OSEO,Atenciones de Alto Costo y de Máximo Nivel de Complejidad,PDSS 10.0,1
3573.81.1.5.00,ARTRODESIS TARSOMETATARSAL (UNA O MAS) SOD +,Atenciones de Alto Costo y de Máximo Nivel de Complejidad,PDSS 10.0,1
3574.81.2.6.01,ARTRODESIS TRAPECIO METACARPIANO,Atenciones de Alto Costo y de Máximo Nivel de Complejidad,PDSS 10.0,1
3578.87.5.6.01,ARTROGRAFIA CERVICAL,Apoyo Diagnóstico (Dx) en Internamiento y Ambulatoria,PDSS 10.0,1
3587.87.5.6.03,ARTROGRAFIA LUMBAR,Apoyo Diagnóstico (Dx) en Internamiento y Ambulatoria,PDSS 10.0,1
3591.81.8.3.05,ARTROPLASTIA ACROMIOCLAVICULAR,Cirugía,PDSS 10.0,1
3597.81.3.1.00,ARTROPLASTIA DE PIE Y ARTEJOS CON O SIN PROTESIS SOD +,Atenciones de Alto Costo y de Máximo Nivel de Complejidad,PDSS 10.0,1
3599.81.7.2.03,ARTROPLASTIA METACARPOFALANGICA UNA O MAS,Cirugía,PDSS 10.0,1
3600.81.3.2.50,ARTROPLASTIA POR INTERPOSICION DE HUESOS DEL METATARSO,Atenciones de Alto Costo y de Máximo Nivel de Complejidad,PDSS 10.0,1
3601.81.3.2.40,ARTROPLASTIA POR INTERPOSICION DE HUESOS DEL TARSO,Cirugía,PDSS 10.0,1
3602.81.4.1.01,ARTROPLASTIA POR INTERPOSICION O RESECCION DE CADERA,Atenciones de Alto Costo y de Máximo Nivel de Complejidad,PDSS 10.0,1
3604.81.8.3.06,ARTROPLASTIA POR INTERPOSICION O RESECCION HOMBRO,Cirugía,PDSS 10.0,1
3605.81.7.2.01,ARTROPLASTIA POR INTERPOSICION O RESECCION MUÑECA,Atenciones de Alto Costo y de Máximo Nivel de Complejidad,PDSS 10.0,1
3606.81.7.2.08,ARTROPLASTIA RADIOCARPIANA (MUÑECA O PUÑO) NCOC +,Cirugía,PDSS 10.0,1
3607.81.7.2.02,ARTROPLASTIA RESECCION TRAPECIO METACARPIANA,Atenciones de Alto Costo y de Máximo Nivel de Complejidad,PDSS 10.0,1
3611.81.7.9.01,ARTROPLASTIAS INTERFALANGICAS (POR CADA DEDO),Cirugía,PDSS 10.0,1
3645.73.5.3.00,ASISTENCIA DEL PARTO NORMAL CON EPISIORRAFIA Y/O PERINEORRAFIA SOD,Cirugía,PDSS 10.0,1
3699.14.1.1.01,ASPIRACION DIAGNOSTICA DE VÍTREO CON INYECCION DE MEDICAMENTOS INTRAVÍTREOS §,Cirugía,PDSS 10.0,1
3700.14.1.1.00,ASPIRACION DIAGNOSTICA DE VÍTREO SOD,Cirugía,PDSS 10.0,1
3711.77.9.8.02,ASTRAGALECTOMIA,Cirugía,PDSS 10.0,1
3733.35.4.2.00,ATRIOSEPTOSTOMIA CON BALON O CUCHILLA [PROCEDIMIENTO DE RASHKIND O PARKER] SOD +,Atenciones de Alto Costo y de Máximo Nivel de Complejidad,PDSS 10.0,1
3735.35.4.1.00,ATRIOSEPTOSTOMIA QUIRURGICA (CREACIÓN O AMPLIACION DE DEFECTO DE TABIQUE INTERAURICULAR) [BLALOCK HANLON] SOD +,Atenciones de Alto Costo y de Máximo Nivel de Complejidad,PDSS 10.0,1
3743.95.4.1.00,AUDIOMETRIA SOD §,Cirugía,PDSS 10.0,1
3747.18.3.1.04,AURICULECTOMIA (PARCIAL O TOTAL) CON RESECCION PARCIAL O TOTAL DEL HUESO TEMPORAL,Cirugía,PDSS 10.0,1
3758.82.5.1.00,AVANZAMIENTO DE TENDON DE MANO SOD,Cirugía,PDSS 10.0,1
3783.95.2.0.00,BIOMETRIA OCULAR SOD,Apoyo Diagnóstico (Dx) en Internamiento y Ambulatoria,PDSS 10.0,1
3793.33.2.5.00,BIOPSIA ABIERTA DE BRONQUIO SOD,Cirugía,PDSS 10.0,1
3796.26.1.2.00,BIOPSIA ABIERTA DE GLANDULA O CONDUCTO SALIVAL SOD §,Cirugía,PDSS 10.0,1
3804.31.4.5.02,BIOPSIA ABIERTA DE LARINGE +,Cirugía,PDSS 10.0,1
3812.21.2.1.00,BIOPSIA ABIERTA DE NARIZ SOD,Cirugía,PDSS 10.0,1
3825.31.4.5.01,BIOPSIA ABIERTA DE TRAQUEA +,Cirugía,PDSS 10.0,1
3853.33.2.4.00,BIOPSIA CERRADA [ENDOSCOPICA] BRONQUIAL SOD,Cirugía,PDSS 10.0,1
3861.48.2.4.00,BIOPSIA CERRADA (ENDOSCOPICA) DE RECTO O SIGMOIDE,Apoyo Diagnóstico (Dx) en Internamiento y Ambulatoria,PDSS 10.0,1
3891.01.1.3.03,BIOPSIA DE CEREBRO POR TREPANACION,Cirugía,PDSS 10.0,1
3912.68.1.6.03,BIOPSIA DE ENDOMETRIO POR ASPIRACION §,Cirugía,PDSS 10.0,1
3913.68.1.6.02,BIOPSIA DE ENDOMETRIO POR LAVADO +,Cirugía,PDSS 10.0,1
3914.68.1.6.01,BIOPSIA DE ENDOMETRIO POR PINZA SACABOCADO O DE LEGRADO +,Cirugía,PDSS 10.0,1
3915.68.1.6.11,BIOPSIA DE ENDOMETRIO Y LESION ENDOMETRIAL POR HISTEROSCOPIA +,Cirugía,PDSS 10.0,1
3938.77.4.0.01,"BIOPSIA DE HUESO EN SITIO NO ESPECIFICADO, VIA ABIERTA",Cirugía,PDSS 10.0,1
3939.77.4.0.03,"BIOPSIA DE HUESO EN SITIO NO ESPECIFICADO, VIA ENDOSCOPICA",Cirugía,PDSS 10.0,1
3940.77.4.0.02,"BIOPSIA DE HUESO EN SITIO NO ESPECIFICADO, VIA PERCUTANEA",Cirugía,PDSS 10.0,1
3943.76.1.1.01,BIOPSIA DE HUESOS MAXILARES,Cirugía,PDSS 10.0,1
3956.68.1.6.10,BIOPSIA DE MIOMETRIO POR LAPAROSCOPIA +,Cirugía,PDSS 10.0,1
3976.34.2.3.00,BIOPSIA DE PARED TORACICA SOD,Cirugía,PDSS 10.0,1
3986.86.0.1.01,BIOPSIA DE PIEL CON SACABOCADO Y SUTURA SIMPLE,Cirugía,PDSS 10.0,1
3990.33.2.8.01,BIOPSIA DE PULMON POR TORACOTOMIA,Cirugía,PDSS 10.0,1
4018.77.4.9.12,"BIOPSIA DE VERTEBRA, VIA ENDOSCOPICA",Cirugía,PDSS 10.0,1
4019.77.4.9.11,"BIOPSIA DE VERTEBRA, VIA PERCUTANEA",Cirugía,PDSS 10.0,1
4035.86.0.1.03,BIOPSIA ESCISIONAL DE UÑA (LECHO Y/O MATRIZ),Cirugía,PDSS 10.0,1
4036.01.1.3.04,BIOPSIA ESTEROTAXICA DE CEREBRO,Cirugía,PDSS 10.0,1
4041.86.0.1.02,"BIOPSIA INCISIONAL O ESCISIONAL DE PIEL, TEJIDO CELULAR SUBCUTANEO O MUCOSA (CON SUTURA)",Cirugía,PDSS 10.0,1
4049.34.2.5.01,BIOPSIA PERCUTANEA [AGUJA] DE ORGANO O TEJIDO DE MEDIASTINO CON AGUJA FINA O CORTANTE +,Cirugía,PDSS 10.0,1
4053.33.2.6.01,BIOPSIA PERCUTANEA DE PULMON CON AGUJA FINA O CORTANTE +,Cirugía,PDSS 10.0,1
4096.92.2.6,BRAQUITERAPIA,Atenciones de Alto Costo y de Máximo Nivel de Complejidad,PDSS 10.0,1
4108.33.2.1.00,BRONCOSCOPIA A TRAVES DE ESTOMA ARTIFICIAL SOD,Cirugía,PDSS 10.0,1
4112.33.2.2.01,BRONCOSCOPIA FIBRO OPTICA CON LAVADO BRONQUIAL,Cirugía,PDSS 10.0,1
4115.33.2.0.00,BRONCOSCOPIA FIBRO OPTICA CON PUNCION ASPIRACION TRANSTRAQUEAL O TRANSBRONQUIAL,Cirugía,PDSS 10.0,1
4118.33.2.3.01,BRONCOSCOPIA RIGIDA CON LAVADO BRONQUIAL,Cirugía,PDSS 10.0,1
4119.33.2.3.00,BRONCOSCOPIA RIGIDA SOD §,Cirugía,PDSS 10.0,1
4135.82.0.3.00,BURSECTOMIA DE MANO,Cirugía,PDSS 10.0,1
4167.81.9.3.41,CAPSULORRAFIA ARTICULAR EN MUÑECA (UNA O MAS),Atenciones de Alto Costo y de Máximo Nivel de Complejidad,PDSS 10.0,1
4168.79.8.1.05,CAPSULORRAFIA POR ARTROSCOPIA,Cirugía,PDSS 10.0,1
4169.81.9.3.10,CAPSULORRAFIA TIPO BANKART PARA LUXACIÓN DE HOMBRO POR ARTROSCOPIA,Atenciones de Alto Costo y de Máximo Nivel de Complejidad,PDSS 10.0,1
4174.92.0.2.01,CAPTACION TIROIDEA DE I - 131 A 4 Y/ O 24 HORAS,Atenciones de Alto Costo y de Máximo Nivel de Complejidad,PDSS 10.0,1
4198.77.9.4.01,CARPECTOMIA (UNO O MAS HUESOS),Atenciones de Alto Costo y de Máximo Nivel de Complejidad,PDSS 10.0,1
4210.37.2.4.01,CATETERISMO TRANSEPTAL DEL CORAZON CON ESTUDIO ELECTRO-FISILOGICO,Atenciones de Alto Costo y de Máximo Nivel de Complejidad,PDSS 10.0,1
4211.37.2.4.00,CATETERISMO TRANSEPTAL DEL CORAZON SOD §,Atenciones de Alto Costo y de Máximo Nivel de Complejidad,PDSS 10.0,1
4218.67.3.4.10,CAUTERIZACION CERVICAL POR RADIOFRECUENCIA,Cirugía,PDSS 10.0,1
4220.11.4.2.00,"CAUTERIZACION DE CORNEA (TERMO, QUIMIO O CRIOAPLICACIÓN) SOD +",Cirugía,PDSS 10.0,1
4236.35.9.7.00,CERCLAJE DE ARTERIA PULMONAR SOD,Atenciones de Alto Costo y de Máximo Nivel de Complejidad,PDSS 10.0,1
4266.35.8.3.02,CIERRE DE DUCTUS ARTERIOSO PERSISTENTE POR TORACOSCOPIA,Atenciones de Alto Costo y de Máximo Nivel de Complejidad,PDSS 10.0,1
4267.35.8.3.01,CIERRE DE DUCTUS ARTERIOSO PERSISTENTE POR TORACOTOMIA,Atenciones de Alto Costo y de Máximo Nivel de Complejidad,PDSS 10.0,1
4268.35.8.3.03,"CIERRE DE DUCTUS ARTERIOSO PERSISTENTE, VIA ENDOVASCULAR (CATETERISMO) +",Atenciones de Alto Costo y de Máximo Nivel de Complejidad,PDSS 10.0,1
4270.42.8.3.00,CIERRE DE ESOFAGOSTOMIA SOD,Cirugía,PDSS 10.0,1
4274.46.5.2.01,CIERRE DE ESTOMA DE INTESTINO GRUESO POR LAPAROTOMIA,Cirugía,PDSS 10.0,1
4291.22.7.1.00,CIERRE DE FISTULA DE SENO MAXILAR SOD §,Cirugía,PDSS 10.0,1
4293.69.4.2.00,CIERRE DE FISTULA DE UTERO SOD,Cirugía,PDSS 10.0,1
4311.31.7.3.00,CIERRE DE FISTULA TRAQUEOESOFÁGICA SOD §,Cirugía,PDSS 10.0,1
4314.44.6.2.00,CIERRE DE GASTROSTOMIA SOD,Cirugía,PDSS 10.0,1
4320.55.8.2.01,CIERRE DE NEFROSTOMIA O PIELOSTOMIA +,Cirugía,PDSS 10.0,1
4336.31.7.2.01,CIERRE DE TRAQUEOSTOMIA+,Cirugía,PDSS 10.0,1
4395.57.1.2.20,CISTOSTOMIA CERRADA [PERCUTANEA] SUPRAPUBICA,Cirugía,PDSS 10.0,1
4403.90.6.2.06,CITOMEGALOVIRUS ANTICUERPOS IG G CMV-G POR EIA,Trasplante Renal,PDSS 10.0,1
4444.45.7.0.00,COLECTOMIA PARCIAL CON COLOSTOMIA Y CIERRE DE SEGMENTO DISTAL [HARTMAN] SOD,Cirugía,PDSS 10.0,1
4461.23.1.5.00,COLGAJO DESPLAZADO PARA ABORDAJE DE DIENTE RETENIDO (VENTANA QUIRURGICA) SOD,Servicios Odontológicos,PDSS 10.0,1
4483.38.9.0.02,COLOCACION CATETER ARTERIAL PERIFERICO (LINEA ARTERIAL) NCOC +,Cirugía,PDSS 10.0,1
4493.54.9.0.01,COLOCACION DE CATETER PARA DIALISIS PERITONEAL,Cirugía,PDSS 10.0,1
4495.02.2.2.01,COLOCACION DE CATETER VENTRICULAR AL EXTERIOR,Cirugía,PDSS 10.0,1
4498.78.1.2.02,COLOCACION DE DISPOSITIVO DE FIJACION EN CODO +,Cirugía,PDSS 10.0,1
4500.78.1.8.02,COLOCACION DE DISPOSITIVO EXTERNO EN PIE (CALCANEO) +,Atenciones de Alto Costo y de Máximo Nivel de Complejidad,PDSS 10.0,1
4503.35.3.9.01,COLOCACION DE PARCHE U HOMOINJERTO SUPRAVALVULAR,Atenciones de Alto Costo y de Máximo Nivel de Complejidad,PDSS 10.0,1
4541.46.1.2.00,COLOSTOMIA PERMANENTE SOD,Cirugía,PDSS 10.0,1
4548.70.7.7.01,COLPOPEXIA POR LAPAROTOMIA,Cirugía,PDSS 10.0,1
4549.70.7.7.02,COLPOPEXIA VIA VAGINAL,Cirugía,PDSS 10.0,1
4550.70.5.3.03,COLPORRAFIA ANTERIOR Y POSTERIOR CON AMPUTACION DE CUELLO [MANCHESTER-FOTHERGILL],Cirugía,PDSS 10.0,1
4556.35.0.1.00,COMISUROTOMIA O VALVULOTOMIA AORTICA CON BALON (VÍA ENDOVASCULAR) SOD,Atenciones de Alto Costo y de Máximo Nivel de Complejidad,PDSS 10.0,1
4558.35.0.2.00,COMISUROTOMIA O VALVULOTOMIA MITRAL CON BALON (VÍA ENDOVASCULAR) SOD,Atenciones de Alto Costo y de Máximo Nivel de Complejidad,PDSS 10.0,1
4560.35.0.3.00,COMISUROTOMIA O VALVULOTOMIA PULMONAR CON BALON (VÍA ENDOVASCULAR) SOD,Atenciones de Alto Costo y de Máximo Nivel de Complejidad,PDSS 10.0,1
4564.35.1.1.00,"COMISUROTOMIA, VALVULOTOMIA O VALVULOPLASTIA AORTICA VIA ABIERTA SOD +",Atenciones de Alto Costo y de Máximo Nivel de Complejidad,PDSS 10.0,1
4567.35.1.3.00,"COMISUROTOMIA, VALVULOTOMIA O VALVULOPLASTIA PULMONAR VIA ABIERTA SOD",Atenciones de Alto Costo y de Máximo Nivel de Complejidad,PDSS 10.0,1
4569.35.1.4.00,"COMISUROTOMIA, VALVULOTOMIA O VALVULOPLASTIA TRICUSPIDEA VIA ABIERTA SOD",Atenciones de Alto Costo y de Máximo Nivel de Complejidad,PDSS 10.0,1
4589.81.8.6.06,"CONDROPLASTIA DEL CODO, VIA ARTROSCOPICA",Atenciones de Alto Costo y de Máximo Nivel de Complejidad,PDSS 10.0,1
4632.89.0.2.11,CONSULTA DE PRIMERA VEZ POR FISIOTERAPIA,Rehabilitación,PDSS 10.0,1
4641.89.0.2.13,CONSULTA DE PRIMERA VEZ POR TERAPIA OCUPACIONAL,Rehabilitación,PDSS 10.0,1
4642.89.0.2.12,CONSULTA DE PRIMERA VEZ POR TERAPIA RESPIRATORIA,Rehabilitación,PDSS 10.0,1
4669.21.0.6.00,CONTROL DE EPISTAXIS POR LIGADURA DE ARTERIA CAROTIDA EXTERNA,Cirugía,PDSS 10.0,1
4671.21.0.8.00,CONTROL DE EPISTAXIS POR LIGADURA DE ARTERIA ESFENOPALATINA,Cirugía,PDSS 10.0,1
4673.21.0.5.00,CONTROL DE EPISTAXIS POR LIGADURA DE ARTERIA MAXILAR INTERNA,Cirugía,PDSS 10.0,1
4675.21.0.4.00,CONTROL DE EPISTAXIS POR LIGADURA DE ARTERIAS ETMOIDALES,Cirugía,PDSS 10.0,1
4693.60.9.4.01,CONTROL DE HEMORRAGIA (POSTQUIRURGICA) DE PROSTATA VIA ABIERTA +,Cirugía,PDSS 10.0,1
4705.28.7.1.00,CONTROL DE HEMORRAGIA POST ADENOAMIGDALECTOMIA,Cirugía,PDSS 10.0,1
4706.60.9.4.02,CONTROL DE HEMORRAGIA PROSTATICA VIA CISTOSCOPIA +,Cirugía,PDSS 10.0,1
4716.43.4.1.03,CONTROL ENDOSCOPICO DE HEMORRAGIA GASTRICA MEDIANTE CORRIENTE BIPOLAR +,Cirugía,PDSS 10.0,1
4717.43.4.1.02,CONTROL ENDOSCOPICO DE HEMORRAGIA GASTRICA MEDIANTE ESCLEROTERAPIA +,Cirugía,PDSS 10.0,1
4734.90.1.2.06,COPROCULTIVO,Trasplante Renal,PDSS 10.0,1
4748.12.3.5.00,COREOPLASTIA (PUPILOPLASTIA) SOD +,Cirugía,PDSS 10.0,1
4749.11.5.1.01,CORNOESCLERORRAFIA (REPARACION DE HERIDA CORNEOESCLERAL),Cirugía,PDSS 10.0,1
4782.69.4.9.10,CORRECCION DE DESGARRO O LACERACION OBSTETRICA ANTIGUAS EN UTERO,Cirugía,PDSS 10.0,1
4801.77.5.1.03,CORRECCION DE HALLUX VALGUS CON BUNIECTOMIA SIMPLE Y CAPSULOPLASTIA,Cirugía,PDSS 10.0,1
4803.77.5.3.01,CORRECCION DE HALLUX VALGUS CON ARTROPLASTIA,Cirugía,PDSS 10.0,1
4804.77.5.1.02,CORRECCION DE HALLUX VALGUS CON OSTEOTOMIA DISTAL Y PROXIMAL METATARSIANA,Cirugía,PDSS 10.0,1
4805.77.5.1.01,CORRECCION DE HALLUX VALGUS CON OSTEOTOMIA PROXIMAL O DISTAL METATARSIANA,Cirugía,PDSS 10.0,1
4825.03.5.1.00,CORRECCION DE MALFORMACIONES DE MEDULA ESPINAL SOD §,Cirugía,PDSS 10.0,1
4832.54.7.2,CORRECCION DE ONFALOCELE,Cirugía,PDSS 10.0,1
4850.82.8.3.04,CORRECCION DE SINDACTILIA COMPLEJA,Cirugía,PDSS 10.0,1
4851.82.8.3.02,CORRECCION DE SINDACTILIA SIMPLE (UNO O MAS ESPACIOS),Cirugía,PDSS 10.0,1
4855.80.4.8.02,CORRECCION DE VARO METATARSIANO O PIE ADUCTO HEYMAN HERNDON STRONG,Cirugía,PDSS 10.0,1
4877.82.8.3.10,CORRECCION QUIRURGICA DE LA MACRODACTILIA,Cirugía,PDSS 10.0,1
4881.81.4.6.01,CORRECCION QUIRURGICA LIGAMENTARIA MEDIAL O LATERAL Y/O CAPSULAR,Cirugía,PDSS 10.0,1
4885.54.7.1,CORRECCION TOTAL DE EVISCERACION PRENATAL (GASTROSQUISIS),Cirugía,PDSS 10.0,1
4886.54.7.1.00,CORRECCION TOTAL DE EVISCERACION PRENATAL (GASTROQUISIS),Cirugía,PDSS 10.0,1
4887.35.8.8.00,CORRECCION TOTAL DE TRANSPOSICION DE GRANDES VASOS SOD §,Atenciones de Alto Costo y de Máximo Nivel de Complejidad,PDSS 10.0,1
4916.35.9.2.00,CREACION DE CONDUCTO ENTRE EL VENTRICULO DERECHO Y LA ARTERIA PULMONAR SOD +,Atenciones de Alto Costo y de Máximo Nivel de Complejidad,PDSS 10.0,1
4980.09.6.1.00,DACRIOCISTECTOMIA (SACO LAGRIMAL) SOD,Cirugía,PDSS 10.0,1
4988.09.8.1.00,DACRIOCISTORRINOSTOMIA (DCR) SOD §,Cirugía,PDSS 10.0,1
4993.34.5.3,DECORTICACIÓN PULMONAR,Cirugía,PDSS 10.0,1
5010.39.2.8.03,DERIVACION (INJERTO) O PUENTE FEMORO-POPLITEO,Cirugía,PDSS 10.0,1
5011.39.2.8.04,DERIVACION (INJERTO) O PUENTE FEMORO-TIBIAL,Cirugía,PDSS 10.0,1
5021.35.9.4.04,DERIVACION CAVO SUPERIOR A ARTERIA PULMONAR [GLENN CLASICO O BIDIRECCIONAL] +,Atenciones de Alto Costo y de Máximo Nivel de Complejidad,PDSS 10.0,1
5022.35.9.4.05,"DERIVACION CAVO SUPERIOR- PULMONAR, DEJANDO FLUJO ANTE-ROGRADO (REPARO UNO Y MEDIO VENTRICULAR)",Atenciones de Alto Costo y de Máximo Nivel de Complejidad,PDSS 10.0,1
5047.39.2.6.01,DERIVACION O PUENTE FEMORO-FEMORAL [CRUZADO],Cirugía,PDSS 10.0,1
5070.02.2.2.02,DERIVACION VENTRICULAR A ESPACIO SUBARACNOIDEO CERVICAL TORKILDSEN,Cirugía,PDSS 10.0,1
5100.84.0.8.00,DESARTICULACION DE HOMBRO SOD,Cirugía,PDSS 10.0,1
5106.84.1.3.00,DESARTICULACION DE TOBILLO SOD,Atenciones de Alto Costo y de Máximo Nivel de Complejidad,PDSS 10.0,1
5107.80.4.3.03,DESBRIDAMIENTO DE FIBROCARTÍLAGO TRIANGULAR O EXTRACCION DE CUERPO EXTRAÑO EN MUÑECA POR ARTROSCOPIA,Atenciones de Alto Costo y de Máximo Nivel de Complejidad,PDSS 10.0,1
5108.86.2.3.12,DESBRIDAMIENTO DE LESION PROFUNDA (ÚLCERA) CON COCCIGECTOMIA +,Atenciones de Alto Costo y de Máximo Nivel de Complejidad,PDSS 10.0,1
5109.83.4.5.01,DESBRIDAMIENTO DE MUSCULO SOD,Atenciones de Alto Costo y de Máximo Nivel de Complejidad,PDSS 10.0,1
5110.82.9.9.00,"DESBRIDAMIENTO DE MUSCULO, TENDON Y FASCIA EN MANO SOD +",Atenciones de Alto Costo y de Máximo Nivel de Complejidad,PDSS 10.0,1
5111.83.4.2.00,"DESBRIDAMIENTO DE MUSCULO, TENDON Y FASCIA EXCEPTO MANO SOD",Atenciones de Alto Costo y de Máximo Nivel de Complejidad,PDSS 10.0,1
5113.86.2.3.07,DESBRIDAMIENTO ESCISIONAL POR LESION DE TEJIDOS PROFUNDOS DE MAS DEL 50% DE SUPERFICIE CORPORAL EN AREA GENERAL,Atenciones de Alto Costo y de Máximo Nivel de Complejidad,PDSS 10.0,1
5114.86.2.3.02,DESBRIDAMIENTO ESCISIONAL POR LESION DE TEJIDOS PROFUNDOS EN AREA ESPECIAL DE MAS DEL CINCO 5% DE SUPERFICIE CORPORAL TOTAL +,Atenciones de Alto Costo y de Máximo Nivel de Complejidad,PDSS 10.0,1
5115.86.2.3.01,DESBRIDAMIENTO ESCISIONAL POR LESION DE TEJIDOS PROFUNDOS EN AREA ESPECIAL DE MENOS DEL CINCO 5% DE SUPERFICIE CORPORAL TOTAL +,Atenciones de Alto Costo y de Máximo Nivel de Complejidad,PDSS 10.0,1
5116.86.2.3.04,"DESBRIDAMIENTO ESCISIONAL POR LESION DE TEJIDOS PROFUNDOS ENTRE EL 10% AL 20% DE SUPERFICIE CORPORAL, EN AREA GENERAL +",Atenciones de Alto Costo y de Máximo Nivel de Complejidad,PDSS 10.0,1
5117.86.2.3.05,DESBRIDAMIENTO ESCISIONAL POR LESION DE TEJIDOS PROFUNDOS ENTRE EL 20% AL 30% DE SUPERFICIE CORPORAL EN AREA GENERAL,Atenciones de Alto Costo y de Máximo Nivel de Complejidad,PDSS 10.0,1
5118.86.2.3.06,DESBRIDAMIENTO ESCISIONAL POR LESION DE TEJIDOS PROFUNDOS ENTRE EL 30% AL 50% DE SUPERFICIE CORPORAL EN AREA GENERAL,Atenciones de Alto Costo y de Máximo Nivel de Complejidad,PDSS 10.0,1
5119.86.2.3.03,"DESBRIDAMIENTO ESCISIONAL POR LESION DE TEJIDOS PROFUNDOS HASTA EL 10% DE SUPERFICIE CORPORAL, EN AREA GENERAL +",Atenciones de Alto Costo y de Máximo Nivel de Complejidad,PDSS 10.0,1
5121.86.2.2.07,"DESBRIDAMIENTO ESCISIONAL POR LESION SUPERFICIAL DE MAS DEL 50% DE SUPERFICIE CORPORAL, EN AREA GENERAL +",Atenciones de Alto Costo y de Máximo Nivel de Complejidad,PDSS 10.0,1
5122.86.2.2.02,DESBRIDAMIENTO ESCISIONAL POR LESION SUPERFICIAL EN AREA ESPECIAL DE MAS DEL CINCO 5% DE SUPERFICIE CORPORAL TOTAL +,Atenciones de Alto Costo y de Máximo Nivel de Complejidad,PDSS 10.0,1
5123.86.2.2.01,DESBRIDAMIENTO ESCISIONAL POR LESION SUPERFICIAL EN AREA ESPECIAL DE MENOS DEL CINCO 5% DE SUPERFICIE CORPORAL TOTAL +,Atenciones de Alto Costo y de Máximo Nivel de Complejidad,PDSS 10.0,1
5124.86.2.2.04,"DESBRIDAMIENTO ESCISIONAL POR LESION SUPERFICIAL ENTRE EL 10% AL 20% DE SUPERFICIE CORPORAL, EN AREA GENERAL +",Atenciones de Alto Costo y de Máximo Nivel de Complejidad,PDSS 10.0,1
5125.86.2.2.05,"DESBRIDAMIENTO ESCISIONAL POR LESION SUPERFICIAL ENTRE EL 20% AL 30% DE SUPERFICIE CORPORAL, EN AREA GENERAL +",Atenciones de Alto Costo y de Máximo Nivel de Complejidad,PDSS 10.0,1
5126.86.2.2.06,"DESBRIDAMIENTO ESCISIONAL POR LESION SUPERFICIAL ENTRE EL 30% AL 50% DE SUPERFICIE CORPORAL, EN AREA GENERAL +",Atenciones de Alto Costo y de Máximo Nivel de Complejidad,PDSS 10.0,1
5127.86.2.2.03,"DESBRIDAMIENTO ESCISIONAL POR LESION SUPERFICIAL HASTA EL 10% DE SUPERFICIE CORPORAL, EN AREA GENERAL +",Atenciones de Alto Costo y de Máximo Nivel de Complejidad,PDSS 10.0,1
5129.86.2.8.03,DESBRIDAMIENTO NO ESCISIONAL DE TEJIDO DESVITALIZADO ENTRE EL 10% AL 20% DE SUPERFICIE CORPORAL,Atenciones de Alto Costo y de Máximo Nivel de Complejidad,PDSS 10.0,1
5130.86.2.8.04,DESBRIDAMIENTO NO ESCISIONAL DE TEJIDO DESVITALIZADO ENTRE EL 20% AL 30% DE SUPERFICIE CORPORAL,Atenciones de Alto Costo y de Máximo Nivel de Complejidad,PDSS 10.0,1
5131.86.2.8.05,DESBRIDAMIENTO NO ESCISIONAL DE TEJIDO DESVITALIZADO ENTRE EL 30% AL 40% DE SUPERFICIE CORPORAL,Atenciones de Alto Costo y de Máximo Nivel de Complejidad,PDSS 10.0,1
5132.86.2.8.06,DESBRIDAMIENTO NO ESCISIONAL DE TEJIDO DESVITALIZADO ENTRE EL 40% AL 50% DE SUPERFICIE CORPORAL,Atenciones de Alto Costo y de Máximo Nivel de Complejidad,PDSS 10.0,1
5133.86.2.8.02,DESBRIDAMIENTO NO ESCISIONAL DE TEJIDO DESVITALIZADO ENTRE EL 5% AL 10% DE SUPERFICIE CORPORAL,Atenciones de Alto Costo y de Máximo Nivel de Complejidad,PDSS 10.0,1
5134.86.2.8.01,DESBRIDAMIENTO NO ESCISIONAL DE TEJIDO DESVITALIZADO HASTA EL 5% DE SUPERFICIE CORPORAL,Atenciones de Alto Costo y de Máximo Nivel de Complejidad,PDSS 10.0,1
5135.86.2.8.07,DESBRIDAMIENTO NO ESCISIONAL DE TEJIDO DESVITALIZADO MAYOR DEL 50% DE SUPERFICIE CORPORAL,Atenciones de Alto Costo y de Máximo Nivel de Complejidad,PDSS 10.0,1
5137.80.8.0.22,"DESBRIDAMIENTO, LAVADO Y LIMPIEZA DE ARTICULACION DE CODO POR ARTROSCOPIA",Atenciones de Alto Costo y de Máximo Nivel de Complejidad,PDSS 10.0,1
5138.80.8.0.21,"DESBRIDAMIENTO, LAVADO Y LIMPIEZA DE ARTICULACION DE CODO VIA ABIERTA",Atenciones de Alto Costo y de Máximo Nivel de Complejidad,PDSS 10.0,1
5139.80.8.0.12,"DESBRIDAMIENTO, LAVADO Y LIMPIEZA DE ARTICULACION DE HOMBRO POR ARTROSCOPIA",Atenciones de Alto Costo y de Máximo Nivel de Complejidad,PDSS 10.0,1
5140.80.8.0.11,"DESBRIDAMIENTO, LAVADO Y LIMPIEZA DE ARTICULACION DE HOMBRO VIA ABIERTA",Atenciones de Alto Costo y de Máximo Nivel de Complejidad,PDSS 10.0,1
5141.80.8.0.81,"DESBRIDAMIENTO, LAVADO Y LIMPIEZA DE ARTICULACION DE PIE Y/O ARTEJOS VIA ABIERTA +",Atenciones de Alto Costo y de Máximo Nivel de Complejidad,PDSS 10.0,1
5142.80.8.0.42,"DESBRIDAMIENTO, LAVADO Y LIMPIEZA DE ARTICULACION EN MANO Y/O DEDOS POR ARTROSCOPIA +",Atenciones de Alto Costo y de Máximo Nivel de Complejidad,PDSS 10.0,1
5143.80.8.0.41,"DESBRIDAMIENTO, LAVADO Y LIMPIEZA DE ARTICULACION EN MANO Y/O DEDOS VIA ABIERTA +",Atenciones de Alto Costo y de Máximo Nivel de Complejidad,PDSS 10.0,1
5144.80.8.0.61,"DESBRIDAMIENTO, LAVADO Y LIMPIEZA DE RODILLA VIA ABIERTA",Atenciones de Alto Costo y de Máximo Nivel de Complejidad,PDSS 10.0,1
5145.80.8.0.72,"DESBRIDAMIENTO, LAVADO Y LIMPIEZA DE TOBILLO POR ARTROSCOPIA",Atenciones de Alto Costo y de Máximo Nivel de Complejidad,PDSS 10.0,1
5146.80.8.0.71,"DESBRIDAMIENTO, LAVADO Y LIMPIEZA DE TOBILLO VIA ABIERTA",Atenciones de Alto Costo y de Máximo Nivel de Complejidad,PDSS 10.0,1
5160.04.4.3.00,DESCOMPRESION DE NERVIO EN TUNEL DEL CARPO SOD §,Cirugía,PDSS 10.0,1
5186.04.4.2.01,"DESCOMPRESION INTRACANALICULAR DE NERVIO OPTICO, POR CRANEOTOMIA",Cirugía,PDSS 10.0,1
5216.99.7.3.00,DETARTRAJE SUPRAGINGIVAL SOD +,Servicios Odontológicos,PDSS 10.0,1
5237.54.9.8.02,DIALISIS PERITONEAL AUTOMATIZADA,Atenciones de Alto Costo y de Máximo Nivel de Complejidad,PDSS 10.0,1
5238.54.9.8.00,DIALISIS PERITONEAL SOD §,Cirugía,PDSS 10.0,1
5249.57.9.2.00,DILATACION DE CUELLO VESICAL SOD,Cirugía,PDSS 10.0,1
5257.31.9.2.00,DILATACION DE LA TRAQUEA SOD §,Cirugía,PDSS 10.0,1
5267.58.6.3.00,DILATACION DE URETRA POR SONDEO SOD,Cirugía,PDSS 10.0,1
5284.31.9.2.01,DILATACION ENDOSCOPICA DE LA TRAQUEA,Cirugía,PDSS 10.0,1
5300.67.0.1.00,DILATACION Y CURETAJE DE MUÑON CERVICAL ,Cirugía,PDSS 10.0,1
5313.87.5.4.12,DISCOGRAFIA CERVICAL (DOS O MAS DISCOS),Apoyo Diagnóstico (Dx) en Internamiento y Ambulatoria,PDSS 10.0,1
5314.87.5.4.11,DISCOGRAFIA CERVICAL (UN DISCO),Apoyo Diagnóstico (Dx) en Internamiento y Ambulatoria,PDSS 10.0,1
5315.87.5.4.31,DISCOGRAFIA DE SEGMENTO LUMBAR (UN DISCO),Apoyo Diagnóstico (Dx) en Internamiento y Ambulatoria,PDSS 10.0,1
5316.87.5.4.32,DISCOGRAFIA DE SEGMENTO LUMBAR DOS O MAS DISCO,Apoyo Diagnóstico (Dx) en Internamiento y Ambulatoria,PDSS 10.0,1
5317.87.5.4.42,DISCOGRAFIA LUMBOSACRA DOS O MAS DISCOS,Apoyo Diagnóstico (Dx) en Internamiento y Ambulatoria,PDSS 10.0,1
5318.87.5.4.41,DISCOGRAFIA LUMBOSACRA UN DISCO,Apoyo Diagnóstico (Dx) en Internamiento y Ambulatoria,PDSS 10.0,1
5319.87.5.4.22,DISCOGRAFIA SEGMENTO TORACICO (DOS O MAS DISCOS),Apoyo Diagnóstico (Dx) en Internamiento y Ambulatoria,PDSS 10.0,1
5320.87.5.4.21,DISCOGRAFIA SEGMENTO TORACICO (UN DISCO),Apoyo Diagnóstico (Dx) en Internamiento y Ambulatoria,PDSS 10.0,1
5373.88.2.1.30,DOPPLER DE OTROS VASOS PERIFERICOS DEL CUELLO NCOC,Apoyo Diagnóstico (Dx) en Internamiento y Ambulatoria,PDSS 10.0,1
5376.88.2.3.30,DOPPLER DE VASOS ARTERIALES DE MIEMBROS INFERIORES,Apoyo Diagnóstico (Dx) en Internamiento y Ambulatoria,PDSS 10.0,1
5377.88.2.3.10,DOPPLER DE VASOS ARTERIALES DE MIEMBROS SUPERIORES,Apoyo Diagnóstico (Dx) en Internamiento y Ambulatoria,PDSS 10.0,1
5379.88.2.2.20,DOPPLER DE VASOS RENALES,Apoyo Diagnóstico (Dx) en Internamiento y Ambulatoria,PDSS 10.0,1
5380.88.2.3.31,DOPPLER DE VASOS VENOSOS DE MIEMBROS INFERIORES,Trasplante Renal,PDSS 10.0,1
5381.88.2.3.11,DOPPLER DE VASOS VENOSOS DE MIEMBROS SUPERIORES,Apoyo Diagnóstico (Dx) en Internamiento y Ambulatoria,PDSS 10.0,1
5384.88.2.1.01,DOPPLER TRANSCRANEAL,Trasplante Renal,PDSS 10.0,1
5396.45.0.6.00,DRENAJE DE COLECCION DE DIVERTICULO ,Cirugía,PDSS 10.0,1
5398.42.0.1.00,DRENAJE DE COLECCION DE ESOFAGO POR ESOFAGOTOMIA ,Cirugía,PDSS 10.0,1
5403.18.0.1.00,DRENAJE DE COLECCION DE PABELLON AURICULAR SOD,Cirugía,PDSS 10.0,1
5410.11.1.2.00,DRENAJE DE COLECCION EN CORNEA SOD +,Cirugía,PDSS 10.0,1
5413.54.0.0.00,DRENAJE DE COLECCION EN PARED ABDOMINAL SOD +,Cirugía,PDSS 10.0,1
5422.54.0.0.01,DRENAJE DE COLECCION EXTRAPERITONEAL +,Cirugía,PDSS 10.0,1
5434.24.0.4.00,DRENAJE DE COLECCION PERIODONTAL (CERRADO CON ALISADO RADICULAR) SOD+,Servicios Odontológicos,PDSS 10.0,1
5441.48.8.1.01,DRENAJE DE COLECCION RECTAL,Cirugía,PDSS 10.0,1
5442.54.0.0.02,DRENAJE DE COLECCION RETROPERITONEAL +,Cirugía,PDSS 10.0,1
5451.01.3.1.05,DRENAJE DE ESPACIO SUBARACNOIDEO POR DERIVACION CISTO PERITONEAL,Cirugía,PDSS 10.0,1
5452.01.3.1.10,DRENAJE DE ESPACIO SUBDURAL CON REPARO DE SENOS DURALES ROTOS,Cirugía,PDSS 10.0,1
5455.01.3.1.06,DRENAJE DE ESPACIO SUBDURAL POR DERIVACION SUBDURO PERITONEAL,Cirugía,PDSS 10.0,1
5456.01.3.1.04,DRENAJE DE ESPACIO SUBDURAL POR DRENAJE EXTERNO,Cirugía,PDSS 10.0,1
5462.21.1.3.01,DRENAJE DE LESION (COLECCION) EN PIRAMIDE NASAL +,Cirugía,PDSS 10.0,1
5470.01.7.2.09,DRENAJE DE QUISTE TUMORAL SUPRATENTORIAL,Cirugía,PDSS 10.0,1
5475.06.0.9.04,DRENAJE EN CUELLO (EXCEPTO AREA TIROIDEA) POR INCISION,Cirugía,PDSS 10.0,1
5477.09.0.1.00,DRENAJE EN GLANDULA LAGRIMAL SOD,Cirugía,PDSS 10.0,1
5495.28.0.2.00,DRENAJE TRANSORAL EN AMIGDALA Y ESTRUCTURAS PERIAMIGDALARES SOD,Cirugía,PDSS 10.0,1
5504.45.6.2.01,DUODENECTOMIA,Cirugía,PDSS 10.0,1
5533.88.2.1.11,"ECOGRAFIA DOPPLER DE VASOS DEL CUELLO (CAROTIDAS, VERTEBRALES, YUGULAR)",Apoyo Diagnóstico (Dx) en Internamiento y Ambulatoria,PDSS 10.0,1
5541.95.1.3.21,"DUPLEX SCANNING [DOPPLER- ECOGRAFIA] DE VASOS OCULARES (ARTERIA Y VENA CENTRAL DE RETINA, ARTERIA OFTALMICA Y VASOS CILIARES) A COLOR",Apoyo Diagnóstico (Dx) en Internamiento y Ambulatoria,PDSS 10.0,1
5554.88.1.2.36,ECOCARDIOGRAMA DE STRESS CON PRUEBA DE ESFUERZO O CON PRUEBA FARMACOLOGICA,Apoyo Diagnóstico (Dx) en Internamiento y Ambulatoria,PDSS 10.0,1
5558.88.1.2.35,ECOCARDIOGRAMA TRANSESOFAGICO,Apoyo Diagnóstico (Dx) en Internamiento y Ambulatoria,PDSS 10.0,1
5611.89.1.4,ELECTROENCEFALOGRAMA,Trasplante Renal,PDSS 10.0,1
5614.93.0.8.01,ELECTROMIOGRAFIA CON ELECTRODO DE FIBRA UNICA,Rehabilitación,PDSS 10.0,1
5616.89.3.6.00,ELECTROMIOGRAFIA DE ESFINTER ANAL SOD,Rehabilitación,PDSS 10.0,1
5625.95.2.4.00,ELECTRONISTAGMOGRAFIA [ENG] O FOTOELECTRONISTAGMOGRAFIA SOD,Apoyo Diagnóstico (Dx) en Internamiento y Ambulatoria,PDSS 10.0,1
5629.95.2.1.00,ELECTRORRETINOGRAFIA SOD,Apoyo Diagnóstico (Dx) en Internamiento y Ambulatoria,PDSS 10.0,1
5639.95.4.6.01,EMISIONES OTOACUSTICAS +,Apoyo Diagnóstico (Dx) en Internamiento y Ambulatoria,PDSS 10.0,1
5721.93.8.3.01,ENTRENAMIENTO FUNCIONAL EN AUTOCUIDADO (ACTIVIDADES BASICAS COTIDIANAS)+,Rehabilitación,PDSS 10.0,1
5731.16.4.1.00,ENUCLEACION CON O SIN IMPLANTE PROTESICO ,Cirugía,PDSS 10.0,1
5755.78.2.2.11,EPIFISIODESIS ABIERTA DE CUBITO O RADIO,Cirugía,PDSS 10.0,1
5756.78.2.2.13,EPIFISIODESIS ABIERTA DE CUBITO Y RADIO,Atenciones de Alto Costo y de Máximo Nivel de Complejidad,PDSS 10.0,1
5757.78.2.7.11,EPIFISIODESIS ABIERTA DE FALANGES DE MANO (UNA O MAS),Cirugía,PDSS 10.0,1
5758.78.2.7.51,EPIFISIODESIS ABIERTA DE FALANGES DE PIE (UNA O MAS),Atenciones de Alto Costo y de Máximo Nivel de Complejidad,PDSS 10.0,1
5759.78.2.4.01,EPIFISIODESIS ABIERTA DE FEMUR,Cirugía,PDSS 10.0,1
5760.78.2.1.01,EPIFISIODESIS ABIERTA DE HUMERO,Atenciones de Alto Costo y de Máximo Nivel de Complejidad,PDSS 10.0,1
5761.78.2.3.11,EPIFISIODESIS ABIERTA DE METACARPIANOS,Cirugía,PDSS 10.0,1
5762.78.2.6.11,EPIFISIODESIS ABIERTA DE TARSIANOS O METATARSIANOS (UNA O MAS) +,Atenciones de Alto Costo y de Máximo Nivel de Complejidad,PDSS 10.0,1
5763.78.2.5.11,EPIFISIODESIS ABIERTA DE TIBIA O PERONE,Cirugía,PDSS 10.0,1
5764.78.2.5.13,EPIFISIODESIS ABIERTA DE TIBIA Y PERONE,Atenciones de Alto Costo y de Máximo Nivel de Complejidad,PDSS 10.0,1
5770.78.2.3.21,EPIFISIODESIS PERCUTANEA DE METACARPIANOS,Cirugía,PDSS 10.0,1
5772.78.2.6.21,EPIFISIODESIS PERCUTANEA DE TARSIANOS O METATARSIANOS (UNA O MAS) +,Atenciones de Alto Costo y de Máximo Nivel de Complejidad,PDSS 10.0,1
5780.90.6.2.15,EPSTEIN BARR ANTICUERPOS IG M CAPSULA EB-VCA-M POR EIA,Trasplante Renal,PDSS 10.0,1
5786.83.1.9.05,ESCALENOTOMIA O SECCION DE ESCALENO ANTERIOR SIN RESECCION DE COSTILLA CERVICAL,Atenciones de Alto Costo y de Máximo Nivel de Complejidad,PDSS 10.0,1
5787.79.8.1.06,ESCAPULOPEXIA [TRATAMIENTO DE LA LUXACION CONGENITA DE ESCAPULA ALADA],Cirugía,PDSS 10.0,1
5788.86.2.3.42,ESCARECTOMIA AVULSIVA ENTRE EL 10% AL 20% DE SUPERFICIE CORPORAL,Atenciones de Alto Costo y de Máximo Nivel de Complejidad,PDSS 10.0,1
5789.86.2.3.41,ESCARECTOMIA AVULSIVA ENTRE EL 5% AL 10% DE SUPERFICIE CORPORAL,Atenciones de Alto Costo y de Máximo Nivel de Complejidad,PDSS 10.0,1
5790.86.2.3.40,ESCARECTOMIA AVULSIVA HASTA EL 5% DE SUPERFICIE CORPORAL,Atenciones de Alto Costo y de Máximo Nivel de Complejidad,PDSS 10.0,1
5791.86.2.3.43,ESCARECTOMIA AVULSIVA MAYOR DEL 20% DE SUPERFICIE CORPORAL,Atenciones de Alto Costo y de Máximo Nivel de Complejidad,PDSS 10.0,1
5792.86.2.3.50,ESCARECTOMIA CON FASCIOTOMIA EN EXTREMIDADES (POR QUEMADURA ELECTRICA),Atenciones de Alto Costo y de Máximo Nivel de Complejidad,PDSS 10.0,1
5793.86.2.3.30,ESCARECTOMIA TANGENCIAL TARDIA CON INJERTOS DE PIEL HASTA EL 5% DE SUPERFICIE CORPORAL,Atenciones de Alto Costo y de Máximo Nivel de Complejidad,PDSS 10.0,1
5794.86.2.3.33,ESCARECTOMIA TANGENCIAL TARDIA CON INSERTOS DE PIEL DE MAS DEL 20% DE SUPERFICIE CORPORAL,Atenciones de Alto Costo y de Máximo Nivel de Complejidad,PDSS 10.0,1
5795.86.2.3.32,ESCARECTOMIA TANGENCIAL TARDIA CON INJERTOS DE PIEL ENTRE EL 10% AL 20% DE SUPERFICIE CORPORAL,Atenciones de Alto Costo y de Máximo Nivel de Complejidad,PDSS 10.0,1
5796.86.2.3.31,"ESCARECTOMIA TANGENCIAL TARDIA CON INJERTOS DE PIEL, ENTRE EL 5% AL 10% DE SUPERFICIE CORPORAL",Atenciones de Alto Costo y de Máximo Nivel de Complejidad,PDSS 10.0,1
5797.86.2.3.27,ESCARECTOMIA TANGENCIAL TEMPRANA DE MAS DEL 20% DE SUPERFICIE CORPORAL,Atenciones de Alto Costo y de Máximo Nivel de Complejidad,PDSS 10.0,1
5798.86.2.3.26,ESCARECTOMIA TANGENCIA TEMPRANA ENTRE EL 15% AL 20% DE SUPERFICIE CORPORAL,Atenciones de Alto Costo y de Máximo Nivel de Complejidad,PDSS 10.0,1
5799.86.2.3.25,ESCARECTOMIA TANGENCIAL TEMPRANA ENTRE EL 10% AL 15% DE SUPERFICIE CORPORAL,Atenciones de Alto Costo y de Máximo Nivel de Complejidad,PDSS 10.0,1
5800.86.2.3.24,ESCARECTOMIA TANGENCIAL TEMPRANA ENTRE EL 5% AL 10% DE SUPERFICIE CORPORAL,Atenciones de Alto Costo y de Máximo Nivel de Complejidad,PDSS 10.0,1
5801.86.2.3.23,ESCARECTOMIA TANGENCIAL TEMPRANA HASTA EL 5% DE SUPERFICIE CORPORAL,Atenciones de Alto Costo y de Máximo Nivel de Complejidad,PDSS 10.0,1
5815.83.4.2.01,ESCISION DE APONEUROSIS Y/O VAINA DE TENDON,Atenciones de Alto Costo y de Máximo Nivel de Complejidad,PDSS 10.0,1
5860.24.3.1.00,ESCISION DE LESION DE ENCIA SOD §,Servicios Odontológicos,PDSS 10.0,1
5874.16.9.2.00,ESCISION DE LESION DE ORBITA SOD §,Cirugía,PDSS 10.0,1
5879.22.6.1.00,ESCISION DE LESION DE SENO MAXILAR CON ABORDAJE CADWELLLUC SOD,Cirugía,PDSS 10.0,1
5912.24.4.1.00,ESCISION DE LESION ODONTOGENICA SOD §,Servicios Odontológicos,PDSS 10.0,1
5929.86.3.5.01,"ESCISION DE LESIONES CUTANEAS POR RADIOFRECUENCIA, HASTA CINCO LESIONES",Cirugía,PDSS 10.0,1
5944.67.4.1.00,ESCISION DE MUÑON CERVICAL VIA VAGINAL O ABDOMINAL SOD,Cirugía,PDSS 10.0,1
5964.67.3.1.01,ESCISION DE POLIPO EN CUELLO UTERINO (CERVIX),Cirugía,PDSS 10.0,1
5965.67.3.1.10,ESCISION DE POLIPO PEDICULADO O SESIL EN CUELLO UTERINO (CERVIX),Cirugía,PDSS 10.0,1
5993.77.6.9.31,ESCISION DE TUMOR (BENIGNO O MALIGNO) EN COLUMNA VERTEBRAL VIA POSTERIOR O POSTEROLATERAL +,Cirugía,PDSS 10.0,1
6000.37.3.3.01,ESCISION DE TUMOR DEL CORAZON,Cirugía,PDSS 10.0,1
6080.08.2.0.00,ESCISION O ABLACION DE LESION O TEJIDO DE PARPADO SOD,Cirugía,PDSS 10.0,1
6093.32.2.8.00,ESCISION O ABLACION ENDOSCOPICA DE LESION O TEJIDO PULMONAR SOD,Cirugía,PDSS 10.0,1
6095.58.3.1.00,ESCISION O ABLACION ENDOSCOPICA DE LESION O TEJIDO URETRAL SOD §,Cirugía,PDSS 10.0,1
6096.86.3.6.90,ESCISION O ABLACION LOCAL DE LESION CUTANEA NCOC §,Cirugía,PDSS 10.0,1
6101.04.0.7.00,ESCISION O RESECCION DE NERVIOS CRANEALES O PERIFERICOS SOD §,Cirugía,PDSS 10.0,1
6130.77.6.1.01,ESCISION TUMOR BENIGNO DE CLAVICULA,Cirugía,PDSS 10.0,1
6131.77.6.1.04,ESCISION TUMOR BENIGNO DE ESCAPULA,Cirugía,PDSS 10.0,1
6132.77.6.4.01,ESCISION TUMOR BENIGNO EN CARPIANOS O METACARPIANOS,Cirugía,PDSS 10.0,1
6133.77.6.5.01,ESCISION TUMOR BENIGNO EN FEMUR +,Cirugía,PDSS 10.0,1
6135.77.6.2.01,ESCISION TUMOR BENIGNO EN HUMERO +,Cirugía,PDSS 10.0,1
6137.77.6.3.01,ESCISION TUMOR BENIGNO EN RADIO O CUBITO,Cirugía,PDSS 10.0,1
6138.77.6.6.01,ESCISION TUMOR BENIGNO EN ROTULA,Cirugía,PDSS 10.0,1
6139.77.6.7.01,ESCISION TUMOR BENIGNO EN TIBIA O PERONE,Cirugía,PDSS 10.0,1
6162.22.6.4.01,ESFENOIDECTOMIA ENDOSCOPICA TRANSNASAL,Cirugía,PDSS 10.0,1
6164.22.6.4.00,ESFENOIDECTOMIA SOD,Cirugía,PDSS 10.0,1
6189.42.7.4.01,ESOFAGOCARDIO MIOTOMIA ABDOMINAL O TORACICA [HELLER] VIA ABIERTA,Cirugía,PDSS 10.0,1
6222.42.7.2.00,ESOFAGOTOMIA TRANSTORÁCICA CON MIOTOMIA SOD,Cirugía,PDSS 10.0,1
6234.41.5.1.00,ESPLENECTOMIA TOTAL SOD +,Cirugía,PDSS 10.0,1
6239.41.6.1.10,ESPLENORRAFIA POR LAPAROSCOPIA §,Cirugía,PDSS 10.0,1
6240.41.6.1.00,ESPLENORRAFIA SOD,Cirugía,PDSS 10.0,1
6242.02.0.2.01,ESQUIRLECTOMIA CRANEAL A TRAVES DE TREPANACION,Cirugía,PDSS 10.0,1
6248.19.1.1.00,ESTAPEDECTOMIA O ESTAPEDOTOMIA CON COLOCACION DE PROTESIS SOD,Cirugía,PDSS 10.0,1
6272.95.0.5.05,ESTUDIO DE CAMPO VISUAL CENTRAL O PERIFERICO COMPUTARIZADO,Cirugía,PDSS 10.0,1
6303.89.8.1.03,ESTUDIO DE COLORACION INMUNOHISTOQUIMICA EN BIOPSIA ,Apoyo Diagnóstico (Dx) en Internamiento y Ambulatoria,PDSS 10.0,1
6335.37.2.5.02,ESTUDIO ELECTROFISIOLOGICO CARDIACO PERCUTANEO [EPICARDICO] §,Atenciones de Alto Costo y de Máximo Nivel de Complejidad,PDSS 10.0,1
6336.37.2.5.01,ESTUDIO ELECTROFISIOLOGICO CARDIACO TRANS ESOFAGICO +,Atenciones de Alto Costo y de Máximo Nivel de Complejidad,PDSS 10.0,1
6357.22.6.3.03,ETMOIDECTOMIA ANTERIOR TRANSNASAL,Cirugía,PDSS 10.0,1
6358.22.6.3.05,ETMOIDECTOMIA ANTERIOR Y POSTERIOR VIA ENDOSCOPICA TRANSNASAL +,Cirugía,PDSS 10.0,1
6359.22.6.3.04,"ETMOIDECTOMIA ANTERIOR, VIA ENDOSCOPICA TRANSNASAL +",Cirugía,PDSS 10.0,1
6360.22.6.3.02,ETMOIDECTOMIA EXTERNA,Cirugía,PDSS 10.0,1
6372.93.0.4.00,EVALUACION DE FUNCION OSTEOMUSCULAR SOD +,Rehabilitación,PDSS 10.0,1
6387.93.0.2.00,EVALUACION ORTÉSICA SOD,Rehabilitación,PDSS 10.0,1
6391.93.0.3.00,EVALUACION PROTESICA EN EXTREMIDADES SOD,Rehabilitación,PDSS 10.0,1
6427.23.1.3.00,EXODONCIA DE DIENTE INCLUIDO SOD +,Servicios Odontológicos,PDSS 10.0,1
6430.23.0.1.00,EXODONCIA DE DIENTES PERMANENTES SOD §,Servicios Odontológicos,PDSS 10.0,1
6432.23.0.2.00,EXODONCIA DE DIENTES TEMPORALES SOD §,Servicios Odontológicos,PDSS 10.0,1
6433.23.1.3.02,EXODONCIA DE INCLUIDO EN POSICION ECTOPICA CON ABORDAJE EXTRAORAL +,Servicios Odontológicos,PDSS 10.0,1
6434.23.1.3.01,EXODONCIA DE INCLUIDO EN POSICION ECTOPICA CON ABORDAJE INTRAORAL +,Servicios Odontológicos,PDSS 10.0,1
6437.23.1.2.00,EXODONCIA QUIRURGICA MULTIRRADICULAR SOD,Servicios Odontológicos,PDSS 10.0,1
6439.23.1.1.00,EXODONCIA QUIRURGICA UNIRRADICULAR SOD,Servicios Odontológicos,PDSS 10.0,1
6442.23.1.4.00,"EXODONCIAS MULTIPLES CON ALVEOLOPLASTIA, POR CUADRANTE SOD",Servicios Odontológicos,PDSS 10.0,1
6465.06.0.9.03,EXPLORACION DE CUELLO O AREA TIROIDEA POR INCISION,Cirugía,PDSS 10.0,1
6476.82.0.1.01,EXPLORACION DE VAINA DE TENDON DE MANO,Cirugía,PDSS 10.0,1
6514.03.0.2.02,EXPLORACION Y DESCOMPRESION DEL CANAL RAQUIDEO Y RAICES ESPINALES POR HEMILAMINECTOMIA,Cirugía,PDSS 10.0,1
6515.03.0.2.01,EXPLORACION Y DESCOMPRESION DEL CANAL RAQUIDEO Y RAICES ESPINALES POR LAMINECTOMIA,Cirugía,PDSS 10.0,1
6516.03.0.2.03,EXPLORACION Y DESCOMPRESION DEL CANAL RAQUIDEO Y RAICES ESPINALES POR LAMINOTOMIA,Cirugía,PDSS 10.0,1
6521.34.1.1.00,EXPLORACION Y DRENAJE DE MEDIASTINO SOD §,Cirugía,PDSS 10.0,1
6539.86.3.6.02,EXTRACCION DE COMEDONES (COMEDOLISIS),Cirugía,PDSS 10.0,1
6542.80.0.5.02,EXTRACCION DE CUERPO EXTRAÑO INTRAARTICULAR EN CADERA POR ARTROTOMIA,Cirugía,PDSS 10.0,1
6550.34.3.4.01,EXTRACCION DE CUERPO EXTRAÑO DE MEDIASTINO POR TORACOTOMIA CON O SIN RESECCION DE COSTILLA,Cirugía,PDSS 10.0,1
6554.16.1.1.00,EXTRACCION DE CUERPO EXTRAÑO DE ORBITA SOD,Cirugía,PDSS 10.0,1
6558.09.4.1.00,EXTRACCION DE CUERPO EXTRAÑO DE SACO LAGRIMAL SOD,Cirugía,PDSS 10.0,1
6565.03.0.1.01,EXTRACCION DE CUERPO EXTRAÑO DEL CANAL RAQUIDEO POR LAMINECTOMIA,Cirugía,PDSS 10.0,1
6570.14.0.0.00,EXTRACCION DE CUERPO EXTRAÑO DEL SEGMENTO POSTERIOR DEL OJO SOD +,Cirugía,PDSS 10.0,1
6588.34.4.3.00,EXTRACCION DE CUERPO EXTRAÑO EN PARED TORACICA SOD,Cirugía,PDSS 10.0,1
6590.86.1.2.02,EXTRACCION DE CUERPO EXTRAÑO EN PIEL O TEJIDO CELULAR SUBCUTANEO DE AREA ESPECIAL POR INCISION +,Cirugía,PDSS 10.0,1
6591.86.1.2.01,EXTRACCION DE CUERPO EXTRAÑO EN PIEL O TEJIDO CELULAR SUBCUTANEO DE AREA GENERAL POR INCISION +,Cirugía,PDSS 10.0,1
6592.78.6.3.02,"EXTRACCION DE CUERPO EXTRAÑO EN RADIO O CUBITO, VIA ABIERTA +",Cirugía,PDSS 10.0,1
6595.48.3.8.01,EXTRACCION DE CUERPO EXTRAÑO EN RECTO VIA RECTAL ABIERTA,Cirugía,PDSS 10.0,1
6596.82.9.9.11,EXTRACCION DE CUERPO EXTRAÑO EN REGIÓN TENAR O TÚNEL CARPIANO +,Cirugía,PDSS 10.0,1
6602.82.9.9.10,EXTRACCION DE CUERPO EXTRAÑO EN TEJIDOS BLANDOS DE DEDOS DE LA MANO +,Atenciones de Alto Costo y de Máximo Nivel de Complejidad,PDSS 10.0,1
6604.82.9.9.12,EXTRACCION DE CUERPO EXTRAÑO EN TEJIDOS BLANDOS DE MANO (EXCEPTO DEDOS)+,Cirugía,PDSS 10.0,1
6614.10.0.1.00,"EXTRACCION DE CUERPO EXTRAÑO INCRUSTADO EN CONJUNTIVA, POR INCISION SOD +",Cirugía,PDSS 10.0,1
6616.11.0.0.00,EXTRACCION DE CUERPO EXTRAÑO INCRUSTADO EN CORNEA SOD +,Cirugía,PDSS 10.0,1
6625.01.2.4.10,EXTRACCION DE CUERPO EXTRAÑO INTRACRANEAL POR CRANEOTOMIA,Cirugía,PDSS 10.0,1
6636.69.8.1.02,EXTRACCION DE CUERPO EXTRAÑO INTRAUTERINO POR HISTEROSCOPIA,Cirugía,PDSS 10.0,1
6643.42.9.4.01,"EXTRACCION DE CUERPO EXTRAÑO O LESION LOCALIZADA EN ESÓFAGO CON REPARO PRIMARIO, VIA CERVICAL+",Cirugía,PDSS 10.0,1
6644.42.9.4.02,"EXTRACCION DE CUERPO EXTRAÑO O LESION LOCALIZADA EN ESÓFAGO CON REPARO PRIMARIO, VIA TRANSTORÁCICA +",Cirugía,PDSS 10.0,1
6646.06.0.9.02,EXTRACCION DE CUERPO EXTRAÑO POR INCISION,Cirugía,PDSS 10.0,1
6648.11.1.1.00,EXTRACCION DE CUERPO EXTRAÑO PROFUNDO EN CORNEA POR INCISION SOD,Cirugía,PDSS 10.0,1
6660.80.8.7.02,EXTRACCION DE CUERPOS LIBRES INTRA-ARTICULARES DE TOBILLO POR ARTROSCOPIA,Cirugía,PDSS 10.0,1
6662.83.0.3.01,EXTRACCION DE DEPOSITOS CALCANEOS O BURSA SUBDELTOIDEOS O INTRATENDINOSOS,Atenciones de Alto Costo y de Máximo Nivel de Complejidad,PDSS 10.0,1
6674.80.0.5.01,EXTRACCION DE DISPOSITIVO IMPLANTADO EN CADERA POR ARTROTOMIA +,Cirugía,PDSS 10.0,1
6710.13.8.1.00,EXTRACCION DE LENTE INTRAOCULAR (PSEUDOCRISTALINO) SOD +,Cirugía,PDSS 10.0,1
6745.97.5.1,EXTRACCION DE TUBO DE GASTROSTOMIA,Cirugía,PDSS 10.0,1
6753.97.3.7,EXTRACCION DE TUBO DE TRAQUEOSTOMIA,Cirugía,PDSS 10.0,1
6764.31.3.2.02,EXTRACCION ENDOSCOPICA (RIGIDA O DE FIBRA OPTICA) DE CUERPO EXTRAÑO DE LARINGE +,Cirugía,PDSS 10.0,1
6765.31.3.2.01,EXTRACCION ENDOSCOPICA (RIGIDA O DE FIBRA OPTICA) DE CUERPO EXTRAÑO DE TRAQUEA +,Cirugía,PDSS 10.0,1
6787.13.7.1.00,EXTRACCION EXTRACAPSULAR DE CRISTALINO CON IMPLANTE DE LENTE INTRAOCULAR SUTURADO SOD+,Cirugía,PDSS 10.0,1
6793.13.2.3.00,EXTRACCION EXTRACAPSULAR DE CRISTALINO POR FACOEMULSIFICACION SOD,Cirugía,PDSS 10.0,1
6881.87.4.8.10,FARINGOLARINGOGRAFIA DINAMICA (CON CINE O VIDEO) +,Apoyo Diagnóstico (Dx) en Internamiento y Ambulatoria,PDSS 10.0,1
6889.29.1.1.00,FARINGOSCOPIA DIAGNOSTICA SOD §,Cirugía,PDSS 10.0,1
6930.83.8.8.20,FIJACIÓN DE TENDON NCOC +,Cirugía,PDSS 10.0,1
6934.78.5.4.00,FIJACION INTERNA SIN REDUCCION DE FRACTURA DE CARPIANOS O METACARPIANOS SOD +,Atenciones de Alto Costo y de Máximo Nivel de Complejidad,PDSS 10.0,1
6950.78.5.1.00,"FIJACION INTERNA SIN REDUCCION DE FRACTURA EN ESCAPULA, CLAVICULA O TORAX (COSTILLAS Y ESTERNON) SOD +",Cirugía,PDSS 10.0,1
6954.49.7.3.02,FISTULECTOMIA ANOPERINEAL,Cirugía,PDSS 10.0,1
6955.49.7.3.03,FISTULECTOMIA ANOVAGINAL,Cirugía,PDSS 10.0,1
6956.49.7.3.01,FISTULECTOMIA ANOVESTIBULAR,Cirugía,PDSS 10.0,1
6957.67.6.2.10,FISTULECTOMIA CERVICOSIGMOIDAL,Cirugía,PDSS 10.0,1
6965.31.6.2.01,FISTULECTOMIA LARINGOTRAQUEAL,Cirugía,PDSS 10.0,1
7029.39.2.7.01,FORMACION DE FISTULA AV (PERIFERICA) PARA DIALISIS RENAL,Atenciones de Alto Costo y de Máximo Nivel de Complejidad,PDSS 10.0,1
7030.39.2.7.02,PROTESIS VASCULAR PARA HEMODIALISIS,Cirugía,PDSS 10.0,1
7041.90.3.8.32,"FOSFATASA ACIDA, FRACCION PROSTATICA POR EIA/RIA",Apoyo Diagnóstico (Dx) en Internamiento y Ambulatoria,PDSS 10.0,1
7066.25.6.1.00,FRENILLECTOMIA LINGUAL SOD +,Cirugía,PDSS 10.0,1
7067.22.6.3.01,FRONTO ETMOIDECTOMIA EXTERNA [OPERACION DE LYNCH],Cirugía,PDSS 10.0,1
7077.65.2.7.01,FULGURACION EN OVARIO POR LAPAROTOMIA +,Cirugía,PDSS 10.0,1
7078.57.4.2.02,FULGURACION ENDOSCOPICA DE LESION VESICAL,Cirugía,PDSS 10.0,1
7106.92.0.8.03,GAMMAGRAFIA DE FLUJO PLASMATICO RENAL EFECTIVO,Trasplante Renal,PDSS 10.0,1
7117.92.0.8.10,GAMMAGRAFIA DE PERFUSION RENAL,Trasplante Renal,PDSS 10.0,1
7144.92.0.9.01,GAMMAGRAFIA OSEA CORPORAL TOTAL O SEGMENTARIA,Apoyo Diagnóstico (Dx) en Internamiento y Ambulatoria,PDSS 10.0,1
7151.92.0.8.09,GAMMAGRAFIA RENAL ESTATICA CON DMSA,Trasplante Renal,PDSS 10.0,1
7201.43.1.2.00,GASTROSTOMIA POR LAPAROTOMIA SOD,Cirugía,PDSS 10.0,1
7218.24.3.4.00,GINGIVECTOMIA SOD,Servicios Odontológicos,PDSS 10.0,1
7243.90.6.6.26,GONADOTROPINA CORIONICA SUBUNIDAD BETA LIBRE,Trasplante Renal,PDSS 10.0,1
7267.45.7.3.00,HEMICOLECTOMIA DERECHA SOD,Cirugía,PDSS 10.0,1
7269.45.7.5.00,HEMICOLECTOMIA IZQUIERDA SOD,Cirugía,PDSS 10.0,1
7282.30.1.1.00,HEMILARINGECTOMIA SOD §,Cirugía,PDSS 10.0,1
7365.53.5.2.00,HERNIORRAFIA EPIGASTRICA,Cirugía,PDSS 10.0,1
7437.68.4.0.20,HISTERECTOMIA LAPAROSCOPICA,Cirugía,PDSS 10.0,1
7441.68.5.1.20,HISTERECTOMIA VAGINAL CON REPARACION DE ENTEROCELE,Cirugía,PDSS 10.0,1
7442.68.5.1.30,HISTERECTOMIA VAGINAL CON REPARACION PLASTICA DE VAGINA Y COLPORRAFIA ANTERIOR Y POSTERIOR,Cirugía,PDSS 10.0,1
7456.90.6.5.01,HISTOCOMPATIBILIDAD ANTIGENO A B C CLASE I,Trasplante Renal,PDSS 10.0,1
7461.90.6.5.06,HISTOCOMPATIBILIDAD ANTIGENO DR DQ CLASE II POR SEROLOGIA,Trasplante Renal,PDSS 10.0,1
7498.45.6.2.03,ILEOSTOMIA,Cirugía,PDSS 10.0,1
7505.95.4.3.02,INMITANCIA ACUSTICA IMPEDANCIOMETRIA,Apoyo Diagnóstico (Dx) en Internamiento y Ambulatoria,PDSS 10.0,1
7514.38.9.1.01,IMPLANTACION DE CATETER VENOSO SUBCLAVIO O FEMORAL,Trasplante Renal,PDSS 10.0,1
7524.37.8.2.00,IMPLANTACION DE MARCAPASO UNICAMERAL SOD,Atenciones de Alto Costo y de Máximo Nivel de Complejidad,PDSS 10.0,1
7533.84.4.2.00,IMPLANTACION DE PROTESIS DE ANTEBRAZO Y MANO,Rehabilitación,PDSS 10.0,1
7535.84.4.1.00,IMPLANTACION DE PROTESIS DE BRAZO Y HOMBRO SOD +,Rehabilitación,PDSS 10.0,1
7537.84.4.5.00,IMPLANTACION DE PROTESIS DE PIERNA SOD +,Rehabilitación,PDSS 10.0,1
7539.84.4.4.00,IMPLANTACION DE PROTESIS POR DEBAJO DE RODILLA SOD +,Rehabilitación,PDSS 10.0,1
7541.84.4.3.00,IMPLANTACION DE PROTESIS POR ENCIMA DE RODILLA SOD +,Rehabilitación,PDSS 10.0,1
7561.02.5.0.00,"IMPLANTE DE CATETER (INTRAVENTRICULAR, INTRACISTICO) CON RESERVORIO SUBCUTANEO SOD +",Cirugía,PDSS 10.0,1
7580.83.1.4.02,INCISION DE BANDA ILIOTIBIAL,Cirugía,PDSS 10.0,1
7647.59.0.4.00,INCISION Y DRENAJE DE COLECCION PERIRRENAL SOD,Trasplante Renal,PDSS 10.0,1
7726.85.8.2.00,INJERTO DE GROSOR PARCIAL EN LA PIEL DE LA MAMA SOD,Atenciones de Alto Costo y de Máximo Nivel de Complejidad,PDSS 10.0,1
7728.85.8.3.00,INJERTO DE GROSOR TOTAL EN LA PIEL DE LA MAMA SOD,Atenciones de Alto Costo y de Máximo Nivel de Complejidad,PDSS 10.0,1
7735.27.5.5.00,INJERTO DE PIEL DE GROSOR TOTAL APLICADO AL LABIO Y CAVIDAD BUCAL SOD,Atenciones de Alto Costo y de Máximo Nivel de Complejidad,PDSS 10.0,1
7736.27.5.7.01,INJERTO DE PIEL EN LABIOS CON ADHESION DE COLGAJO PEDICULADO,Atenciones de Alto Costo y de Máximo Nivel de Complejidad,PDSS 10.0,1
7738.86.6.1.21,INJERTO DE PIEL PARCIAL EN AREA ESPECIAL DE MAS DEL CINCO 5% DE SUPERFICIE CORPORAL TOTAL §,Atenciones de Alto Costo y de Máximo Nivel de Complejidad,PDSS 10.0,1
7739.86.6.1.20,INJERTO DE PIEL PARCIAL EN AREA ESPECIAL HASTA EL CINCO 5% DE SUPERFICIE CORPORAL TOTAL §,Atenciones de Alto Costo y de Máximo Nivel de Complejidad,PDSS 10.0,1
7740.86.6.1.02,INJERTO DE PIEL PARCIAL EN AREA GENERAL ENTRE EL 10% HASTA EL 20% DE SUPERFICIE CORPORAL TOTAL,Atenciones de Alto Costo y de Máximo Nivel de Complejidad,PDSS 10.0,1
7741.86.6.1.03,INJERTO DE PIEL PARCIAL EN AREA GENERAL ENTRE EL 20% HASTA EL 30% DE SUPERFICIE CORPORAL TOTAL,Atenciones de Alto Costo y de Máximo Nivel de Complejidad,PDSS 10.0,1
7742.86.6.1.01,INJERTO DE PIEL PARCIAL EN AREA GENERAL HASTA EL U DE SUPERFICIE CORPORAL TOTAL,Atenciones de Alto Costo y de Máximo Nivel de Complejidad,PDSS 10.0,1
7743.86.6.1.04,INJERTO DE PIEL PARCIAL EN AREA GENERAL MAYOR DEL 30% DE SUPERFICIE CORPORAL TOTAL,Atenciones de Alto Costo y de Máximo Nivel de Complejidad,PDSS 10.0,1
7745.86.6.2.20,INJERTO DE PIEL TOTAL LIBRE EN AREA ESPECIAL HASTA EL CINCO 5% DE SUPERFICIE CORPORAL TOTAL §,Atenciones de Alto Costo y de Máximo Nivel de Complejidad,PDSS 10.0,1
7746.86.6.2.21,INJERTO DE PIEL TOTAL LIBRE EN AREA ESPECIAL MAS DEL 5% DE SUPERFICIE CORPORAL TOTAL,Atenciones de Alto Costo y de Máximo Nivel de Complejidad,PDSS 10.0,1
7747.86.6.2.03,INJERTO DE PIEL TOTAL LIBRE EN AREA GENERAL ENTRE EL 20% HASTA EL 30% DE SUPERFICIE CORPORAL TOTAL,Atenciones de Alto Costo y de Máximo Nivel de Complejidad,PDSS 10.0,1
7748.86.6.2.02,INJERTO DE PIEL TOTAL LIBRE EN AREA GENERAL ENTRE EL 10% HASTA EL 20% DE SUPERFICIE CORPORAL TOTAL,Atenciones de Alto Costo y de Máximo Nivel de Complejidad,PDSS 10.0,1
7749.86.6.2.01,INJERTO DE PIEL TOTAL LIBRE EN AREA GENERAL HASTA EL 10% DE SUPERFICIE CORPORAL TOTAL,Atenciones de Alto Costo y de Máximo Nivel de Complejidad,PDSS 10.0,1
7750.86.6.2.04,INJERTO DE PIEL TOTAL LIBRE EN AREA GENERAL MAS DEL 30% DE SUPERFICIE CORPORAL TOTAL,Atenciones de Alto Costo y de Máximo Nivel de Complejidad,PDSS 10.0,1
7757.82.7.9.02,INJERTO DE TENDON FLEXOR DE MANO O DEDOS (UNO O MAS),Atenciones de Alto Costo y de Máximo Nivel de Complejidad,PDSS 10.0,1
7762.86.6.5.01,INJERTO HETEROLOGO DE PIEL NCOC +,Atenciones de Alto Costo y de Máximo Nivel de Complejidad,PDSS 10.0,1
7763.86.6.6.01,INJERTO HOMOLOGO DE PIEL NCOC +,Atenciones de Alto Costo y de Máximo Nivel de Complejidad,PDSS 10.0,1
7787.76.8.1.00,INJERTO OSEO EN HUESO FACIAL SOD +,Atenciones de Alto Costo y de Máximo Nivel de Complejidad,PDSS 10.0,1
7802.82.6.9.20,INJERTOS AL PULGAR: OSEO Y PEDICULO DE PIEL,Atenciones de Alto Costo y de Máximo Nivel de Complejidad,PDSS 10.0,1
7837.03.9.0.01,INSERCION DE CATETER EPIDURAL EN CANAL ESPINAL PARA INFUSION DE SUSTANCIA TERAPEUTICA O PALIATIVA,Cirugía,PDSS 10.0,1
7838.54.9.0.02,INSERCION DE CATETER PERMANENTE PARA HEMODIALISIS,Cirugía,PDSS 10.0,1
7899.37.8.3.00,INSERCION DE MARCAPASOS BICAMERAL SOD,Atenciones de Alto Costo y de Máximo Nivel de Complejidad,PDSS 10.0,1
7913.96.0.4,INSERCION DE TUBO ENDOTRAQUEAL,Cirugía,PDSS 10.0,1
7942.36.0.6.00,INSERCION O IMPLANTE DE PROTESIS INTRACORONARIA (STENT) SOD,Atenciones de Alto Costo y de Máximo Nivel de Complejidad,PDSS 10.0,1
7950.02.0.5.00,"INSERCION O SUSTITUCION DE PLACA O MALLA CRANEAL (METALICA, ACRILICA) SOD +",Cirugía,PDSS 10.0,1
8099.81.9.2.00,INYECCION DE SUSTANCIA TERAPEUTICA DENTRO DE ARTICULACION O LIGAMENTO SOD +,Cirugía,PDSS 10.0,1
8120.31.9.6.01,INYECCION ENDOSCOPICA INTRATRAQUEAL DE SUSTANCIA TERAPEUTICA DE ACCION LOCAL,Cirugía,PDSS 10.0,1
8122.83.9.6.00,INYECCION O INFILTRACION DE SUSTANCIA TERAPEUTICA DENTRO DE BURSA SOD,Cirugía,PDSS 10.0,1
8124.83.9.7.00,INYECCION O INFILTRACION DE SUSTANCIA TERAPEUTICA DENTRO DE TENDON SOD,Atenciones de Alto Costo y de Máximo Nivel de Complejidad,PDSS 10.0,1
8160.12.1.2.00,IRIDOTOMIA CON LASER SOD,Cirugía,PDSS 10.0,1
8179.06.3.9.01,ISTMECTOMIA,Cirugía,PDSS 10.0,1
8192.54.2.1.00,LAPAROSCOPIA DIAGNOSTICA,Cirugía,PDSS 10.0,1
8206.31.4.2.00,LARINGOSCOPIA SOD §,Cirugía,PDSS 10.0,1
8215.54.1.4.00,LAVADO PERITONEAL TERAPEUTICO SOD +,Cirugía,PDSS 10.0,1
8218.79.6.2.01,LAVADO Y DESBRIDAMIENTO DE FRACTURA ABIERTA DE CUBITO O RADIO +,Atenciones de Alto Costo y de Máximo Nivel de Complejidad,PDSS 10.0,1
8222.76.6.9.70,LAVADO Y DESBRIDAMIENTO DE FRACTURA ABIERTA DE HUESOS FACIALES,Atenciones de Alto Costo y de Máximo Nivel de Complejidad,PDSS 10.0,1
8224.79.6.1.00,LAVADO Y DESBRIDAMIENTO DE FRACTURA ABIERTA DE HUMERO SOD +,Atenciones de Alto Costo y de Máximo Nivel de Complejidad,PDSS 10.0,1
8229.79.6.3.01,LAVADO Y DESBRIDAMIENTO DE FRACTURA ABIERTA O EXPUESTA EN MANO (EXCEPTO FALANGES) +,Atenciones de Alto Costo y de Máximo Nivel de Complejidad,PDSS 10.0,1
8230.80.8.0.52,LAVADO Y/O DESBRIDAMIENTO DE CADERA POR ARTROSCOPIA,Atenciones de Alto Costo y de Máximo Nivel de Complejidad,PDSS 10.0,1
8231.80.8.0.62,LAVADO Y/O DESBRIDAMIENTO DE RODILLA POR ARTROSCOPIA,Atenciones de Alto Costo y de Máximo Nivel de Complejidad,PDSS 10.0,1
8249.90.6.0.29,LEPTOSPIRA ANTICUERPOS IgG,Apoyo Diagnóstico (Dx) en Internamiento y Ambulatoria,PDSS 10.0,1
8250.90.6.0.30,LEPTOSPIRA ANTICUERPOS IgM,Apoyo Diagnóstico (Dx) en Internamiento y Ambulatoria,PDSS 10.0,1
8275.46.8.6.02,LIBERACION DE ADHERENCIAS O BRIDAS EN INTESTINO POR LAPAROSCOPIA,Cirugía,PDSS 10.0,1
8276.46.8.6.01,LIBERACION DE ADHERENCIAS O BRIDAS EN INTESTINO POR LAPAROTOMIA,Cirugía,PDSS 10.0,1
8294.65.9.5.10,LIBERACION DE TORSION DE OVARIO POR LAPAROTOMIA,Cirugía,PDSS 10.0,1
8300.65.2.9.01,"LIBERACION O LISIS DE ADHERENCIAS (LEVES, MODERADAS O SEVERAS) DE OVARIO POR LAPAROTOMIA +",Cirugía,PDSS 10.0,1
8303.66.9.9.01,LIBERACION O LISIS DE ADHERENCIAS DE OVARIO Y TROMPAS DE FALOPIO POR LAPAROTOMIA,Cirugía,PDSS 10.0,1
8310.70.1.3.00,LIBERACION O LISIS DE ADHERENCIAS INTRALUMINALES EN VAGINA,Cirugía,PDSS 10.0,1
8322.42.9.1.02,LIGADURA DE VARICES ESOFAGICAS POR TRANSECCION GASTRICA,Cirugía,PDSS 10.0,1
8323.42.9.1.01,LIGADURA DE VARICES ESOFAGICAS VIA TRANSTORÁCICA,Cirugía,PDSS 10.0,1
8333.43.4.1.01,LIGADURA ENDOSCOPICA DE VARICES GASTRICAS§,Cirugía,PDSS 10.0,1
8340.38.8.9.00,LIGADURA Y ESCISION DE VENAS VARICOSAS,Cirugía,PDSS 10.0,1
8411.02.8.1.00,LISIS DE ADHERENCIAS CORTICALES SOD +,Cirugía,PDSS 10.0,1
8418.71.0.1.00,LISIS DE ADHERENCIAS EN VULVA SOD,Cirugía,PDSS 10.0,1
8425.54.5.0.00,LISIS DE ADHERENCIAS PERITONEALES POR LAPAROTOMIA SOD,Cirugía,PDSS 10.0,1
8440.98.5,LITOTRICIA POR ONDAS DE CHOQUE,Cirugía,PDSS 10.0,1
8457.32.4.2.00,LOBECTOMIA TOTAL PULMONAR SOD +,Cirugía,PDSS 10.0,1
8543.58.1.0.10,MEATOTOMIA URETRAL EXTERNA +,Cirugía,PDSS 10.0,1
8570.80.6.1.03,MENISCECTOMIA MEDIAL O LATERAL POR ARTROSCOPIA,Cirugía,PDSS 10.0,1
8571.80.6.1.04,MENISCECTOMIA MEDIAL Y LATERAL POR ARTROSCOPIA,Atenciones de Alto Costo y de Máximo Nivel de Complejidad,PDSS 10.0,1
8572.80.6.1.01,MENISCECTOMIA SIMPLE MEDIAL O LATERAL DE RODILLA VIA ABIERTA +,Cirugía,PDSS 10.0,1
8576.80.6.1.02,MENISECTOMIA MEDIAL Y LATERAL DE RODILLA VIA ABIERTA,Atenciones de Alto Costo y de Máximo Nivel de Complejidad,PDSS 10.0,1
8582.77.9.4.05,METACARPECTOMIA (UNO O MAS HUESOS),Cirugía,PDSS 10.0,1
8601.87.5.5.10,MIELOGRAFIA CERVICAL,Apoyo Diagnóstico (Dx) en Internamiento y Ambulatoria,PDSS 10.0,1
8602.87.5.5.31,MIELOGRAFIA DINAMICA LUMBAR,Apoyo Diagnóstico (Dx) en Internamiento y Ambulatoria,PDSS 10.0,1
8603.87.5.5.30,MIELOGRAFIA LUMBAR,Apoyo Diagnóstico (Dx) en Internamiento y Ambulatoria,PDSS 10.0,1
8604.87.5.5.20,MIELOGRAFIA TORACICA,Apoyo Diagnóstico (Dx) en Internamiento y Ambulatoria,PDSS 10.0,1
8605.87.5.5.01,MIELOGRAFIA TOTAL DE COLUMNA,Apoyo Diagnóstico (Dx) en Internamiento y Ambulatoria,PDSS 10.0,1
8615.68.2.4.03,MIOMECTOMIA UTERINA (UNICA O MULTIPLE) POR LAPAROSCOPIA,Cirugía,PDSS 10.0,1
8617.68.2.4.01,MIOMECTOMIA UTERINA Y ESCISION DE TUMOR FIBROIDE (UNICO O MULTIPLE) POR LAPAROTOMIA,Cirugía,PDSS 10.0,1
8618.68.2.4.02,MIOMECTOMIA UTERINA Y ESCISION DE TUMOR FIBROIDE (UNICO O MULTIPLE) VIA VAGINAL,Cirugía,PDSS 10.0,1
8622.83.8.8.10,MIOTENOPLASTIA NCOC +,Cirugía,PDSS 10.0,1
8639.93.1.1.00,MODALIDADES CINETICAS DE TERAPIA SOD +,Rehabilitación,PDSS 10.0,1
8640.93.1.5.00,MODALIDADES ELECTRICAS Y ELECTROMAGNETICAS DE TERAPIA SOD +,Rehabilitación,PDSS 10.0,1
8643.93.1.6.00,MODALIDADES MECANICAS DE TERAPIA SOD +,Rehabilitación,PDSS 10.0,1
8645.93.1.7.00,MODALIDADES NEUMATICAS DE TERAPIA SOD +,Rehabilitación,PDSS 10.0,1
8716.31.4.2.01,NASOFIBROLARINGOSCOPIA,Apoyo Diagnóstico (Dx) en Internamiento y Ambulatoria,PDSS 10.0,1
8718.93.9.4.02,NEBULIZACION,Cirugía,PDSS 10.0,1
8720.55.5.7.23,NEFRECTOMIA DE DONANTE VIVO POR LAPAROSCOPIA,Cirugía,PDSS 10.0,1
8725.55.5.7.21,NEFRECTOMIA RADICAL POR LAPAROSCOPIA,Cirugía,PDSS 10.0,1
8728.55.5.6.21,NEFRECTOMIA SIMPLE POR LAPAROSCOPIA,Cirugía,PDSS 10.0,1
8742.55.8.1.01,NEFRORRAFIA O SUTURA DE LACERACION RENAL,Cirugía,PDSS 10.0,1
8750.55.0.2.00,NEFROSTOMIA VIA ABIERTA SOD,Cirugía,PDSS 10.0,1
8768.32.5.2.00,NEUMONECTOMIA RADICAL SOD,Cirugía,PDSS 10.0,1
8770.32.5.1.00,NEUMONECTOMIA SIMPLE SOD,Cirugía,PDSS 10.0,1
8775.89.1.5.08,NEUROCONDUCCION POR CADA EXTREMIDAD (UNO O MAS NERVIOS) +,Rehabilitación,PDSS 10.0,1
8784.04.2.3.00,NEUROLISIS DE NERVIO PERIFERICO SOD §,Cirugía,PDSS 10.0,1
8812.04.3.1.00,NEURORRAFIA DE NERVIO PERIFERICO SOD §,Cirugía,PDSS 10.0,1
8853.38.5.1.20,"OCLUSION DE LESION EN VASOS INTRACRANEALES, VIA ENDOVASCULAR",Cirugía,PDSS 10.0,1
8905.65.2.4.10,OOFORECTOMIA,Cirugía,PDSS 10.0,1
8907.54.4.1,OMENTECTOMIA,Cirugía,PDSS 10.0,1
8914.86.8.6.01,ONICOPLASTIA CON COLGAJO DE UÑA,Cirugía,PDSS 10.0,1
8919.65.5.1.01,OOFORECTOMIA BILATERAL POR LAPAROTOMIA,Cirugía,PDSS 10.0,1
8924.65.3.1.01,OOFORECTOMIA UNILATERAL POR LAPAROTOMIA,Cirugía,PDSS 10.0,1
8931.65.7.1.00,OOFORORRAFIA SIMPLE SOD +,Cirugía,PDSS 10.0,1
8965.77.3.1.00,OSTEOARTROTOMIA SOD +,Cirugía,PDSS 10.0,1
9035.77.2.3.00,OSTEOTOMIA EN RADIO Y/O CUBITO SOD +,Atenciones de Alto Costo y de Máximo Nivel de Complejidad,PDSS 10.0,1
9058.77.3.2.00,OSTEOTOMIAS Y ARTROTOMIAS SOD §,Cirugía,PDSS 10.0,1
9278.82.5.9.00,OTRO TRASPLANTE O TRANSFERENCIA DE MUSCULO DE MANO SOD,Atenciones de Alto Costo y de Máximo Nivel de Complejidad,PDSS 10.0,1
9280.82.5.6.00,OTRO TRASPLANTE O TRANSFERENCIA DE TENDON DE MANO SOD,Cirugía,PDSS 10.0,1
9425.54.2.7,PARACENTESIS ABDOMINAL DIAGNOSTICA,Cirugía,PDSS 10.0,1
9435.06.8.9.00,PARATIROIDECTOMIA PARCIAL SOD +,Cirugía,PDSS 10.0,1
9437.06.8.1.00,PARATIROIDECTOMIA TOTAL SOD,Cirugía,PDSS 10.0,1
9438.03.9.5,PARCHE HEMATICO EPIDURAL EN CANAL ESPINAL,Cirugía,PDSS 10.0,1
9440.26.3.1.01,PAROTIDECTOMIA DEL LOBULO SUPERFICIAL,Cirugía,PDSS 10.0,1
9441.26.3.2.01,PAROTIDECTOMIA TOTAL,Cirugía,PDSS 10.0,1
9455.89.2.9.03,PENOSCOPIA +,Apoyo Diagnóstico (Dx) en Internamiento y Ambulatoria,PDSS 10.0,1
9484.37.3.1.00,PERICARDIECTOMIA SOD +,Atenciones de Alto Costo y de Máximo Nivel de Complejidad,PDSS 10.0,1
9486.37.0.1,PERICARDIOCENTESIS,Cirugía,PDSS 10.0,1
9492.37.1.2.00,PERICARDIOTOMIA SOD,Atenciones de Alto Costo y de Máximo Nivel de Complejidad,PDSS 10.0,1
9496.87.7.8.12,PIELOGRAFIA A TRAVES DE TUBO DE NEFROSTOMIA,Apoyo Diagnóstico (Dx) en Internamiento y Ambulatoria,PDSS 10.0,1
9498.87.7.8.14,PIELOGRAFIA RETROGRADA A TRAVES DE CATETER DEJADO EN EL URETER O A TRAVES DE URETEROSTOMIA,Apoyo Diagnóstico (Dx) en Internamiento y Ambulatoria,PDSS 10.0,1
9534.91.1.3.02,PLASMAFERESIS TERAPEUTICA O DE RECAMBIO,Rehabilitación,PDSS 10.0,1
9542.09.7.1.00,PLASTIA DE CANALICULOS LAGRIMALES SOD,Cirugía,PDSS 10.0,1
9543.25.5.9.03,PLASTIA DE FRENILLO LINGUAL,Cirugía,PDSS 10.0,1
9641.89.1.5.30,POTENCIALES EVOCADOS SOMATOSENSORIALES +,Rehabilitación,PDSS 10.0,1
9867.91.1.2.01,PROCESAMIENTO DE CONCENTRADO DE PLAQUETAS POR AFERESIS O PLAQUETOFERESIS,Rehabilitación,PDSS 10.0,1
9922.60.2.9.02,PROSTATECTOMIA TRANSURETRAL +,Cirugía,PDSS 10.0,1
9960.89.1.5.04,PRUEBA DE ESTIMULACION MAXIMA DE NERVIO FACIAL [HILGER] +,Rehabilitación,PDSS 10.0,1
9961.89.1.5.11,PRUEBA DE ESTIMULO REPETITIVO [LAMBERT] +,Rehabilitación,PDSS 10.0,1
9962.93.0.1.01,PRUEBA DE INTEGRACION SENSORIAL +,Rehabilitación,PDSS 10.0,1
9985.95.4.4.00,PRUEBAS CLINICAS DE LA FUNCION VESTIBULAR,Apoyo Diagnóstico (Dx) en Internamiento y Ambulatoria,PDSS 10.0,1
10054.31.1.4.00,PUNCION (ASPIRACION) TRANSTRAQUEAL SOD +,Cirugía,PDSS 10.0,1
10056.01.0.2.01,PUNCION [ASPIRACION DE LIQUIDO] VENTRICULAR A TRAVES DE CATETER PREVIAMENTE IMPLANTADO,Cirugía,PDSS 10.0,1
10057.01.0.2.03,PUNCION [ASPIRACION DE LIQUIDO] VENTRICULAR A TRAVES DE UN RESERVORIO,Cirugía,PDSS 10.0,1
10058.01.0.2.02,PUNCION [ASPIRACION DE LIQUIDO] VENTRICULAR POR TREPANACION (SIN CATETER),Cirugía,PDSS 10.0,1
10060.01.0.2.04,PUNCION ASPIRACION DE LIQUIDO VENTRICULAR VIA TRANSFONTANELAR,Cirugía,PDSS 10.0,1
10070.65.2.4.01,PUNCION Y DRENAJE DE LESION DE OVARIO POR LAPAROTOMIA,Cirugía,PDSS 10.0,1
10106.87.3.4.32,RADIOGRAFIA DE ANTEPIE AP Y OBLICUA,Apoyo Diagnóstico (Dx) en Internamiento y Ambulatoria,PDSS 10.0,1
10109.87.0.1.05,RADIOGRAFIA DE ARCO CIGOMATICO,Apoyo Diagnóstico (Dx) en Internamiento y Ambulatoria,PDSS 10.0,1
10110.87.3.2.02,RADIOGRAFIA DE ARTICULACIONES ACROMIOCLAVICULARES COMPARATIVAS,Apoyo Diagnóstico (Dx) en Internamiento y Ambulatoria,PDSS 10.0,1
10111.87.1.1.29,RADIOGRAFIA DE ARTICULACIONES ESTERNOCLAVICULARES,Apoyo Diagnóstico (Dx) en Internamiento y Ambulatoria,PDSS 10.0,1
10113.87.3.3.35,RADIOGRAFIA DE CALCANEO AXIAL Y LATERAL,Apoyo Diagnóstico (Dx) en Internamiento y Ambulatoria,PDSS 10.0,1
10114.87.3.1.12,RADIOGRAFIA DE CLAVICULA,Apoyo Diagnóstico (Dx) en Internamiento y Ambulatoria,PDSS 10.0,1
10116.87.1.1.12,RADIOGRAFIA DE ESTERNON,Apoyo Diagnóstico (Dx) en Internamiento y Ambulatoria,PDSS 10.0,1
10119.87.0.1.07,RADIOGRAFIA DE HUESOS NASALES,Apoyo Diagnóstico (Dx) en Internamiento y Ambulatoria,PDSS 10.0,1
10122.87.0.1.13,RADIOGRAFIA DE MAXILAR INFERIOR,Apoyo Diagnóstico (Dx) en Internamiento y Ambulatoria,PDSS 10.0,1
10123.87.0.1.12,RADIOGRAFIA DE MAXILAR SUPERIOR,Apoyo Diagnóstico (Dx) en Internamiento y Ambulatoria,PDSS 10.0,1
10124.87.3.3.40,RADIOGRAFIA DE MIEMBRO INFERIOR AP Y LATERAL +,Apoyo Diagnóstico (Dx) en Internamiento y Ambulatoria,PDSS 10.0,1
10126.87.0.1.02,RADIOGRAFIA DE ORBITAS,Apoyo Diagnóstico (Dx) en Internamiento y Ambulatoria,PDSS 10.0,1
10128.87.1.1.11,RADIOGRAFIA DE REJA COSTAL,Apoyo Diagnóstico (Dx) en Internamiento y Ambulatoria,PDSS 10.0,1
10130.87.0.0.04,RADIOGRAFIA DE SILLA TURCA,Apoyo Diagnóstico (Dx) en Internamiento y Ambulatoria,PDSS 10.0,1
10131.87.0.6.01,RADIOGRAFIA DE TEJIDOS BLANDOS DE CUELLO,Apoyo Diagnóstico (Dx) en Internamiento y Ambulatoria,PDSS 10.0,1
10133.87.2.1.01,RADIOGRAFIA DE TRANSITO INTESTINAL CONVENCIONAL,Apoyo Diagnóstico (Dx) en Internamiento y Ambulatoria,PDSS 10.0,1
10134.87.2.1.02,RADIOGRAFIA DE TRANSITO INTESTINAL DOBLE CONTRASTE,Apoyo Diagnóstico (Dx) en Internamiento y Ambulatoria,PDSS 10.0,1
10154.87.0.4.60,RADIOGRAFIAS INTRAORALES CORONALES,Apoyo Diagnóstico (Dx) en Internamiento y Ambulatoria,PDSS 10.0,1
10155.87.0.4.40,RADIOGRAFIAS INTRAORALES OCLUSALES,Apoyo Diagnóstico (Dx) en Internamiento y Ambulatoria,PDSS 10.0,1
10156.87.0.4.52,RADIOGRAFIAS INTRAORALES PERIAPICALES DIENTES ANTERIORES INFERIORES,Apoyo Diagnóstico (Dx) en Internamiento y Ambulatoria,PDSS 10.0,1
10157.87.0.4.51,RADIOGRAFIAS INTRAORALES PERIAPICALES DIENTES ANTERIORES SUPERIORES,Apoyo Diagnóstico (Dx) en Internamiento y Ambulatoria,PDSS 10.0,1
10158.87.0.4.56,RADIOGRAFIAS INTRAORALES PERIAPICALES JUEGO COMPLETO,Apoyo Diagnóstico (Dx) en Internamiento y Ambulatoria,PDSS 10.0,1
10159.87.0.4.50,RADIOGRAFIAS INTRAORALES PERIAPICALES MILIMETRADAS,Apoyo Diagnóstico (Dx) en Internamiento y Ambulatoria,PDSS 10.0,1
10160.87.0.4.55,RADIOGRAFIAS INTRAORALES PERIAPICALES MOLARES,Apoyo Diagnóstico (Dx) en Internamiento y Ambulatoria,PDSS 10.0,1
10161.87.0.4.54,RADIOGRAFIAS INTRAORALES PERIAPICALES PREMOLARES,Apoyo Diagnóstico (Dx) en Internamiento y Ambulatoria,PDSS 10.0,1
10162.87.0.4.53,RADIOGRAFIAS INTRAORALES PERIAPICALES ZONA DE CANINOS,Apoyo Diagnóstico (Dx) en Internamiento y Ambulatoria,PDSS 10.0,1
10230.35.9.8.00,RECONSTRUCCION DE ARTERIA PULMONAR SOD +,Atenciones de Alto Costo y de Máximo Nivel de Complejidad,PDSS 10.0,1
10241.81.4.5.04,RECONSTRUCCION DE LIGAMENTO CRUZADO ANTERIOR CON AUTOINJERTO O CON ALOINJERTO POR ARTROSCOPIA ,Cirugía,PDSS 10.0,1
10242.81.4.5.02,RECONSTRUCCION DE LIGAMENTO CRUZADO ANTERIOR CON AUTOINJERTO O ALOINJERTO VIA ABIERTA,Cirugía,PDSS 10.0,1
10250.85.7.1,RECONSTRUCCION MAMARIA CON PROTESIS,Cirugía,PDSS 10.0,1
10252.86.8.6.04,RECONSTRUCCION DE MATRIZ UNGUEAL CON INJERTO COMPUESTO,Cirugía,PDSS 10.0,1
10265.08.6.1.00,RECONSTRUCCION DE PARPADO CON COLGAJO O INJERTO DE PIEL SOD §,Atenciones de Alto Costo y de Máximo Nivel de Complejidad,PDSS 10.0,1
10277.08.7.3.00,RECONSTRUCCION DE PLIEGUES EN CORRECCION DE BLEFAROFIMOSIS SOD,Cirugía,PDSS 10.0,1
10286.81.9.4.20,RECONSTRUCCION DE TENDON DE AQUILES,Cirugía,PDSS 10.0,1
10294.85.8.7.01,RECONSTRUCCION DEL COMPLEJO AREOLA PEZON,Cirugía,PDSS 10.0,1
10301.86.8.6.03,RECONSTRUCCION DEL LECHO UNGUEAL CON INJERTO DE MATRIZ UNGUEAL,Cirugía,PDSS 10.0,1
10321.81.4.6.02,RECONSTRUCCION O TRANSFERENCIAS PARA LIGAMENTOS MEDIAL O LATERAL,Cirugía,PDSS 10.0,1
10343.92.0.2.03,RECORRIDO CORPORAL CON I-131 (RASTREO DE METASTASIS),Atenciones de Alto Costo y de Máximo Nivel de Complejidad,PDSS 10.0,1
10355.79.8.2.01,REDUCCION ABIERTA DE LUXACION DE LA CABEZA RADIAL,Atenciones de Alto Costo y de Máximo Nivel de Complejidad,PDSS 10.0,1
10357.79.8.4.11,REDUCCION ABIERTA CON FIJACION DE LUXACION CARPIANA,Cirugía,PDSS 10.0,1
10358.79.8.4.21,REDUCCION ABIERTA CON FIJACION DE LUXACION CARPOMETACARPIANA,Atenciones de Alto Costo y de Máximo Nivel de Complejidad,PDSS 10.0,1
10359.79.8.4.31,REDUCCION ABIERTA CON FIJACION DE LUXACION METACARPOFALANGICA O INTERFALÁNGICA (UNA O MAS),Cirugía,PDSS 10.0,1
10378.79.3.8.04,REDUCCION ABIERTA DE FRACTURA CALCANEO CON FIJACION INTERNA Y ARTRODESIS SUBASTRAGALINA,Atenciones de Alto Costo y de Máximo Nivel de Complejidad,PDSS 10.0,1
10381.79.3.1.01,REDUCCION ABIERTA DE FRACTURA CON FIJACION INTERNA [DISPOSITIVOS DE FIJACION U OSTEOSINTESIS] DE CLAVICULA,Cirugía,PDSS 10.0,1
10428.76.7.4.01,"REDUCCION ABIERTA DE FRACTURA HEMI LEFORT I, CON FIJACION INTERNA [DISPOSITIVOS DE FIJACION U OSTEOSINTESIS] +",Atenciones de Alto Costo y de Máximo Nivel de Complejidad,PDSS 10.0,1
10440.21.7.2.00,REDUCCION ABIERTA DE FRACTURA NASAL SOD,Cirugía,PDSS 10.0,1
10445.79.2.9.35,REDUCCION ABIERTA DE FRACTURA SIN FIJACION DE COLUMNA TORACICA O LUMBAR VIA ANTERIOR,Cirugía,PDSS 10.0,1
10446.79.2.9.36,REDUCCION ABIERTA DE FRACTURA SIN FIJACION DE COLUMNA TORACICA O LUMBAR VIA POSTERIOR,Atenciones de Alto Costo y de Máximo Nivel de Complejidad,PDSS 10.0,1
10452.79.2.9.01,REDUCCION ABIERTA DE FRACTURA SIN FIJACION INTERNA DE FALANGES DE MANO,Cirugía,PDSS 10.0,1
10473.79.8.1.01,REDUCCION ABIERTA DE LUXACION ACROMIO CLAVICULAR CON O SIN DISPOSITIVOS DE FIJACION [OSTEOSINTESIS],Atenciones de Alto Costo y de Máximo Nivel de Complejidad,PDSS 10.0,1
10475.79.8.5.01,REDUCCION ABIERTA DE LUXACION CONGÉNITA DE CADERA,Cirugía,PDSS 10.0,1
10488.79.8.8.01,REDUCCION ABIERTA DE LUXACION TARSOMETARSIANOS UNO O MAS CON DISPOSITIVO DE FIJACION,Cirugía,PDSS 10.0,1
10491.79.8.5.02,REDUCCION ABIERTA DE LUXACION TRAUMÁTICA DE CADERA,Atenciones de Alto Costo y de Máximo Nivel de Complejidad,PDSS 10.0,1
10495.79.2.8.01,"REDUCCION ABIERTA FRACTURA SIN FIJACION INTERNA, DE HUESOS DEL TARSO O METATARSO (UNO O MAS) +",Cirugía,PDSS 10.0,1
10496.79.2.4.01,REDUCCION ABIERTA SIN FIJACION DE FRACTURA DE HUESOS DEL CARPO O METACARPO (UNO O MAS) +,Atenciones de Alto Costo y de Máximo Nivel de Complejidad,PDSS 10.0,1
10500.79.2.7.03,"REDUCCION ABIERTA, SIN FIJACION INTERNA, DE FRACTURA DE PILON Y MALEOLO INTERNO",Cirugía,PDSS 10.0,1
10503.79.1.8.02,REDUCCION CERRADA CON FIJACION PERCUTANEA FRACTURAS HUESOS TARSO (EXCEPTO CALCANEO O ASTRAGALO),Atenciones de Alto Costo y de Máximo Nivel de Complejidad,PDSS 10.0,1
10505.79.7.5.01,REDUCCION CERRADA DE DISPLASIA O LUXACION CONGENITA DE CADERA (UNI O BILATERAL),Cirugía,PDSS 10.0,1
10512.79.4.2.02,REDUCCION CERRADA DE EPIFISIS SEPARADA EN CUBITO O RADIO CON FIJACION,Cirugía,PDSS 10.0,1
10513.79.4.2.01,REDUCCION CERRADA DE EPIFISIS SEPARADA EN CUBITO O RADIO SIN FIJACION,Atenciones de Alto Costo y de Máximo Nivel de Complejidad,PDSS 10.0,1
10519.79.4.2.04,REDUCCION CERRADA DE EPIFISIS SEPARADA EN RADIO Y CUBITO CON FIJACION,Cirugía,PDSS 10.0,1
10520.79.4.2.03,REDUCCION CERRADA DE EPIFISIS SEPARADA EN RADIO Y CUBITO SIN FIJACION,Atenciones de Alto Costo y de Máximo Nivel de Complejidad,PDSS 10.0,1
10536.79.9.2.02,REDUCCION CERRADA DE FRACTURA DE CODO NCOC +,Cirugía,PDSS 10.0,1
10538.79.1.3.01,"REDUCCION CERRADA DE FRACTURA DE CUBITO O RADIO (COLLES, OTROS) CON FIJACION PERCUTANEA CON PINES",Atenciones de Alto Costo y de Máximo Nivel de Complejidad,PDSS 10.0,1
10540.79.1.5.03,REDUCCION CERRADA DE FRACTURA DE FEMUR SUPRACONDILEA E INTERCONDILEA CON FIJACION INTERNA,Cirugía,PDSS 10.0,1
10543.76.7.3.01,"REDUCCION CERRADA DE FRACTURA HEMI LEFORT I, CON FIJACION INTERMAXILAR, TUTORES Y HALOS DE TRACCION",Atenciones de Alto Costo y de Máximo Nivel de Complejidad,PDSS 10.0,1
10551.21.7.1.00,REDUCCION CERRADA DE FRACTURA NASAL SOD,Cirugía,PDSS 10.0,1
10554.79.0.4.01,REDUCCION CERRADA DE FRACTURA SIN FIJACION DE FRACTURA DE HUESOS DEL CARPO (UNO O MAS) +,Cirugía,PDSS 10.0,1
10557.79.0.3.00,REDUCCION CERRADA DE FRACTURA SIN FIJACION INTERNA DE CUBITO O RADIO SOD +,Atenciones de Alto Costo y de Máximo Nivel de Complejidad,PDSS 10.0,1
10559.79.0.1.00,"REDUCCION CERRADA DE FRACTURA SIN FIJACION INTERNA DE ESCAPULA, CLAVICULA O TORAX (COSTILLAS O ESTERNON) SOD +",Cirugía,PDSS 10.0,1
10561.79.0.9.01,REDUCCION CERRADA DE FRACTURA SIN FIJACION INTERNA DE FALANGES DE MANO (UNA O MAS),Atenciones de Alto Costo y de Máximo Nivel de Complejidad,PDSS 10.0,1
10577.79.7.4.02,REDUCCION CERRADA DE LUXACION CARPOMETACARPIANA,Cirugía,PDSS 10.0,1
10587.79.7.4.03,REDUCCION CERRADA DE LUXACION METACARPOFALANGICA (UNA O MAS),Atenciones de Alto Costo y de Máximo Nivel de Complejidad,PDSS 10.0,1
10590.79.7.5.02,REDUCCION CERRADA DE LUXACION TRAUMATICA DE CADERA,Cirugía,PDSS 10.0,1
10595.76.7.5.01,REDUCCION CERRADA FRACTURA DE CONDILO +,Atenciones de Alto Costo y de Máximo Nivel de Complejidad,PDSS 10.0,1
10599.79.0.8.00,REDUCCION CERRADA SIN FIJACION INTERNA FRACTURA TARSO O METATARSO SOD +,Cirugía,PDSS 10.0,1
10610.79.1.4.03,REDUCCION DE FRACTURA DE HUESOS DE CARPO Y FIJACION PERCUTANEA CON PINES (UNO O MAS) +,Atenciones de Alto Costo y de Máximo Nivel de Complejidad,PDSS 10.0,1
10630.79.9.5.00,REDUCCION DE FRACTURAS INTRAARTICULARES Y LUXOFRACTURAS EN CADERA SOD +,Cirugía,PDSS 10.0,1
10656.55.9.3.00,REEMPLAZO DE CATETER DE NEFROSTOMIA,Cirugía,PDSS 10.0,1
10664.35.2.1.00,REEMPLAZO DE LA VALVULA AORTICA CON PROTESIS MECANICA O BIOPROTESIS (AUTOLOGA O HETEROLOGA) SOD,Atenciones de Alto Costo y de Máximo Nivel de Complejidad,PDSS 10.0,1
10666.35.2.6.00,REEMPLAZO DE LA VALVULA AORTICA Y AORTA ASCENDENTE SOD,Atenciones de Alto Costo y de Máximo Nivel de Complejidad,PDSS 10.0,1
10675.35.2.3.00,REEMPLAZO DE VALVULA TRICUSPIDE CON PROTESIS MECANICA O BIOPROTESIS (AUTOLOGA O HETEROLOGA) SOD,Atenciones de Alto Costo y de Máximo Nivel de Complejidad,PDSS 10.0,1
10677.35.2.4.00,REEMPLAZO O RECONSTRUCCION DE DOS O TRES VALVULAS SOD +,Atenciones de Alto Costo y de Máximo Nivel de Complejidad,PDSS 10.0,1
10679.02.4.2.01,REEMPLAZO PARCIAL DE DERIVACION,Cirugía,PDSS 10.0,1
10697.02.4.2.02,REEMPLAZO TOTAL DE DERIVACION,Cirugía,PDSS 10.0,1
10701.81.5.4.02,REEMPLAZO TOTAL DE RODILLA TRICOMPARTIMENTAL,Atenciones de Alto Costo y de Máximo Nivel de Complejidad,PDSS 10.0,1
10707.06.9.1.00,REEXPLORACIÓN DE CUELLO Y MEDIASTINO SOD,Cirugía,PDSS 10.0,1
10715.89.1.5.02,REFLEJO NEUROLOGICO PALPEBRAL ONDAS U Y/O H,Rehabilitación,PDSS 10.0,1
10716.89.1.5.03,REFLEJO NEUROLOGICO TRIGEMINO FACIAL +,Rehabilitación,PDSS 10.0,1
10742.93.8.6.10,REHABILITACION FUNCIONAL DE LA DEFICIENCIA/DISCAPACIDAD TRANSITORIA LEVE NCOC,Rehabilitación,PDSS 10.0,1
10743.93.8.6.11,REHABILITACION FUNCIONAL DE LA DEFICIENCIA/DISCAPACIDAD TRANSITORIA MODERADA NCOC,Rehabilitación,PDSS 10.0,1
10744.93.8.6.12,REHABILITACION FUNCIONAL DE LA DEFICIENCIA/DISCAPACIDAD TRANSITORIA SEVERA NCOC,Rehabilitación,PDSS 10.0,1
10805.58.0.0.30,REMOCION DE CÁLCULO Y/O CUERPO E XTRAÑO URETRAL CON INCISION,Cirugía,PDSS 10.0,1
10819.56.0.1.00,"REMOCION TRANSURETRAL ENDOSCOPIA DE CALCULO, COAGULO O CUERPO EXTRAÑO EN URETER O PELVIS RENAL",Cirugía,PDSS 10.0,1
10822.57.0.2.00,"REMOCION TRANSURETRAL [ENDOSCOPICA] DE CALCULO, CUERPO EXTRAÑO O COAGULO DE VEJIGA SOD +",Cirugía,PDSS 10.0,1
10871.35.8.2.00,REPARACION COMPLETA DE DRENAJE VENOSO PULMONAR ANOMALO SOD §,Atenciones de Alto Costo y de Máximo Nivel de Complejidad,PDSS 10.0,1
10872.35.8.2.04,REPARACION COMPLETA DE DRENAJE VENOSO PULMONAR ANOMALO TOTAL A AURICULA DERECHA,Atenciones de Alto Costo y de Máximo Nivel de Complejidad,PDSS 10.0,1
10873.35.8.2.03,REPARACION COMPLETA DE DRENAJE VENOSO PULMONAR ANOMALO TOTAL A SENO CORONARIO O INTRACARDIACO +,Atenciones de Alto Costo y de Máximo Nivel de Complejidad,PDSS 10.0,1
10874.35.8.2.05,REPARACION COMPLETA DE DRENAJE VENOSO PULMONAR ANOMALO TOTAL A VENA INFRADIAFRAGMATICA,Atenciones de Alto Costo y de Máximo Nivel de Complejidad,PDSS 10.0,1
10875.35.8.2.02,REPARACION COMPLETA DE DRENAJE VENOSO PULMONAR ANOMALO TOTAL INFRACARDIACO +,Atenciones de Alto Costo y de Máximo Nivel de Complejidad,PDSS 10.0,1
10876.35.8.2.06,REPARACION COMPLETA DE DRENAJE VENOSO PULMONAR ANOMALO TOTAL MIXTO,Atenciones de Alto Costo y de Máximo Nivel de Complejidad,PDSS 10.0,1
10877.35.8.2.01,REPARACION COMPLETA DE DRENAJE VENOSO PULMONAR ANOMALO TOTAL SUPRACARDIACO +,Atenciones de Alto Costo y de Máximo Nivel de Complejidad,PDSS 10.0,1
10884.42.8.7,REPARACION DE ATRESIA ESOFAGICA,Cirugía,PDSS 10.0,1
10888.35.8.0.02,"REPARACION DE CANAL ATRIO-VENTRICULAR COMPLETO (RASTELLY A, B, C)",Atenciones de Alto Costo y de Máximo Nivel de Complejidad,PDSS 10.0,1
10889.35.8.0.01,REPARACION DE CANAL ATRIO-VENTRICULAR PARCIAL,Atenciones de Alto Costo y de Máximo Nivel de Complejidad,PDSS 10.0,1
10891.35.8.7.03,REPARACION DE COARTACION AORTICA CON INTERPOSICION DE INJERTO §,Atenciones de Alto Costo y de Máximo Nivel de Complejidad,PDSS 10.0,1
10892.35.8.7.01,REPARACION DE COARTACION AORTICA CON RESECCION Y ANASTOMOSIS T-T,Atenciones de Alto Costo y de Máximo Nivel de Complejidad,PDSS 10.0,1
10895.35.8.7.10,"REPARACION DE COARTACION AORTICA, VIA ENDOVASCULAR (CATETERISMO) +",Atenciones de Alto Costo y de Máximo Nivel de Complejidad,PDSS 10.0,1
10903.77.5.7.01,REPARACION DE DEDO DE PIE EN GARRA CON ARTRODESIS (UNO O MAS) (EXCEPTO QUINTO DEDO) +,Cirugía,PDSS 10.0,1
10904.77.5.6.00,"REPARACION DE DEDO DE PIE EN MARTILLO (FALANGECTOMIA, FUSION O RECORTE) SOD+",Cirugía,PDSS 10.0,1
10908.35.5.1.01,REPARACION DE DEFECTO DE TABIQUE INTERAURICULAR CON PROTESIS +,Atenciones de Alto Costo y de Máximo Nivel de Complejidad,PDSS 10.0,1
10909.35.5.1.02,"REPARACION DE DEFECTO DE TABIQUE INTERAURICULAR CON PROTESIS, VIA ENDOVASCULAR [PERCUTANEA, O CON CATETERISMO] [SOMBRILLA] [KING-MILLS] +",Atenciones de Alto Costo y de Máximo Nivel de Complejidad,PDSS 10.0,1
10911.35.5.2.00,REPARACION DE DEFECTO DE TABIQUE INTERVENTRICULAR [CIV] SOD §,Atenciones de Alto Costo y de Máximo Nivel de Complejidad,PDSS 10.0,1
10913.35.6.2.00,REPARACION DE DEFECTO DE TABIQUE INTERVENTRICULAR CON INJERTO DE TEJIDO SOD§,Atenciones de Alto Costo y de Máximo Nivel de Complejidad,PDSS 10.0,1
10914.35.5.2.01,REPARACION DE DEFECTO DE TABIQUE INTERVENTRICULAR CON PROTESIS +,Atenciones de Alto Costo y de Máximo Nivel de Complejidad,PDSS 10.0,1
10915.35.6.1.01,REPARACION DE DEFECTO INTERAURICULAR CON SUTURA CONTINUA §,Atenciones de Alto Costo y de Máximo Nivel de Complejidad,PDSS 10.0,1
10916.35.6.2.01,"REPARACION DE DEFECTO INTERVENTRICULAR CON PARCHE A TRAVES DE AURICULA DERECHA, VENTRICULOTOMIA DERECHA O ARTERIOTOMIA PULMONAR O AORTICA +",Atenciones de Alto Costo y de Máximo Nivel de Complejidad,PDSS 10.0,1
10917.35.6.2.02,REPARACION DE DEFECTO INTERVENTRICULAR CON PARCHE A TRAVES DE VENTRICULOTOMIA IZQUIERDA §,Atenciones de Alto Costo y de Máximo Nivel de Complejidad,PDSS 10.0,1
10940.14.5.1.00,REPARACION DE DESPRENDIMIENTO DE RETINA SOD §,Cirugía,PDSS 10.0,1
10941.14.5.1.01,REPARACION DE DESPRENDIMIENTO DE RETINA CON DIATERMIA O CRIOTERAPIA,Cirugía,PDSS 10.0,1
10945.35.8.2.08,REPARACION DE DRENAJE VENOSO PULMONAR ANOMALO PARCIAL DE VENAS PULMONARES DERECHAS A VENA CAVA INFERIOR,Atenciones de Alto Costo y de Máximo Nivel de Complejidad,PDSS 10.0,1
10946.35.8.2.07,REPARACION DE DRENAJE VENOSO PULMONAR ANOMALO PARCIAL DE VENAS PULMONARES DERECHAS A VENA CAVA SUPERIOR +,Atenciones de Alto Costo y de Máximo Nivel de Complejidad,PDSS 10.0,1
10947.35.8.2.09,REPARACION DE DRENAJE VENOSO PULMONAR ANOMALO PARCIAL DE VENAS PULMONARES IZQUIERDA A VENA INNOMINADA +,Atenciones de Alto Costo y de Máximo Nivel de Complejidad,PDSS 10.0,1
10948.35.8.2.10,REPARACION DE DRENAJE VENOSO PULMONAR ANOMALO TOTAL A CAMARA ACCESORIA (CORTRIATUM) §,Atenciones de Alto Costo y de Máximo Nivel de Complejidad,PDSS 10.0,1
10975.53.7.0.00,REPARACION DE HERNIA DIAFRAGMATICA VIA ABDOMINAL SOD +,Cirugía,PDSS 10.0,1
10977.53.7.1.00,REPARACION DE HERNIA DIAFRAGMATICA VIA TORACICA SOD +,Cirugía,PDSS 10.0,1
11002.11.5.3.01,REPARACION DE LACERACION O HERIDA CORNEAL CON INJERTO ESPESOR PARCIAL §,Cirugía,PDSS 10.0,1
11003.11.5.3.02,REPARACION DE LACERACION O HERIDA CORNEAL CON INJERTO ESPESOR TOTAL §,Cirugía,PDSS 10.0,1
11018.81.4.5.01,REPARACION DE LIGAMENTO CRUZADO NCOC,Cirugía,PDSS 10.0,1
11026.02.1.2.00,REPARACION DE MENINGES CEREBRALES SOD §,Cirugía,PDSS 10.0,1
11027.35.3.1.01,REPARACION DE MUSCULO PAPILAR,Atenciones de Alto Costo y de Máximo Nivel de Complejidad,PDSS 10.0,1
11042.81.4.2.10,"REPARACION DE RODILLA CINCO EN UNO: MENISCOPLASTIA, REPARACION DE LIGAMENTO COLATERAL MEDIAL, AVANZAMIENTO DE VASTUS MEDIAL O INTERNO, AVANZAMIENTO SEMITENDINOSO Y TRANSPOSICION DE “PATA DE GANSO” O PES-ANSERINUS",Atenciones de Alto Costo y de Máximo Nivel de Complejidad,PDSS 10.0,1
11044.16.8.2.00,REPARACION DE RUPTURA DE GLOBO SOD,Cirugía,PDSS 10.0,1
11052.35.8.1.05,REPARACION DE TETRALOGIA DE FALLOT CON CORONARIA ANOMALA (DESCENDENTE ANTERIOR ORIGINADA DE LA CORONARIA DERECHA),Atenciones de Alto Costo y de Máximo Nivel de Complejidad,PDSS 10.0,1
11053.35.8.1.04,REPARACION DE TETRALOGIA DE FALLOT CON ESTENOSIS DE BIFURCACION DEL TRONCO PULMONAR,Atenciones de Alto Costo y de Máximo Nivel de Complejidad,PDSS 10.0,1
11054.35.8.1.01,REPARACION DE TETRALOGIA DE FALLOT CON ESTENOSIS DE RAMAS PULMONARES,Atenciones de Alto Costo y de Máximo Nivel de Complejidad,PDSS 10.0,1
11055.35.8.1.06,REPARACION DE TETRALOGIA DE FALLOT CON FISTULA SISTEMICO PULMONAR PREVIA,Atenciones de Alto Costo y de Máximo Nivel de Complejidad,PDSS 10.0,1
11056.35.8.1.00,REPARACION DE TETRALOGIA DE FALLOT SOD §,Atenciones de Alto Costo y de Máximo Nivel de Complejidad,PDSS 10.0,1
11071.35.5.1.00,REPARACION DEFECTO DE TABIQUE INTERAURICULAR [CIA] SOD §,Atenciones de Alto Costo y de Máximo Nivel de Complejidad,PDSS 10.0,1
11073.35.8.5.00,REPARACION DEL DOBLE TRACTO DE SALIDA DEL VENTRICULO DERECHO SOD §,Atenciones de Alto Costo y de Máximo Nivel de Complejidad,PDSS 10.0,1
11089.81.9.5.20,REPARACION O RECONSTRUCCION DEL TENDON ROTULIANO +,Atenciones de Alto Costo y de Máximo Nivel de Complejidad,PDSS 10.0,1
11090.12.3.4.00,REPARACION O SUTURA DE IRIDODIALISIS SOD,Cirugía,PDSS 10.0,1
11094.35.8.1.02,REPARACION TRANSATRIAL DE LA TETRALOGIA DE FALLOT CON ESTENOSIS PULMONAR,Atenciones de Alto Costo y de Máximo Nivel de Complejidad,PDSS 10.0,1
11095.35.8.1.03,REPARACION TRANSVENTRICULAR DE LA TETRALOGIA DE FALLOT +,Atenciones de Alto Costo y de Máximo Nivel de Complejidad,PDSS 10.0,1
11099.83.6.3.01,REPARACION DEL MANGUITO ROTADOR VIA ABIERTA,Cirugía,PDSS 10.0,1
11109.35.8.5.02,REPARO DE DEFECTO VENTRICULAR POR TRANSPOSICION AORTA CABALGAMIENTO PULMONAR [CORAZÓN DE TAUSSING- BING] +,Atenciones de Alto Costo y de Máximo Nivel de Complejidad,PDSS 10.0,1
11110.35.8.4.02,REPARO DE LA DOBLE SALIDA DEL VENTRICULO IZQUIERDO CON ESTENOSIS PULMONAR,Atenciones de Alto Costo y de Máximo Nivel de Complejidad,PDSS 10.0,1
11111.35.8.4.03,REPARO DE LA DOBLE SALIDA DEL VENTRICULO IZQUIERDO E HIPOPLASIA DEL VENTRICULO DERECHO,Atenciones de Alto Costo y de Máximo Nivel de Complejidad,PDSS 10.0,1
11112.35.8.4.01,REPARO DE LA DOBLE SALIDA DEL VENTRICULO IZQUIERDO Y CONEXIÓN ATRIOVENTRICULAR CONCORDANTE O DISCORDANTE,Atenciones de Alto Costo y de Máximo Nivel de Complejidad,PDSS 10.0,1
11113.35.8.8.03,REPARO DE VENTANA AORTOPULMONAR CON PARCHE AORTICO Y/O PULMONAR §,Atenciones de Alto Costo y de Máximo Nivel de Complejidad,PDSS 10.0,1
11114.35.8.5.05,REPARO DEL DOBLE TRACTO DE SALIDA DEL VENTRICULO DERECHO CON CANAL AV,Atenciones de Alto Costo y de Máximo Nivel de Complejidad,PDSS 10.0,1
11117.35.8.5.01,REPARO DEL DOBLE TRACTO DE SALIDA DEL VENTRICULO DERECHO CON CIV SUBAORTICA Y ESTENOSIS PULMONAR,Atenciones de Alto Costo y de Máximo Nivel de Complejidad,PDSS 10.0,1
11134.31.5.0.00,RESECCION ABIERTA DE LESION DE TRAQUEA SOD,Cirugía,PDSS 10.0,1
11194.28.5.1.00,"RESECCION DE AMIGDALA LINGUAL, BANDAS FARINGEAS LATERALES Y MEMBRANA CONGENITA  ",Cirugía,PDSS 10.0,1
11202.83.4.6.00,"RESECCION DE BOLSA TENDINOSA, FASCIA, MUSCULO O TENDON; EXCEPTO MANO Y PIE SOD +",Cirugía,PDSS 10.0,1
11208.08.2.1.00,RESECCION DE CHALAZION SOD,Cirugía,PDSS 10.0,1
11210.86.8.1.03,RESECCION DE CICATRIZ HIPERTROFICA O QUELOIDE EN AREA GENERAL,Cirugía,PDSS 10.0,1
11217.85.2.2.00,RESECCION DE CUADRANTE DE MAMA SOD,Cirugía,PDSS 10.0,1
11222.77.8.2.01,RESECCION DE EPICONDILO O EPITROCLEA HUMERAL,Cirugía,PDSS 10.0,1
11223.77.8.3.02,RESECCION DE EPIFISIS DE CUBITO,Atenciones de Alto Costo y de Máximo Nivel de Complejidad,PDSS 10.0,1
11227.18.2.1.00,RESECCION DE FISTULA O QUISTE PREAURICULAR SOD §,Cirugía,PDSS 10.0,1
11230.06.7.2.00,RESECCION DE FISTULA TIROGLOSA SOD,Cirugía,PDSS 10.0,1
11234.49.0.7.00,RESECCION DE FISURA ANAL (FISURECTOMIA) SOD,Cirugía,PDSS 10.0,1
11240.71.2.4.01,RESECCION DE GLANDULA DE BARTHOLIN (BARTHOLINECTOMIA),Cirugía,PDSS 10.0,1
11269.67.3.1.00,RESECCION DE LESION EN CUELLO UTERINO SOD +,Cirugía,PDSS 10.0,1
11300.86.3.1.03,"RESECCION DE LESIONES CUTANEAS POR CAUTERIZACION, FULGURACION O CRIOTERAPIA EN AREA ESPECIAL, HASTA TRES LESIONES",Cirugía,PDSS 10.0,1
11325.35.3.5.02,RESECCION DE MEMBRANA SUBAORTICA,Atenciones de Alto Costo y de Máximo Nivel de Complejidad,PDSS 10.0,1
11329.77.8.3.05,RESECCION DE OLECRANON,Atenciones de Alto Costo y de Máximo Nivel de Complejidad,PDSS 10.0,1
11337.68.2.3.00,RESECCION DE POLIPO ENDOMETRIAL SOD +,Cirugía,PDSS 10.0,1
11342.10.3.1.01,RESECCION DE QUISTE O TUMOR BENIGNO DE CONJUNTIVA,Cirugía,PDSS 10.0,1
11346.34.3.2.01,RESECCION DE QUISTE O TUMOR BENIGNO DEL MEDIASTINO POR TORACOTOMIA,Cirugía,PDSS 10.0,1
11349.65.2.8.01,RESECCION DE QUISTE PARAOVARICO POR LAPAROTOMIA,Cirugía,PDSS 10.0,1
11352.06.7.1.00,RESECCION DE QUISTE TIROGLOSO SOD,Cirugía,PDSS 10.0,1
11361.28.4.1.00,RESECCION DE RESTOS ADENOAMIGDALINOS SOD,Cirugía,PDSS 10.0,1
11374.16.9.2.02,RESECCION DE TUMOR BENIGNO DE ORBITA,Cirugía,PDSS 10.0,1
11379.08.2.3.01,"RESECCION DE TUMOR BENIGNO O MALIGNO DE PARPADO, ESPESOR PARCIAL, UN TERCIO",Cirugía,PDSS 10.0,1
11382.86.4.1.01,RESECCION DE TUMOR BENIGNO O MALIGNO DE PIEL Y/O TEJIDO CELULAR SUBCUTANEO AREA GENERAL HASTA TRES CENTIMETROS +,Cirugía,PDSS 10.0,1
11383.86.4.1.04,"RESECCION DE TUMOR BENIGNO O MALIGNO DE PIEL Y/O TEJIDO CELULAR SUBCUTANEO AREA GENERAL, DE MAS DE DIEZ CENTIMETROS +",Cirugía,PDSS 10.0,1
11384.86.4.1.03,"RESECCION DE TUMOR BENIGNO O MALIGNO DE PIEL Y/O TEJIDO CELULAR SUBCUTANEO AREA GENERAL, ENTRE CINCO A DIEZ CENTIMETROS +",Cirugía,PDSS 10.0,1
11385.86.4.1.02,"RESECCION DE TUMOR BENIGNO O MALIGNO DE PIEL Y/O TEJIDO CELULAR SUBCUTANEO AREA GENERAL, ENTRE TRES A CINCO CENTIMETROS +",Cirugía,PDSS 10.0,1
11393.42.3.2.02,RESECCION DE TUMOR DE ESÓFAGO POR TORACOTOMIA +,Cirugía,PDSS 10.0,1
11394.42.3.2.03,RESECCION DE TUMOR DE ESOFAGO VIA ABDOMINAL,Cirugía,PDSS 10.0,1
11395.42.3.2.01,RESECCION DE TUMOR DE ESÓFAGO VIA CERVICAL +,Cirugía,PDSS 10.0,1
11411.01.5.3.11,RESECCION DE TUMOR DE LA BASE DEL CRANEO LINEA MEDIA VIA TRANSESFENOIDAL ENDOSCOPIA,Cirugía,PDSS 10.0,1
11449.10.3.1.06,RESECCION DE TUMOR MALIGNO DE CONJUNTIVA CON PLASTIA,Cirugía,PDSS 10.0,1
11450.10.3.1.07,RESECCION DE TUMOR MALIGNO DE CONJUNTIVA SIN PLASTIA,Cirugía,PDSS 10.0,1
11452.21.3.1.07,RESECCION DE TUMOR MALIGNO DE FOSA NASAL POR DESPEGAMIENTO FACIAL VIA SUBLABIAL DEGLOVIN,Cirugía,PDSS 10.0,1
11471.34.3.3.00,RESECCION DE TUMOR MALIGNO DEL MEDIASTINO SOD §,Cirugía,PDSS 10.0,1
11475.48.6.1.01,RESECCION DE TUMOR RECTAL POR PROCTECTOMIA TRANSSACRA O TRANS-COCCIGEA,Cirugía,PDSS 10.0,1
11480.01.7.2.01,RESECCION DE TUMOR SUPRATENTORIAL HEMISFERICO POR CRANEOTOMIA,Cirugía,PDSS 10.0,1
11510.70.3.3.10,RESECCION DEL TABIQUE VAGINAL,Cirugía,PDSS 10.0,1
11517.31.5.1.01,RESECCION ENDOSCOPICA RIGIDA O DE FIBRA OPTICA DE LESION EN TRAQUEA CON PINZA DE BIOPSIA,Cirugía,PDSS 10.0,1
11522.32.0.2.01,RESECCION ENDOSCOPICA DE LESION EN BRONQUIO CON PINZA DE BIOPSIA,Apoyo Diagnóstico (Dx) en Internamiento y Ambulatoria,PDSS 10.0,1
11530.57.4.2.01,RESECCION ENDOSCOPICA DE LESION VESICAL,Apoyo Diagnóstico (Dx) en Internamiento y Ambulatoria,PDSS 10.0,1
11533.30.0.1.03,RESECCION ENDOSCOPICA DE QUISTE VENTRICULAR (MARSUPIALIZACION) +,Apoyo Diagnóstico (Dx) en Internamiento y Ambulatoria,PDSS 10.0,1
11554.60.2.9.01,RESECCION O ENUCLEACION TRANSURETRAL DE PRÓSTATA (RTUP) O ADENOMECTOMIA,Cirugía,PDSS 10.0,1
11566.77.8.3.01,RESECCION PARCIAL DE DIAFISIS EN CUBITO (HEMIDIAFISECTOMIA),Cirugía,PDSS 10.0,1
11609.86.8.1.01,RESECCION SIMPLE DE CICATRIZ EN AREA GENERAL +,Cirugía,PDSS 10.0,1
11613.77.9.1.02,RESECCION TOTAL DE CLAVICULA,Cirugía,PDSS 10.0,1
11614.77.9.9.41,RESECCION TOTAL DE COCCIX [COCCIGECTOMIA] +,Atenciones de Alto Costo y de Máximo Nivel de Complejidad,PDSS 10.0,1
11639.77.9.3.01,RESECCION TOTAL O RADICAL DE CUBITO O RADIO,Cirugía,PDSS 10.0,1
11645.01.6.1.01,RESECCION TUMOR DE MENINGE CEREBRAL POR CRANEOTOMIA,Cirugía,PDSS 10.0,1
11646.01.6.1.02,RESECCION TUMOR DE MENINGE CEREBRAL POR CRANIECTOMIA CON DUROPLASTIA Y CRANEOPLASTIA,Cirugía,PDSS 10.0,1
11650.01.5.1.01,"RESECCION TUMOR OSEO, POR CRANEOTOMIA +",Cirugía,PDSS 10.0,1
11672.88.3.5.22,"RESONANCIA NUCLEAR MAGNETICA DE ARTICULACIONES DE MIEMBRO INFERIOR (CADERA, RODILLA, PIE Y/O CUELLO DE PIE) +",Apoyo Diagnóstico (Dx) en Internamiento y Ambulatoria,PDSS 10.0,1
11673.88.3.5.12,"RESONANCIA NUCLEAR MAGNETICA DE ARTICULACIONES DE MIEMBRO SUPERIOR (CODO, HOMBRO Y/O PUÑO) +",Apoyo Diagnóstico (Dx) en Internamiento y Ambulatoria,PDSS 10.0,1
11683.88.3.3.51,RESONANCIA NUCLEAR MAGNETICA DE MAMA +,Apoyo Diagnóstico (Dx) en Internamiento y Ambulatoria,PDSS 10.0,1
11686.88.3.5.21,RESONANCIA NUCLEAR MAGNETICA DE MIEMBRO INFERIOR SIN INCLUIR ARTICULACIONES +,Apoyo Diagnóstico (Dx) en Internamiento y Ambulatoria,PDSS 10.0,1
11687.88.3.5.11,"RESONANCIA NUCLEAR MAGNETICA DE MIEMBRO SUPERIOR, SIN INCLUIR ARTICULACIONES +",Apoyo Diagnóstico (Dx) en Internamiento y Ambulatoria,PDSS 10.0,1
11715.54.9.0.12,RETIRO DE CATETER PERMANENTE PARA HEMODIALISIS,Atenciones de Alto Costo y de Máximo Nivel de Complejidad,PDSS 10.0,1
11719.02.4.3.00,RETIRO DE DERIVACION SOD +,Cirugía,PDSS 10.0,1
11732.54.9.0.13,RETIRO DE OTRO CATETER PERITONEAL NCOC +,Cirugía,PDSS 10.0,1
11738.11.5.8.00,RETIRO DE SUTURA EN CORNEA SOD +,Cirugía,PDSS 10.0,1
11763.37.8.5.00,REVISION [REPROGRAMACION] DE APARATO MARCAPASO SOD +,Atenciones de Alto Costo y de Máximo Nivel de Complejidad,PDSS 10.0,1
11802.31.7.4,REVISION DE TRAQUEOSTOMIA,Cirugía,PDSS 10.0,1
11812.81.5.3.01,REVISION REEMPLAZO PROTÉSICO PARCIAL DE CADERA +,Atenciones de Alto Costo y de Máximo Nivel de Complejidad,PDSS 10.0,1
11813.81.9.7.02,REVISION REEMPLAZO PROTESICO TOTAL DE HOMBRO,Atenciones de Alto Costo y de Máximo Nivel de Complejidad,PDSS 10.0,1
11816.81.5.5.02,REVISION REEMPLAZO PROTESICO TOTAL EN RODILLA +,Atenciones de Alto Costo y de Máximo Nivel de Complejidad,PDSS 10.0,1
11817.81.5.3.02,REVISION REEMPLAZO TOTAL DE CADERA +,Atenciones de Alto Costo y de Máximo Nivel de Complejidad,PDSS 10.0,1
11828.89.1.2.01,RINOMANOMETRIA SIMPLE,Cirugía,PDSS 10.0,1
11903.66.5.0.02,SALPINGECTOMIA BILATERAL TOTAL POR LAPAROSCOPIA,Cirugía,PDSS 10.0,1
11904.66.5.0.01,SALPINGECTOMIA BILATERAL TOTAL POR LAPAROTOMIA,Cirugía,PDSS 10.0,1
11908.66.4.0.01,SALPINGECTOMIA UNILATERAL TOTAL POR LAPAROTOMIA,Cirugía,PDSS 10.0,1
11910.66.9.2.20,SALPINGO-OOFORECTOMIA BILATERAL POR LAPAROSCOPIA,Cirugía,PDSS 10.0,1
11919.66.7.6.10,"SALPINGOLISIS DE ADHERENCIAS (LEVES, MODERADAS O SEVERAS) POR LAPAROSCOPIA",Cirugía,PDSS 10.0,1
11920.66.7.6.01,SALPINGOLISIS POR LAPAROTOMIA,Cirugía,PDSS 10.0,1
11940.69.1.3.02,SECCION DE ADHERENCIAS UTERINAS A PARED ABDOMINAL VIA LAPAROSCOPICA,Cirugía,PDSS 10.0,1
11941.69.1.3.01,SECCION DE ADHERENCIAS UTERINAS A PARED ABDOMINAL VIA LAPAROTOMIA,Cirugía,PDSS 10.0,1
11956.70.1.4.10,SECCION O INCISION DE TABIQUE VAGINAL,Cirugía,PDSS 10.0,1
11959.01.2.5.01,SECUESTRECTOMIA DE CRANEO POR CRANIECTOMIA,Cirugía,PDSS 10.0,1
11966.77.0.9.01,"SECUESTRECTOMIA, DRENAJE, DESBRIDAMIENTO DE ARTEJO O DE FALANGES DE PIE (UNA O MAS)",Atenciones de Alto Costo y de Máximo Nivel de Complejidad,PDSS 10.0,1
11968.77.0.9.02,"SECUESTRECTOMIA, DRENAJE, DESBRIDAMIENTO DE FALANGES DE MANO (UNA O MAS)",Atenciones de Alto Costo y de Máximo Nivel de Complejidad,PDSS 10.0,1
11970.77.0.5.00,"SECUESTRECTOMIA, DRENAJE, DESBRIDAMIENTO DE FEMUR SOD",Atenciones de Alto Costo y de Máximo Nivel de Complejidad,PDSS 10.0,1
11971.77.0.9.20,"SECUESTRECTOMIA, DRENAJE, DESBRIDAMIENTO DE HUESOS PELVIANOS",Atenciones de Alto Costo y de Máximo Nivel de Complejidad,PDSS 10.0,1
11973.77.0.2.00,"SECUESTRECTOMIA, DRENAJE, DESBRIDAMIENTO DE HUMERO SOD",Atenciones de Alto Costo y de Máximo Nivel de Complejidad,PDSS 10.0,1
11974.77.0.3.01,"SECUESTRECTOMIA, DRENAJE, DESBRIDAMIENTO DE RADIO O CUBITO",Atenciones de Alto Costo y de Máximo Nivel de Complejidad,PDSS 10.0,1
11975.77.0.3.02,"SECUESTRECTOMIA, DRENAJE, DESBRIDAMIENTO DE RADIO Y CUBITO",Atenciones de Alto Costo y de Máximo Nivel de Complejidad,PDSS 10.0,1
11978.77.0.6.00,"SECUESTRECTOMIA, DRENAJE, DESBRIDAMIENTO DE ROTULA SOD",Atenciones de Alto Costo y de Máximo Nivel de Complejidad,PDSS 10.0,1
11980.77.0.8.02,"SECUESTRECTOMIA, DRENAJE, DESBRIDAMIENTO DE TARSIANOS Y METATARSIANOS (UNO O MAS) +",Atenciones de Alto Costo y de Máximo Nivel de Complejidad,PDSS 10.0,1
11981.77.0.8.01,"SECUESTRECTOMIA, DRENAJE, DESBRIDAMIENTO DE TARSO O METATARSO (UNO O MAS)+",Atenciones de Alto Costo y de Máximo Nivel de Complejidad,PDSS 10.0,1
11982.77.0.7.01,"SECUESTRECTOMIA, DRENAJE, DESBRIDAMIENTO DE TIBIA O PERONE",Atenciones de Alto Costo y de Máximo Nivel de Complejidad,PDSS 10.0,1
11983.77.0.7.02,"SECUESTRECTOMIA, DRENAJE, DESBRIDAMIENTO DE TIBIA Y PERONE",Atenciones de Alto Costo y de Máximo Nivel de Complejidad,PDSS 10.0,1
11986.77.0.1.00,"SECUESTRECTOMIA, DRENAJE, DESBRIDAMIENTO O CURETAJE DE ESCAPULA, CLAVICULA O TORAX (COSTILLAS Y ESTERNON) SOD",Atenciones de Alto Costo y de Máximo Nivel de Complejidad,PDSS 10.0,1
12000.21.8.8.01,SEPTORRINOPLASTIA FUNCIONAL PRIMARIA NCOC §,Cirugía,PDSS 10.0,1
12042.26.3.2.03,SIALOADENECTOMIA DE GLANDULA SUBLINGUAL,Cirugía,PDSS 10.0,1
12043.26.3.2.04,SIALOADENECTOMIA DE GLANDULA SUBMAXILAR (SUBMANDIBULAR),Cirugía,PDSS 10.0,1
12044.26.3.2.05,SIALOADENECTOMIA DE GLANDULAS PALATINAS,Cirugía,PDSS 10.0,1
12045.26.3.2.06,SIALOADENECTOMIA DE GLANDULAS SALIVALES MENORES,Cirugía,PDSS 10.0,1
12085.80.7.2.01,SINOVECTOMIA DE CODO PARCIAL VIA ABIERTA,Cirugía,PDSS 10.0,1
12087.80.7.2.02,SINOVECTOMIA DE CODO TOTAL VIA ABIERTA,Atenciones de Alto Costo y de Máximo Nivel de Complejidad,PDSS 10.0,1
12091.80.7.1.01,SINOVECTOMIA DE HOMBRO PARCIAL VIA ABIERTA,Cirugía,PDSS 10.0,1
12097.80.7.3.01,SINOVECTOMIA DE MUÑECA PARCIAL VIA ABIERTA,Atenciones de Alto Costo y de Máximo Nivel de Complejidad,PDSS 10.0,1
12099.80.7.3.02,SINOVECTOMIA DE MUÑECA TOTAL VIA ABIERTA,Cirugía,PDSS 10.0,1
12103.80.7.6.03,SINOVECTOMIA PARCIAL DE RODILLA POR ARTROSCOPIA,Cirugía,PDSS 10.0,1
12104.80.7.6.01,SINOVECTOMIA DE RODILLA PARCIAL VIA ABIERTA,Cirugía,PDSS 10.0,1
12105.80.7.6.04,SINOVECTOMIA TOTAL  DE RODILLA POR ARTROSCOPIA,Cirugía,PDSS 10.0,1
12106.80.7.6.02,SINOVECTOMIA DE RODILLA TOTAL VIA ABIERTA,Cirugía,PDSS 10.0,1
12110.80.7.7.01,SINOVECTOMIA DE TOBILLO PARCIAL VIA ABIERTA,Atenciones de Alto Costo y de Máximo Nivel de Complejidad,PDSS 10.0,1
12112.80.7.7.02,SINOVECTOMIA DE TOBILLO TOTAL VIA ABIERTA,Cirugía,PDSS 10.0,1
12117.80.7.5.01,"SINOVECTOMIA PARCIAL DE CADERA, VIA ABIERTA +",Atenciones de Alto Costo y de Máximo Nivel de Complejidad,PDSS 10.0,1
12119.80.7.5.02,"SINOVECTOMIA TOTAL DE CADERA, VIA ABIERTA +",Cirugía,PDSS 10.0,1
12128.22.4.1.03,SINUSOTOMIA FRONTAL VIA CORONAL CON COLGAJO OSTEOPLASTICO,Cirugía,PDSS 10.0,1
12161.07.2.1.20,SUPRARRENALECTOMIA POR LAPAROSCOPIA,Cirugía,PDSS 10.0,1
12193.97.0.2,SUSTITUCION DE TUBO (SONDA) DE GASTROSTOMIA,Cirugía,PDSS 10.0,1
12197.97.2.3,SUSTITUCION DE TUBO DE TRAQUEOSTOMIA,Cirugía,PDSS 10.0,1
12207.02.4.2.00,SUSTITUCION O REEMPLAZO DE DERIVACION VENTRICULAR SOD §,Cirugía,PDSS 10.0,1
12224.11.5.1.00,SUTURA DE CORNEA SOD,Cirugía,PDSS 10.0,1
12226.44.6.1.00,SUTURA DE DESGARRO O HERIDA DE ESTOMAGO (GASTRORRAFIA) SOD,Cirugía,PDSS 10.0,1
12236.46.7.1.00,SUTURA DE HERIDA DE DUODENO SOD,Cirugía,PDSS 10.0,1
12245.10.6.1.00,SUTURA DE LA CONJUNTIVA SOD,Cirugía,PDSS 10.0,1
12248.33.4.1.00,SUTURA DE LACERACION BRONQUIAL SOD,Cirugía,PDSS 10.0,1
12258.61.4.1.00,SUTURA DE LACERACION DE ESCROTO Y TUNICA VAGINALIS SOD,Cirugía,PDSS 10.0,1
12274.34.7.1.00,SUTURA DE LACERACION DE PARED TORACICA SOD,Cirugía,PDSS 10.0,1
12278.31.7.1.00,SUTURA DE LACERACION DE TRAQUEA (TRAQUEORRAFIA) SOD,Cirugía,PDSS 10.0,1
12283.34.8.2.02,SUTURA DE LACERACION DIAFRAGMATICA VIA ABDOMINAL POR LAPAROTOMIA,Cirugía,PDSS 10.0,1
12316.44.4.0.00,SUTURA DE ULCERA PERFORADA CON VAGOTOMIA Y EPIPLOPLASTIA SOD,Cirugía,PDSS 10.0,1
12333.83.6.3.05,REPARACION DEL MANGUITO ROTADOR POR ARTROSCOPIA,Cirugía,PDSS 10.0,1
12341.08.8.4.02,SUTURA PROFUNDA DE HERIDA MULTIPLE DE PARPADO [BLEFARORRAFIA COMPLEJA],Cirugía,PDSS 10.0,1
12342.08.8.4.01,SUTURA PROFUNDA DE HERIDA UNICA DE PARPADO [BLEFARORRAFIA COMPLEJA],Cirugía,PDSS 10.0,1
12349.81.9.4.10,SUTURA SIMPLE DEL TENDON DE AQUILES +,Cirugía,PDSS 10.0,1
12428.83.8.8.30,TENODESIS NCOC +,Atenciones de Alto Costo y de Máximo Nivel de Complejidad,PDSS 10.0,1
12436.83.6.2.01,TENORRAFIA DE FLEXORES DE ANTEBRAZO (UNO O MAS),Cirugía,PDSS 10.0,1
12445.82.3.3.03,TENOSINOVECTOMIA FLEXORES MANO (UNO O MAS),Atenciones de Alto Costo y de Máximo Nivel de Complejidad,PDSS 10.0,1
12480.93.3.9.00,TERAPIA DE INTEGRACION SENSORIAL SOD §,Rehabilitación,PDSS 10.0,1
12482.93.3.6.00,TERAPIA DE REHABILITACION CARDIACA SOD +,Rehabilitación,PDSS 10.0,1
12483.93.3.5.00,TERAPIA DE REHABILITACION PULMONAR SOD §,Rehabilitación,PDSS 10.0,1
12487.93.1.0.00,TERAPIA FISICA INTEGRAL SOD +,Rehabilitación,PDSS 10.0,1
12499.93.3.3.00,TERAPIA MODALIDADES HIDRAULICAS E HIDRICAS SOD +,Rehabilitación,PDSS 10.0,1
12502.93.8.3.00,TERAPIA OCUPACIONAL INTEGRAL SOD §,Rehabilitación,PDSS 10.0,1
12507.93.9.4.00,TERAPIA RESPIRATORIA INTEGRAL SOD,Rehabilitación,PDSS 10.0,1
12508.39.9.8,TERAPIA DE REEEMPLAZO RENAL CONTINUA,Atenciones de Alto Costo y de Máximo Nivel de Complejidad,PDSS 10.0,1
12512.90.2.0.42,TIEMPO ACTIVADO DE COAGULACION,Apoyo Diagnóstico (Dx) en Internamiento y Ambulatoria,PDSS 10.0,1
12515.90.2.0.48,TIEMPO DE TROMBINA,Apoyo Diagnóstico (Dx) en Internamiento y Ambulatoria,PDSS 10.0,1
12520.19.4.1.00,TIMPANOPLASTIA O MIRINGOPLASTIA SOD §,Cirugía,PDSS 10.0,1
12521.19.4.1.01,TIMPANOPLASTIA TIPO I (CIERRE DE PERFORACION) +,Cirugía,PDSS 10.0,1
12522.19.4.1.02,"TIMPANOPLASTIA TIPO II (CON RECONSTRUCCION DE CADENA OSEA: MARTILLO, YUNQUE Y/O ESTRIBO U OSICULOPLASTIA) +",Cirugía,PDSS 10.0,1
12523.19.4.1.03,TIMPANOPLASTIA TIPO III (CON INJERTO SOBRE VENTANA SIN CADENA OSEA) +,Cirugía,PDSS 10.0,1
12529.06.3.9.00,TIROIDECTOMIA PARCIAL SOD §,Cirugía,PDSS 10.0,1
12530.06.3.9.02,TIROIDECTOMIA RESIDUAL,Cirugía,PDSS 10.0,1
12536.06.3.9.03,TIROIDECTOMIA SUBTOTAL (LOBECTOMIA TIROIDEA PARCIAL DE AMBOS LOBULOS O TOTAL DE UNO Y PARCIAL DE OTRO),Cirugía,PDSS 10.0,1
12578.77.7.0.00,TOMA DE INJERTO OSEO SOD +,Cirugía,PDSS 10.0,1
12587.87.9.5.20,TOMOGRAFIA AXIAL COMPUTADA DE MIEMBROS INFERIORES Y ARTICULACIONES,Apoyo Diagnóstico (Dx) en Internamiento y Ambulatoria,PDSS 10.0,1
12590.87.9.5.10,TOMOGRAFIA AXIAL COMPUTADA DE MIEMBROS SUPERIORES Y ARTICULACIONES,Apoyo Diagnóstico (Dx) en Internamiento y Ambulatoria,PDSS 10.0,1
12594.87.9.1.31,TOMOGRAFIA AXIAL COMPUTADA DE SENOS PARANASALES O CARA (CORTES AXIALES Y C ORONALES),Apoyo Diagnóstico (Dx) en Internamiento y Ambulatoria,PDSS 10.0,1
12619.95.1.5.00,TOPOGRAFIA CORNEAL COMPUTARIZADA SOD,Cirugía,PDSS 10.0,1
12621.34.2.0.00,TORACENTESIS DIAGNOSTICA SOD,Cirugía,PDSS 10.0,1
12629.34.0.3.00,TORACOSTOMIA ABIERTA CON RESECCION COSTAL SOD,Cirugía,PDSS 10.0,1
12632.34.0.2.00,TORACOTOMIA EXPLORATORIA SOD,Cirugía,PDSS 10.0,1
12641.93.4.2.01,TRACCION CUTANEA PARA DESCOMPRESION DE CANAL RAQUIDEO SEGMENTO LUMBAR +,Rehabilitación,PDSS 10.0,1
12681.35.8.8.01,TRANSPOSICION DEL RETORNO VENOSO CON PARCHE O SEPTACION INTERAURICULAR [MUSTARD Y SENNING],Atenciones de Alto Costo y de Máximo Nivel de Complejidad,PDSS 10.0,1
12690.31.1.3.00,TRAQUEOSTOMIA SOD,Cirugía,PDSS 10.0,1
12692.31.1.2.00,TRAQUEOTOMIA TEMPORAL SOD +,Cirugía,PDSS 10.0,1
12808.38.0.8.10,TROMBOLISIS DE ARTERIAS DE MIEMBROS INFERIORES VIA ENDOVASCULAR,Cirugía,PDSS 10.0,1
12809.38.0.2.10,TROMBOLISIS DE VASOS DE CABEZA Y CUELLO VIA ENDOVASCULAR,Cirugía,PDSS 10.0,1
12810.38.0.9.10,TROMBOLISIS DE VENAS DE MIEMBROS INFERIORES VIA ENDOVASCULAR,Cirugía,PDSS 10.0,1
12816.21.6.1.00,"TURBINECTOMIA POR DIATERMIA, CRIO O ELECTROCOAGULACION SOD +",Cirugía,PDSS 10.0,1
12820.21.8.7.02,TURBINOPLASTIA ENDOSCOPICA VIA TRANSNASAL,Apoyo Diagnóstico (Dx) en Internamiento y Ambulatoria,PDSS 10.0,1
12822.21.8.7.01,TURBINOPLASTIA VIA TRANSNASAL,Cirugía,PDSS 10.0,1
12828.88.1.3.40,ULTRASONOGRAFIA DE ABDOMEN: MASAS ABDOMINALES Y DE RETROPERITONEO +,Apoyo Diagnóstico (Dx) en Internamiento y Ambulatoria,PDSS 10.0,1
12834.88.1.5.01,ULTRASONOGRAFÍA DE PROSTATA TRANSABDOMINAL +,Apoyo Diagnóstico (Dx) en Internamiento y Ambulatoria,PDSS 10.0,1
12835.88.1.5.02,ULTRASONOGRAFÍA DE PROSTATA TRANSRECTAL +,Apoyo Diagnóstico (Dx) en Internamiento y Ambulatoria,PDSS 10.0,1
12854.88.1.4.02,ULTRASONOGRAFIA PELVICA GINECOLOGICA TRANSABDOMINAL,Apoyo Diagnóstico (Dx) en Internamiento y Ambulatoria,PDSS 10.0,1
12855.88.1.4.01,ULTRASONOGRAFÍA PELVICA GINECOLOGICA TRANSVAGINAL +,Apoyo Diagnóstico (Dx) en Internamiento y Ambulatoria,PDSS 10.0,1
12858.88.1.5.11,ULTRASONOGRAFIA TESTICULAR CON ANALISIS DOPPLER,Apoyo Diagnóstico (Dx) en Internamiento y Ambulatoria,PDSS 10.0,1
12878.56.2.2.01,URETEROLITOTOMIA POR URETEROTOMIA (VÍA ABIERTA),Cirugía,PDSS 10.0,1
12892.87.7.8.63,URETROCISTOGRAFIA RETROGRADA,Apoyo Diagnóstico (Dx) en Internamiento y Ambulatoria,PDSS 10.0,1
12896.87.7.8.71,URETROGRAFIA RETROGRADA,Apoyo Diagnóstico (Dx) en Internamiento y Ambulatoria,PDSS 10.0,1
12913.89.2.0,URODINAMIA +,Apoyo Diagnóstico (Dx) en Internamiento y Ambulatoria,PDSS 10.0,1
12916.89.2.4,UROFLUJOMETRIA (UFM) +,Apoyo Diagnóstico (Dx) en Internamiento y Ambulatoria,PDSS 10.0,1
12921.27.6.2.07,UVULOPALATOFARlNGOPLASTIA,Cirugía,PDSS 10.0,1
12961.70.4.1.00,VAGINECTOMIA O COLPECTOMIA TOTAL SOD,Cirugía,PDSS 10.0,1
12982.63.1.0.10,VARICOCELECTOMIA CON LIGADURA ALTA DE VENA ESPERMATICA,Cirugía,PDSS 10.0,1
12983.63.1.0.11,VARICOCELECTOMIA CON PRESERVACION DE ARTERIA,Cirugía,PDSS 10.0,1
13052.31.4.2.02,VIDEO NASOFIBROLARINGOSCOPIA,Apoyo Diagnóstico (Dx) en Internamiento y Ambulatoria,PDSS 10.0,1
13084.14.7.1.00,VITRECTOMIA VIA ANTERIOR SOD +,Cirugía,PDSS 10.0,1
13089.14.7.4.00,VITRECTOMIA VIA POSTERIOR SOD §,Cirugía,PDSS 10.0,1
13096.71.6.2.00,VULVECTOMIA BILATERAL SIMPLE O PARCIAL SOD,Cirugía,PDSS 10.0,1
13097.71.6.1.20,"VULVECTOMIA PARCIAL O UNILATERAL (MENOS DEL 0,8 DEL AREA VULVAR)",Cirugía,PDSS 10.0,1
13099.71.5.1.00,VULVECTOMIA RADICAL SOD +,Cirugía,PDSS 10.0,1
13101.71.5.2.00,VULVECTOMIA TOTAL O COMPLETA BILATERAL SOD,Cirugía,PDSS 10.0,1
13108.45.6.2.02,YEYUNECTOMIA,Cirugía,PDSS 10.0,1
13114.0,SALA DE EMERGENCIA Y/O URGENCIA,Emergencia,PDSS 10.0,1
13115.0,CONSULTA PRE-ANESTESICA,Partos,PDSS 10.0,1
13116.0,CONSULTA EN EMERGENCIA (NOCTURNA),Emergencia,PDSS 10.0,1
13565.0,MEDICAMENTO ONCOLÓGICOS,Atenciones de Alto Costo y de Máximo Nivel de Complejidad,PDSS 10.0,1
13614.0,Servicios capitados PyP (Servicios Asistenciales),Coberturas Capitadas del PDSS,PDSS 10.0,1
13615.0,Servicios capitados Consultas,Coberturas Capitadas del PDSS,PDSS 10.0,1
13616.0,Servicios capitados Odontológicas,Coberturas Capitadas del PDSS,PDSS 10.0,1
13617.0,Servicios capitados Emergencias,Coberturas Capitadas del PDSS,PDSS 10.0,1
13618.0,Servicios capitados Hospitalización,Coberturas Capitadas del PDSS,PDSS 10.0,1
13619.0,Servicios capitados Maternidad,Coberturas Capitadas del PDSS,PDSS 10.0,1
13620.0,Servicios capitados Cirugía,Coberturas Capitadas del PDSS,PDSS 10.0,1
13621.0,Servicios capitados Diagnosticas y Estudios Especiales,Coberturas Capitadas del PDSS,PDSS 10.0,1
13622.0,Servicios capitados Gastos Médicos Mayores,Coberturas Capitadas del PDSS,PDSS 10.0,1
13623.0,Servicios capitados Hemoterapia,Coberturas Capitadas del PDSS,PDSS 10.0,1
13624.0,Servicios capitados Rehabilitación,Coberturas Capitadas del PDSS,PDSS 10.0,1
13625.0,Servicios capitados Medicamentos Ambulatorios,Coberturas Capitadas del PDSS,PDSS 10.0,1
13642.0,ANGIOTOMOGRAFIA CORONARIA,Apoyo Diagnóstico (Dx) en Internamiento y Ambulatoria,PDSS 10.0,1
13656.0,ARTERIOGRAFIA RENAL,Trasplante Renal,PDSS 10.0,1
13787.0,MARCAJE POR SONOGRAFIA SONODIRIGIDO,Apoyo Diagnóstico (Dx) en Internamiento y Ambulatoria,PDSS 10.0,1
13788.0,MARCAJE POR MAMOGRAFIA,Apoyo Diagnóstico (Dx) en Internamiento y Ambulatoria,PDSS 10.0,1
13819.0,COLOCACION DE MARCAPASOS TEMPORAL TRANSITORIO,Atenciones de Alto Costo y de Máximo Nivel de Complejidad,PDSS 10.0,1
13901.0,OMENTECTOMIA VIA LAPAROSCOPICA,Cirugía,PDSS 10.0,1
13918.0,UROGRAFIA POR TOMOGRAFIA (UROTAC),Apoyo Diagnóstico (Dx) en Internamiento y Ambulatoria,PDSS 10.0,1
14018.0,ACIDO ACETICO,Medicamentos Ambulatorios,PDSS 10.0,1
14019.0,ABACAVIR SULFATO,Medicamentos Ambulatorios,PDSS 10.0,1
14020.0,ACENOCUMAROL (ACENOCUMARINA),Medicamentos Ambulatorios,PDSS 10.0,1
14021.0,ACETAMINOFEN,Medicamentos Ambulatorios,PDSS 10.0,1
14022.0,ACETATO DE FLUDROCORTISONA,Medicamentos Ambulatorios,PDSS 10.0,1
14024.0,ACETATO DE MEDROXIPROGESTERONA + CIPIONATO DE ESTRADIOL,Medicamentos Ambulatorios,PDSS 10.0,1
14025.0,ACETATO DE MEGESTROL,Medicamentos Ambulatorios,PDSS 10.0,1
14026.0,ACETAZOLAMIDA,Medicamentos Ambulatorios,PDSS 10.0,1
14028.0,ACICLOVIR,Medicamentos Ambulatorios,PDSS 10.0,1
14029.0,ÁCIDO ACETILSALICILICO,Medicamentos Ambulatorios,PDSS 10.0,1
14030.0,ÁCIDO ASCÓRBICO (VITAMINA C),Medicamentos Ambulatorios,PDSS 10.0,1
14031.0,ÁCIDO FÓLICO,Medicamentos Ambulatorios,PDSS 10.0,1
14032.0,ACIDO FOLINICO (FOLINATO CALCICO),Medicamentos Ambulatorios,PDSS 10.0,1
14033.0,ACIDO FUSÍDICO,Medicamentos Ambulatorios,PDSS 10.0,1
14034.0,ÁCIDO IOPANOICO,Medicamentos Ambulatorios,PDSS 10.0,1
14035.0,ACIDO NALIDÍXICO,Medicamentos Ambulatorios,PDSS 10.0,1
14036.0,ACIDO PIPEMIDICO,Medicamentos Ambulatorios,PDSS 10.0,1
14037.0,ÁCIDO SALICILICO,Medicamentos Ambulatorios,PDSS 10.0,1
14038.0,ACIDO TOLFENÁMICO,Medicamentos Ambulatorios,PDSS 10.0,1
14039.0,ACIDO TRANEXAMICO,Medicamentos Ambulatorios,PDSS 10.0,1
14040.0,ACIDO TRICLOROACETICO,Medicamentos Ambulatorios,PDSS 10.0,1
14041.0,ÁCIDO VALPROICO (VALPROATO SÓDICO),Medicamentos Ambulatorios,PDSS 10.0,1
14042.0,ADENOSINA,Medicamentos Ambulatorios,PDSS 10.0,1
14045.0,ALBENDAZOL,Medicamentos Ambulatorios,PDSS 10.0,1
14046.0,ALBUMINA HUMANA,Medicamentos Ambulatorios,PDSS 10.0,1
14048.0,ALCOHOL POLIVINÍLICO,Medicamentos Ambulatorios,PDSS 10.0,1
14049.0,ALCURONIO,Medicamentos Ambulatorios,PDSS 10.0,1
14050.0,ALENDRONATO,Medicamentos Ambulatorios,PDSS 10.0,1
14051.0,ALFAMETILDOPA,Medicamentos Ambulatorios,PDSS 10.0,1
14052.0,ALOPURINOL,Medicamentos Ambulatorios,PDSS 10.0,1
14053.0,ALPRAZOLAM,Medicamentos Ambulatorios,PDSS 10.0,1
14054.0,ALQUITRÁN DE HULLA,Medicamentos Ambulatorios,PDSS 10.0,1
14055.0,ALUMINIO HIDRÓXIDO,Medicamentos Ambulatorios,PDSS 10.0,1
14056.0,AMBROXOL,Medicamentos Ambulatorios,PDSS 10.0,1
14057.0,AMFOTERICINA B COMO DESOXICOLATO SODICO O COMPLEJO LIPOSOMAL,Medicamentos Ambulatorios,PDSS 10.0,1
14058.0,AMIDOTRIZOATO COMO SAL DE SODIO O DE MEGLUMINA,Medicamentos Ambulatorios,PDSS 10.0,1
14060.0,AMIKACINA,Medicamentos Ambulatorios,PDSS 10.0,1
14061.0,AMILORIDA,Medicamentos Ambulatorios,PDSS 10.0,1
14062.0,AMINOACIDOS,Medicamentos Ambulatorios,PDSS 10.0,1
14063.0,AMINOFILINA,Medicamentos Ambulatorios,PDSS 10.0,1
14064.0,AMINOSIDINA (PAROMOMICINA),Medicamentos Ambulatorios,PDSS 10.0,1
14065.0,AMIODARONA,Medicamentos Ambulatorios,PDSS 10.0,1
14066.0,AMITRIPTILINA,Medicamentos Ambulatorios,PDSS 10.0,1
14067.0,AMLODIPINO,Medicamentos Ambulatorios,PDSS 10.0,1
14068.0,AMOXICILINA,Medicamentos Ambulatorios,PDSS 10.0,1
14069.0,AMOXICILINA + ÁCIDO CLAVULÁNICO,Medicamentos Ambulatorios,PDSS 10.0,1
14070.0,AMPICILINA,Medicamentos Ambulatorios,PDSS 10.0,1
14072.0,ANFEBUTAMONA (BUPROPION),Medicamentos Ambulatorios,PDSS 10.0,1
14073.0,ANFOTERICINA B,Medicamentos Ambulatorios,PDSS 10.0,1
14076.0,ANTITOXINA DIFTÉRICA,Prevención y Promoción,PDSS 10.0,1
14077.0,ANTITOXINA TETANICA (EQUINA),Prevención y Promoción,PDSS 10.0,1
14078.0,ANTITOXINA TETANICA (HUMANA),Prevención y Promoción,PDSS 10.0,1
14079.0,ATAZANAVIR + RITONAVIR,Medicamentos Ambulatorios,PDSS 10.0,1
14080.0,ATENOLOL,Medicamentos Ambulatorios,PDSS 10.0,1
14081.0,ATRACURIO,Medicamentos Ambulatorios,PDSS 10.0,1
14082.0,ATROPINA SULFATO,Medicamentos Ambulatorios,PDSS 10.0,1
14083.0,AZATIOPRINA,Medicamentos Ambulatorios,PDSS 10.0,1
14084.0,AZITROMICINA,Medicamentos Ambulatorios,PDSS 10.0,1
14085.0,AZUFRE PRECIPITADO,Medicamentos Ambulatorios,PDSS 10.0,1
14087.0,BARIO SULFATO,Medicamentos Ambulatorios,PDSS 10.0,1
14088.0,BECLOMETASONA,Medicamentos Ambulatorios,PDSS 10.0,1
14089.0,BENZOATO DE BENCILO,Medicamentos Ambulatorios,PDSS 10.0,1
14090.0,BENZOILO PERÓXIDO,Medicamentos Ambulatorios,PDSS 10.0,1
14091.0,BETAHISTINA,Medicamentos Ambulatorios,PDSS 10.0,1
14092.0,BETAMETASONA,Medicamentos Ambulatorios,PDSS 10.0,1
14093.0,BETAXOLOL,Medicamentos Ambulatorios,PDSS 10.0,1
14094.0,BICARBONATO SÓDICO,Medicamentos Ambulatorios,PDSS 10.0,1
14095.0,BIPERIDENO,Medicamentos Ambulatorios,PDSS 10.0,1
14096.0,BISMUTO SUBCITRATO,Medicamentos Ambulatorios,PDSS 10.0,1
14097.0,BISOPROLOL,Medicamentos Ambulatorios,PDSS 10.0,1
14098.0,BLEOMICINA,Medicamentos Ambulatorios,PDSS 10.0,1
14099.0,BRIMONIDINA,Medicamentos Ambulatorios,PDSS 10.0,1
14100.0,BROMAZEPAN,Medicamentos Ambulatorios,PDSS 10.0,1
14101.0,BROMHEXINA,Medicamentos Ambulatorios,PDSS 10.0,1
14102.0,BROMOCRIPTINA,Medicamentos Ambulatorios,PDSS 10.0,1
14103.0,BROMURO DE IPRATROPIO,Medicamentos Ambulatorios,PDSS 10.0,1
14104.0,BUDESONIDA,Medicamentos Ambulatorios,PDSS 10.0,1
14107.0,BUSULFAN,Medicamentos Ambulatorios,PDSS 10.0,1
14108.0,BUTILBROMURO DE HIOSCINA,Medicamentos Ambulatorios,PDSS 10.0,1
14109.0,BUTILHIOSCINA,Medicamentos Ambulatorios,PDSS 10.0,1
14111.0,CALCIO CARBONATO,Medicamentos Ambulatorios,PDSS 10.0,1
14112.0,CALCITONINA HUMANA,Medicamentos Ambulatorios,PDSS 10.0,1
14113.0,CANDESARTAN,Medicamentos Ambulatorios,PDSS 10.0,1
14114.0,CAPREOMICINA,Medicamentos Ambulatorios,PDSS 10.0,1
14115.0,CAPTOPRILO,Medicamentos Ambulatorios,PDSS 10.0,1
14116.0,CARBAMACEPINA,Medicamentos Ambulatorios,PDSS 10.0,1
14117.0,CARBÓN ACTIVADO,Medicamentos Ambulatorios,PDSS 10.0,1
14118.0,CARBONATO DE LITIO,Medicamentos Ambulatorios,PDSS 10.0,1
14119.0,CARBOPLATINO,Medicamentos Ambulatorios,PDSS 10.0,1
14120.0,CARVEDILOL,Medicamentos Ambulatorios,PDSS 10.0,1
14121.0,CEFADROXILO,Medicamentos Ambulatorios,PDSS 10.0,1
14122.0,CEFALEXINA,Medicamentos Ambulatorios,PDSS 10.0,1
14123.0,CEFAZOLINA,Medicamentos Ambulatorios,PDSS 10.0,1
14124.0,CEFEPIMA,Medicamentos Ambulatorios,PDSS 10.0,1
14125.0,CEFOTAXIMA,Medicamentos Ambulatorios,PDSS 10.0,1
14126.0,CEFTAZIDIMA,Medicamentos Ambulatorios,PDSS 10.0,1
14127.0,CEFTRIAXONA,Medicamentos Ambulatorios,PDSS 10.0,1
14128.0,CETIRIZINA,Medicamentos Ambulatorios,PDSS 10.0,1
14129.0,CICLOFOSFAMIDA,Medicamentos Ambulatorios,PDSS 10.0,1
14130.0,CICLOPENTOLATO CLORHIDRATO,Medicamentos Ambulatorios,PDSS 10.0,1
14131.0,CICLOSERINA,Medicamentos Ambulatorios,PDSS 10.0,1
14132.0,CICLOSPORINA,Atenciones de Alto Costo y de Máximo Nivel de Complejidad,PDSS 10.0,1
14133.0,CINARIZINA,Medicamentos Ambulatorios,PDSS 10.0,1
14134.0,CIPROFIBRATO,Medicamentos Ambulatorios,PDSS 10.0,1
14135.0,CIPROFLOXACINO,Medicamentos Ambulatorios,PDSS 10.0,1
14136.0,CIPROTERONA,Medicamentos Ambulatorios,PDSS 10.0,1
14137.0,CISAPRIDE,Medicamentos Ambulatorios,PDSS 10.0,1
14138.0,CISPLATINO,Medicamentos Ambulatorios,PDSS 10.0,1
14139.0,CITALOPRAM,Medicamentos Ambulatorios,PDSS 10.0,1
14140.0,CITARABINA,Medicamentos Ambulatorios,PDSS 10.0,1
14141.0,CITICOLINA,Medicamentos Ambulatorios,PDSS 10.0,1
14143.0,CITRATO SÓDICO-FERRICO,Medicamentos Ambulatorios,PDSS 10.0,1
14144.0,CLARITROMICINA,Medicamentos Ambulatorios,PDSS 10.0,1
14145.0,CLENBUTEROL,Medicamentos Ambulatorios,PDSS 10.0,1
14146.0,CLINDAMICINA,Medicamentos Ambulatorios,PDSS 10.0,1
14147.0,CLOFAZIMINA,Medicamentos Ambulatorios,PDSS 10.0,1
14148.0,CLOMIFENO,Medicamentos Ambulatorios,PDSS 10.0,1
14149.0,CLOMIPRAMINA,Medicamentos Ambulatorios,PDSS 10.0,1
14150.0,CLONIDINA,Medicamentos Ambulatorios,PDSS 10.0,1
14151.0,CLONIXINATO DE LISINA,Medicamentos Ambulatorios,PDSS 10.0,1
14152.0,CLOPIDOGREL,Medicamentos Ambulatorios,PDSS 10.0,1
14153.0,CLORAMBUCILO,Medicamentos Ambulatorios,PDSS 10.0,1
14154.0,CLORANFENICOL,Medicamentos Ambulatorios,PDSS 10.0,1
14155.0,CLORFENAMINA,Medicamentos Ambulatorios,PDSS 10.0,1
14156.0,CLORHEXIDINA,Medicamentos Ambulatorios,PDSS 10.0,1
14157.0,CLORMETINA,Medicamentos Ambulatorios,PDSS 10.0,1
14159.0,CLOROQUINA,Medicamentos Ambulatorios,PDSS 10.0,1
14160.0,CLOROXILENOL,Medicamentos Ambulatorios,PDSS 10.0,1
14161.0,CLORPROMAZINA,Medicamentos Ambulatorios,PDSS 10.0,1
14162.0,CLORTALIDONA,Medicamentos Ambulatorios,PDSS 10.0,1
14163.0,CLORTETRACICLINA,Medicamentos Ambulatorios,PDSS 10.0,1
14166.0,CLORURO SÓDICO (SOLUCIÓN SALINA NORMAL),Medicamentos Ambulatorios,PDSS 10.0,1
14167.0,CLOTRIMAZOL,Medicamentos Ambulatorios,PDSS 10.0,1
14168.0,CLOXACILINA,Medicamentos Ambulatorios,PDSS 10.0,1
14169.0,CLOZAPINA,Medicamentos Ambulatorios,PDSS 10.0,1
14170.0,CODEINA FOSFATO,Medicamentos Ambulatorios,PDSS 10.0,1
14171.0,COLCHICINA,Medicamentos Ambulatorios,PDSS 10.0,1
14172.0,COLESTIRAMINA,Medicamentos Ambulatorios,PDSS 10.0,1
14173.0,COMPLEJO B,Medicamentos Ambulatorios,PDSS 10.0,1
14175.0,DACARBACINA,Medicamentos Ambulatorios,PDSS 10.0,1
14176.0,DACTINOMICINA,Atenciones de Alto Costo y de Máximo Nivel de Complejidad,PDSS 10.0,1
14177.0,DANTROLENO SÓDICO,Medicamentos Ambulatorios,PDSS 10.0,1
14178.0,DAPSONA,Medicamentos Ambulatorios,PDSS 10.0,1
14179.0,DARUNAVIR,Medicamentos Ambulatorios,PDSS 10.0,1
14180.0,DAUNORUBICINA,Atenciones de Alto Costo y de Máximo Nivel de Complejidad,PDSS 10.0,1
14182.0,DEFLAZACORT,Medicamentos Ambulatorios,PDSS 10.0,1
14183.0,DESMOPRESINA,Medicamentos Ambulatorios,PDSS 10.0,1
14184.0,DEXAMETASONA,Medicamentos Ambulatorios,PDSS 10.0,1
14186.0,DEXTROMETORFANO,Medicamentos Ambulatorios,PDSS 10.0,1
14187.0,DEXTROSA + CLORURO SÓDICO,Medicamentos Ambulatorios,PDSS 10.0,1
14188.0,DEXTROSA CON RINGER,Medicamentos Ambulatorios,PDSS 10.0,1
14189.0,DIAZEPAM,Medicamentos Ambulatorios,PDSS 10.0,1
14190.0,DICLOFENACO,Medicamentos Ambulatorios,PDSS 10.0,1
14191.0,DICLOXACILINA,Medicamentos Ambulatorios,PDSS 10.0,1
14192.0,DIDANOSINA,Medicamentos Ambulatorios,PDSS 10.0,1
14193.0,DIETILCARBAMAZINA,Medicamentos Ambulatorios,PDSS 10.0,1
14195.0,DIFENHIDRAMINA,Medicamentos Ambulatorios,PDSS 10.0,1
14196.0,"DIFTÉRICO, TOS FERINA Y TETÁNICO (DTAP) - PERTUSIS ACELULAR",Prevención y Promoción,PDSS 10.0,1
14197.0,"DIFTÉRICO, TOS FERINA Y TETÁNICO (DTWP) - PERTUSIS DE CÉLULAS ENTERA",Prevención y Promoción,PDSS 10.0,1
14198.0,DIGOXINA,Medicamentos Ambulatorios,PDSS 10.0,1
14199.0,DILTIAZEM,Medicamentos Ambulatorios,PDSS 10.0,1
14200.0,DIMENHIDRINATO,Medicamentos Ambulatorios,PDSS 10.0,1
14202.0,DIMETICONA,Medicamentos Ambulatorios,PDSS 10.0,1
14203.0,DINITRATO DE ISOSORBIDA,Medicamentos Ambulatorios,PDSS 10.0,1
14204.0,DISPOSITIVOS INTRAUTERINOS QUE CONTIENEN COBRE,Prevención y Promoción,PDSS 10.0,1
14205.0,DITRANOL (ANTRALINA),Medicamentos Ambulatorios,PDSS 10.0,1
14207.0,DOCETAXEL,Medicamentos Ambulatorios,PDSS 10.0,1
14209.0,DOXICICLINA,Medicamentos Ambulatorios,PDSS 10.0,1
14210.0,DOXORUBICINA,Atenciones de Alto Costo y de Máximo Nivel de Complejidad,PDSS 10.0,1
14212.0,DT-ADULTO,Prevención y Promoción,PDSS 10.0,1
14213.0,DT-PEDIATRICA,Prevención y Promoción,PDSS 10.0,1
14214.0,DTWP-HIB (TETRA),Prevención y Promoción,PDSS 10.0,1
14215.0,DÚPLE VIRAL (SR),Prevención y Promoción,PDSS 10.0,1
14217.0,EFAVIRENZ,Medicamentos Ambulatorios,PDSS 10.0,1
14218.0,ELECTROLITOS,Medicamentos Ambulatorios,PDSS 10.0,1
14219.0,ELEMENTOS TRAZA PARA NUTRICIÓN PARENTERAL,Medicamentos Ambulatorios,PDSS 10.0,1
14220.0,EMTRICITABINA,Medicamentos Ambulatorios,PDSS 10.0,1
14221.0,EMTRICITABINA + TENOFOVIR,Medicamentos Ambulatorios,PDSS 10.0,1
14222.0,ENALAPRIL,Medicamentos Ambulatorios,PDSS 10.0,1
14224.0,ENOXAPARINA,Medicamentos Ambulatorios,PDSS 10.0,1
14226.0,ERGOCALCIFEROL (VITAMINA D),Medicamentos Ambulatorios,PDSS 10.0,1
14227.0,ERGOMETRINA HIDROMALEATO,Medicamentos Ambulatorios,PDSS 10.0,1
14228.0,ERGOTAMINA,Medicamentos Ambulatorios,PDSS 10.0,1
14229.0,ERITROMICINA,Medicamentos Ambulatorios,PDSS 10.0,1
14230.0,ERITROPOYETINA,Medicamentos Ambulatorios,PDSS 10.0,1
14231.0,ESPIRONOLACTONA,Medicamentos Ambulatorios,PDSS 10.0,1
14232.0,ESTAVUDINA,Medicamentos Ambulatorios,PDSS 10.0,1
14233.0,ESTRADIOL,Medicamentos Ambulatorios,PDSS 10.0,1
14234.0,ESTRADIOL + NORGESTREL,Medicamentos Ambulatorios,PDSS 10.0,1
14235.0,ESTREPTOMICINA,Medicamentos Ambulatorios,PDSS 10.0,1
14237.0,ESTROGENOS CONJUGADOS,Medicamentos Ambulatorios,PDSS 10.0,1
14238.0,ETAMBUTOL CLORHIDRATO,Medicamentos Ambulatorios,PDSS 10.0,1
14240.0,ETILADRIANOL O ETILEFRINA,Medicamentos Ambulatorios,PDSS 10.0,1
14241.0,ETINILESTRADIOL,Medicamentos Ambulatorios,PDSS 10.0,1
14242.0,ETINILESTRADIOL + LEVONORGESTREL,Medicamentos Ambulatorios,PDSS 10.0,1
14243.0,ETIONAMIDA,Medicamentos Ambulatorios,PDSS 10.0,1
14244.0,ETOPOSIDO,Atenciones de Alto Costo y de Máximo Nivel de Complejidad,PDSS 10.0,1
14245.0,EVEROLIMUS,Medicamentos Ambulatorios,PDSS 10.0,1
14246.0,FACTOR IX COMPLEJO,Atenciones de Alto Costo y de Máximo Nivel de Complejidad,PDSS 10.0,1
14247.0,FACTOR VIII,Medicamentos Ambulatorios,PDSS 10.0,1
14248.0,FAMOTIDINA,Medicamentos Ambulatorios,PDSS 10.0,1
14249.0,FENILEFRINA,Medicamentos Ambulatorios,PDSS 10.0,1
14250.0,FENITOÍNA,Medicamentos Ambulatorios,PDSS 10.0,1
14251.0,FENOBARBITAL,Medicamentos Ambulatorios,PDSS 10.0,1
14252.0,FENOFIBRATO,Medicamentos Ambulatorios,PDSS 10.0,1
14254.0,FENTANILO,Medicamentos Ambulatorios,PDSS 10.0,1
14255.0,FILGRASTIM,Medicamentos Ambulatorios,PDSS 10.0,1
14256.0,FINASTERIDE,Medicamentos Ambulatorios,PDSS 10.0,1
14258.0,FITOMENADIONA (VITAMINA K),Medicamentos Ambulatorios,PDSS 10.0,1
14259.0,FLUCONAZOL,Medicamentos Ambulatorios,PDSS 10.0,1
14261.0,FLUFENAZINA,Medicamentos Ambulatorios,PDSS 10.0,1
14263.0,FLUORESCEÍNA,Medicamentos Ambulatorios,PDSS 10.0,1
14264.0,FLUOROURACILO,Medicamentos Ambulatorios,PDSS 10.0,1
14265.0,FLUORURO SÓDICO,Medicamentos Ambulatorios,PDSS 10.0,1
14266.0,FLUOXETINA,Medicamentos Ambulatorios,PDSS 10.0,1
14267.0,FLUTAMIDA,Medicamentos Ambulatorios,PDSS 10.0,1
14269.0,FOSFATO SÓDICO,Medicamentos Ambulatorios,PDSS 10.0,1
14270.0,FOSFOMICINA,Medicamentos Ambulatorios,PDSS 10.0,1
14271.0,FUROSEMIDA,Medicamentos Ambulatorios,PDSS 10.0,1
14272.0,GABAPENTINA,Medicamentos Ambulatorios,PDSS 10.0,1
14273.0,GEMFIBROZILO,Medicamentos Ambulatorios,PDSS 10.0,1
14274.0,GENTAMICINA,Medicamentos Ambulatorios,PDSS 10.0,1
14275.0,GLIBENCLAMIDA,Medicamentos Ambulatorios,PDSS 10.0,1
14276.0,GLICOPIRRONIO BROMURO,Medicamentos Ambulatorios,PDSS 10.0,1
14279.0,GLUCOSA (DEXTROSA),Medicamentos Ambulatorios,PDSS 10.0,1
14280.0,GLUCOSA CON CLORURO SÓDICO (DEXTROSA CON SOLUCIÓN SALINA NORMAL),Medicamentos Ambulatorios,PDSS 10.0,1
14281.0,GLUTAMINA,Medicamentos Ambulatorios,PDSS 10.0,1
14283.0,GONADOTROPINA CORIÓNICA HUMANA,Medicamentos Ambulatorios,PDSS 10.0,1
14284.0,GOSERELINA,Medicamentos Ambulatorios,PDSS 10.0,1
14285.0,GRANISETRON,Atenciones de Alto Costo y de Máximo Nivel de Complejidad,PDSS 10.0,1
14286.0,GRISEOFULVINA,Medicamentos Ambulatorios,PDSS 10.0,1
14287.0,HALOPERIDOL,Medicamentos Ambulatorios,PDSS 10.0,1
14289.0,HEPARINA SÓDICA,Medicamentos Ambulatorios,PDSS 10.0,1
14290.0,HEXACIANOFERRATO (II) FERRICO DE POTASIO 2H20 (AZUL DE PRUSIA),Medicamentos Ambulatorios,PDSS 10.0,1
14291.0,HIDRALAZINA,Medicamentos Ambulatorios,PDSS 10.0,1
14292.0,HIDRATO DE CLORAL,Medicamentos Ambulatorios,PDSS 10.0,1
14293.0,HIDROCLOROTIAZIDA,Medicamentos Ambulatorios,PDSS 10.0,1
14294.0,HIDROCORTISONA,Medicamentos Ambulatorios,PDSS 10.0,1
14295.0,HIDROXICLOROQUINA SULFATO,Medicamentos Ambulatorios,PDSS 10.0,1
14296.0,HIDROXICOBALAMINA (VIT. B12),Medicamentos Ambulatorios,PDSS 10.0,1
14297.0,HIDROXIPROGESTERONA,Medicamentos Ambulatorios,PDSS 10.0,1
14298.0,HIDROXIUREA,Medicamentos Ambulatorios,PDSS 10.0,1
14299.0,HIDROXIZINA,Medicamentos Ambulatorios,PDSS 10.0,1
14300.0,HIERRO DEXTRANO,Medicamentos Ambulatorios,PDSS 10.0,1
14301.0,HIERRO SACAROSA,Atenciones de Alto Costo y de Máximo Nivel de Complejidad,PDSS 10.0,1
14303.0,HOMATROPINA,Medicamentos Ambulatorios,PDSS 10.0,1
14304.0,IBUPROFENO,Medicamentos Ambulatorios,PDSS 10.0,1
14305.0,IDOXURIDINA,Medicamentos Ambulatorios,PDSS 10.0,1
14306.0,IFOSFAMIDA,Medicamentos Ambulatorios,PDSS 10.0,1
14307.0,IMATINIB,Atenciones de Alto Costo y de Máximo Nivel de Complejidad,PDSS 10.0,1
14308.0,IMIPEMEM MONOHIDRATO + CILASTATINA COMO SAL SÓDICA,Medicamentos Ambulatorios,PDSS 10.0,1
14309.0,IMIPRAMINA,Medicamentos Ambulatorios,PDSS 10.0,1
14310.0,IMPLANTES LIBERADORES DE LEVONORGESTREL,Medicamentos Ambulatorios,PDSS 10.0,1
14311.0,INDOMETACINA,Medicamentos Ambulatorios,PDSS 10.0,1
14312.0,INFLUENZA EST HEMISFERIO NORTE AÑO ADULTO,Prevención y Promoción,PDSS 10.0,1
14313.0,INFLUENZA EST. HEMISFERIO NORTE (AÑO) - PED.,Prevención y Promoción,PDSS 10.0,1
14314.0,INFLUENZA EST. HEMISFERIO SUR (AÑO)- ADULTO.,Prevención y Promoción,PDSS 10.0,1
14315.0,INFLUENZA EST. HEMISFERIO SUR (AÑO)- PEDIATRICO,Prevención y Promoción,PDSS 10.0,1
14316.0,INMUNOGLOBULINA ANTIRRABICA HUMANA,Prevención y Promoción,PDSS 10.0,1
14317.0,INMUNOGLOBULINA ANTI-D (FACTOR RH),Hospitalización,PDSS 10.0,1
14318.0,INMUNOGLOBULINA ANTI-HEPATITIS. B,Prevención y Promoción,PDSS 10.0,1
14319.0,INMUNOGLOBULINA HUMANA INESPECIFICA,Medicamentos Ambulatorios,PDSS 10.0,1
14320.0,INMUNOGLOBULINA TETÁNICA,Prevención y Promoción,PDSS 10.0,1
14321.0,INSULINA DE ACCIÓN INTERMEDIA NPH,Medicamentos Ambulatorios,PDSS 10.0,1
14323.0,INSULINA MIXTA 70/30 HUMANA,Medicamentos Ambulatorios,PDSS 10.0,1
14325.0,IOHEXOL,Apoyo Diagnóstico (Dx) en Internamiento y Ambulatoria,PDSS 10.0,1
14326.0,IOPAMIDOL,Apoyo Diagnóstico (Dx) en Internamiento y Ambulatoria,PDSS 10.0,1
14328.0,ISETIONATO DE PENTAMIDINA,Medicamentos Ambulatorios,PDSS 10.0,1
14330.0,ISONIACIDA,Medicamentos Ambulatorios,PDSS 10.0,1
14331.0,ISONIAZIDA + RIFAMPICINA,Medicamentos Ambulatorios,PDSS 10.0,1
14332.0,ISOPRENALINA,Medicamentos Ambulatorios,PDSS 10.0,1
14333.0,ISOXSUPRINA,Medicamentos Ambulatorios,PDSS 10.0,1
14334.0,ITRACONAZOL,Medicamentos Ambulatorios,PDSS 10.0,1
14335.0,IVERMECTINA,Medicamentos Ambulatorios,PDSS 10.0,1
14338.0,JABON DE AVENA,Medicamentos Ambulatorios,PDSS 10.0,1
14339.0,JABON DE AZUFRE,Medicamentos Ambulatorios,PDSS 10.0,1
14341.0,JOSAMICINA,Medicamentos Ambulatorios,PDSS 10.0,1
14344.0,KETOCONAZOL,Medicamentos Ambulatorios,PDSS 10.0,1
14345.0,KETOROLACO,Medicamentos Ambulatorios,PDSS 10.0,1
14347.0,L ASPARAGINASA,Medicamentos Ambulatorios,PDSS 10.0,1
14348.0,LACTATO DE RINGER (HARTMANN),Medicamentos Ambulatorios,PDSS 10.0,1
14349.0,LACTULOSA,Medicamentos Ambulatorios,PDSS 10.0,1
14350.0,LAMIVUDINA,Medicamentos Ambulatorios,PDSS 10.0,1
14351.0,LAMIVUDINA + ABACAVIR,Medicamentos Ambulatorios,PDSS 10.0,1
14354.0,LAMIVUDINA MAS ZIDOVUDINA MAS NEVIRAPINA,Medicamentos Ambulatorios,PDSS 10.0,1
14355.0,LATANOPROST,Medicamentos Ambulatorios,PDSS 10.0,1
14356.0,LEUCOVORIN,Medicamentos Ambulatorios,PDSS 10.0,1
14357.0,LEUPRORELIN LEUPROLIDE,Atenciones de Alto Costo y de Máximo Nivel de Complejidad,PDSS 10.0,1
14358.0,LEVAMISOL,Medicamentos Ambulatorios,PDSS 10.0,1
14360.0,LEVODOPA + CARBIDOPA,Medicamentos Ambulatorios,PDSS 10.0,1
14361.0,LEVOFLOXACINO,Medicamentos Ambulatorios,PDSS 10.0,1
14362.0,LEVONORGESTREL,Medicamentos Ambulatorios,PDSS 10.0,1
14363.0,LEVOTIROXINA,Medicamentos Ambulatorios,PDSS 10.0,1
14364.0,LIDOCAÍNA,Medicamentos Ambulatorios,PDSS 10.0,1
14367.0,LÍPIDOS,Medicamentos Ambulatorios,PDSS 10.0,1
14368.0,LISINA,Medicamentos Ambulatorios,PDSS 10.0,1
14369.0,LISINOPRIL,Medicamentos Ambulatorios,PDSS 10.0,1
14370.0,LOCION DE CALAMINA,Medicamentos Ambulatorios,PDSS 10.0,1
14371.0,LOPERAMIDA,Medicamentos Ambulatorios,PDSS 10.0,1
14372.0,LOPINAVIR + RITONAVIR,Medicamentos Ambulatorios,PDSS 10.0,1
14373.0,LORATADINA,Medicamentos Ambulatorios,PDSS 10.0,1
14374.0,LORAZEPAM,Medicamentos Ambulatorios,PDSS 10.0,1
14375.0,LOSARTAN,Medicamentos Ambulatorios,PDSS 10.0,1
14376.0,MAGNESIO HIDRÓXIDO,Medicamentos Ambulatorios,PDSS 10.0,1
14378.0,MEBENDAZOL,Medicamentos Ambulatorios,PDSS 10.0,1
14379.0,MECLORETAMINA,Medicamentos Ambulatorios,PDSS 10.0,1
14380.0,MECOBALAMINA,Medicamentos Ambulatorios,PDSS 10.0,1
14381.0,MEDROXIPROGESTERONA,Medicamentos Ambulatorios,PDSS 10.0,1
14382.0,MELFALAN,Medicamentos Ambulatorios,PDSS 10.0,1
14383.0,MELOXICAM,Medicamentos Ambulatorios,PDSS 10.0,1
14384.0,MEPERIDINA (CLORHIDRATO DE PETIDINA),Medicamentos Ambulatorios,PDSS 10.0,1
14385.0,MERCAPTOPURINA,Medicamentos Ambulatorios,PDSS 10.0,1
14386.0,MEROPENEM,Medicamentos Ambulatorios,PDSS 10.0,1
14387.0,MESNA,Medicamentos Ambulatorios,PDSS 10.0,1
14388.0,METAMIZOL,Medicamentos Ambulatorios,PDSS 10.0,1
14389.0,METFORMINA,Medicamentos Ambulatorios,PDSS 10.0,1
14391.0,METILPREDNISOLONA,Medicamentos Ambulatorios,PDSS 10.0,1
14392.0,METILROSANILINA CLORURO (VIOLETA DE GENCIANA),Medicamentos Ambulatorios,PDSS 10.0,1
14393.0,METIMAZOL (TIAMAZOL),Medicamentos Ambulatorios,PDSS 10.0,1
14394.0,METOCLOPRAMIDA,Medicamentos Ambulatorios,PDSS 10.0,1
14395.0,METOPROLOL,Medicamentos Ambulatorios,PDSS 10.0,1
14396.0,METOTREXATO,Medicamentos Ambulatorios,PDSS 10.0,1
14397.0,METRONIDAZOL,Medicamentos Ambulatorios,PDSS 10.0,1
14398.0,METRONIDAZOL + DIYODOHIDROXIQUINOLEINA,Medicamentos Ambulatorios,PDSS 10.0,1
14399.0,METRONIDAZOL BENZOATO,Medicamentos Ambulatorios,PDSS 10.0,1
14400.0,MIANSERINA,Medicamentos Ambulatorios,PDSS 10.0,1
14401.0,MICOFENOLATO DE MOFETILO,Medicamentos Ambulatorios,PDSS 10.0,1
14402.0,MIDAZOLAM,Medicamentos Ambulatorios,PDSS 10.0,1
14403.0,MIRTAZAPINA,Medicamentos Ambulatorios,PDSS 10.0,1
14404.0,MISOPROSTOL,Medicamentos Ambulatorios,PDSS 10.0,1
14405.0,MITOMICINA C,Medicamentos Ambulatorios,PDSS 10.0,1
14406.0,MONONITRATO DE ISOSORBIDA,Medicamentos Ambulatorios,PDSS 10.0,1
14407.0,MULTIVITAMINAS ADULTOS,Medicamentos Ambulatorios,PDSS 10.0,1
14408.0,MULTIVITAMINAS PEDIÁTRICAS MÁS FLÚOR,Medicamentos Ambulatorios,PDSS 10.0,1
14409.0,MULTIVITAMINAS PRENATALES,Medicamentos Ambulatorios,PDSS 10.0,1
14410.0,MUPIROCINA COMO SAL SÓDICA,Medicamentos Ambulatorios,PDSS 10.0,1
14411.0,N-ACETILCISTEINA,Medicamentos Ambulatorios,PDSS 10.0,1
14412.0,NADROPARINA,Medicamentos Ambulatorios,PDSS 10.0,1
14413.0,NAFAZOLINA,Medicamentos Ambulatorios,PDSS 10.0,1
14416.0,NAPROXENO,Medicamentos Ambulatorios,PDSS 10.0,1
14418.0,NEUMO-CONJUGADA - 10 VALENTE,Prevención y Promoción,PDSS 10.0,1
14419.0,NEUMO-CONJUGADA - 13 VALENTE,Prevención y Promoción,PDSS 10.0,1
14420.0,NEUMOCOCO NO CONJUGADO ADULTO 23,Prevención y Promoción,PDSS 10.0,1
14421.0,NEVIRAPINA,Medicamentos Ambulatorios,PDSS 10.0,1
14422.0,NICLOSAMIDA,Medicamentos Ambulatorios,PDSS 10.0,1
14423.0,NICOTINAMIDA (VITAMINA B3),Medicamentos Ambulatorios,PDSS 10.0,1
14424.0,NIFEDIPINA,Medicamentos Ambulatorios,PDSS 10.0,1
14425.0,NISTATINA,Medicamentos Ambulatorios,PDSS 10.0,1
14426.0,NITRATO DE PLATA,Medicamentos Ambulatorios,PDSS 10.0,1
14427.0,NITRAZEPAN,Medicamentos Ambulatorios,PDSS 10.0,1
14429.0,NITROFURANTOÍNA,Medicamentos Ambulatorios,PDSS 10.0,1
14430.0,NITROFURAZONA,Medicamentos Ambulatorios,PDSS 10.0,1
14433.0,NORETISTERONA,Medicamentos Ambulatorios,PDSS 10.0,1
14434.0,OFLOXACINO,Medicamentos Ambulatorios,PDSS 10.0,1
14435.0,OLANZAPINA,Medicamentos Ambulatorios,PDSS 10.0,1
14436.0,OMEPRAZOL,Medicamentos Ambulatorios,PDSS 10.0,1
14437.0,ONDANSETRON,Medicamentos Ambulatorios,PDSS 10.0,1
14438.0,OXACILINA,Medicamentos Ambulatorios,PDSS 10.0,1
14439.0,OXALIPLATINO,Medicamentos Ambulatorios,PDSS 10.0,1
14441.0,OXIDO DE ZINC,Medicamentos Ambulatorios,PDSS 10.0,1
14444.0,OXITETRACICLINA,Medicamentos Ambulatorios,PDSS 10.0,1
14446.0,PACLITAXEL,Medicamentos Ambulatorios,PDSS 10.0,1
14447.0,PANCURONIO,Medicamentos Ambulatorios,PDSS 10.0,1
14448.0,PAPERAS (PAROTIDITIS) VACUNA,Prevención y Promoción,PDSS 10.0,1
14449.0,PAPILOMA VIRUS HUMANO (HPV) - BIVALENTE,Prevención y Promoción,PDSS 10.0,1
14450.0,PAPILOMA VIRUS HUMANO (HPV) - TETRAVALENTE,Prevención y Promoción,PDSS 10.0,1
14451.0,PARACETAMOL,Medicamentos Ambulatorios,PDSS 10.0,1
14452.0,PENICILAMINA,Medicamentos Ambulatorios,PDSS 10.0,1
14453.0,PENICILINA G BENZATINA,Medicamentos Ambulatorios,PDSS 10.0,1
14454.0,PENICILINA G CRISTALINA (BENCILPENICILINA),Medicamentos Ambulatorios,PDSS 10.0,1
14455.0,PENICILINA G PROCAINÍCA (BENCILPENICILINA PROCAINA),Medicamentos Ambulatorios,PDSS 10.0,1
14456.0,PENTAMIDINA (ISETIONATO DE PENTAMIDINA),Medicamentos Ambulatorios,PDSS 10.0,1
14457.0,PENTAZOCINA,Medicamentos Ambulatorios,PDSS 10.0,1
14458.0,PERMANGANATO POTÁSICO,Medicamentos Ambulatorios,PDSS 10.0,1
14459.0,PERMETRINA,Medicamentos Ambulatorios,PDSS 10.0,1
14460.0,PERÓXIDO DE BENZOILO,Medicamentos Ambulatorios,PDSS 10.0,1
14461.0,PETIDINA (MEPERIDINA),Medicamentos Ambulatorios,PDSS 10.0,1
14462.0,PICOSULFATO SÓDICO,Medicamentos Ambulatorios,PDSS 10.0,1
14463.0,PILOCARPINA,Medicamentos Ambulatorios,PDSS 10.0,1
14464.0,PIPERAZINA,Medicamentos Ambulatorios,PDSS 10.0,1
14465.0,PIRACETAM,Medicamentos Ambulatorios,PDSS 10.0,1
14466.0,PIRANTEL,Medicamentos Ambulatorios,PDSS 10.0,1
14467.0,PIRAZINAMIDA,Medicamentos Ambulatorios,PDSS 10.0,1
14468.0,PIRIDOSTIGMINA,Medicamentos Ambulatorios,PDSS 10.0,1
14469.0,PIRIDOXINA VITAMINA B6,Medicamentos Ambulatorios,PDSS 10.0,1
14470.0,PIRIMETAMINA,Medicamentos Ambulatorios,PDSS 10.0,1
14471.0,PIROXICAM,Medicamentos Ambulatorios,PDSS 10.0,1
14473.0,POTASIO GLUCONATO,Medicamentos Ambulatorios,PDSS 10.0,1
14475.0,POVIDONA YODADA,Medicamentos Ambulatorios,PDSS 10.0,1
14477.0,PRAMIVERINA,Medicamentos Ambulatorios,PDSS 10.0,1
14478.0,PRAZICUANTEL,Medicamentos Ambulatorios,PDSS 10.0,1
14479.0,PRAZOSINA,Medicamentos Ambulatorios,PDSS 10.0,1
14480.0,PREDNISOLONA,Medicamentos Ambulatorios,PDSS 10.0,1
14481.0,PREDNISONA,Atenciones de Alto Costo y de Máximo Nivel de Complejidad,PDSS 10.0,1
14482.0,PREGABALINA,Medicamentos Ambulatorios,PDSS 10.0,1
14483.0,PRESERVATIVO FEMENINO,Prevención y Promoción,PDSS 10.0,1
14484.0,PRESERVATIVO MASCULINO,Prevención y Promoción,PDSS 10.0,1
14485.0,PRIMAQUINA,Medicamentos Ambulatorios,PDSS 10.0,1
14486.0,PROCAINAMIDA,Medicamentos Ambulatorios,PDSS 10.0,1
14487.0,PROCARBAZINA,Medicamentos Ambulatorios,PDSS 10.0,1
14488.0,PROCICLIDINA,Medicamentos Ambulatorios,PDSS 10.0,1
14489.0,PROGESTERONA,Medicamentos Ambulatorios,PDSS 10.0,1
14490.0,PROGUANIL,Medicamentos Ambulatorios,PDSS 10.0,1
14491.0,PROMETAZINA,Medicamentos Ambulatorios,PDSS 10.0,1
14492.0,PROPAFENONA,Medicamentos Ambulatorios,PDSS 10.0,1
14493.0,PROPILIODONA,Medicamentos Ambulatorios,PDSS 10.0,1
14494.0,PROPILTIOURACILO,Medicamentos Ambulatorios,PDSS 10.0,1
14495.0,PROPILURACILO,Medicamentos Ambulatorios,PDSS 10.0,1
14497.0,PROPRANOLOL,Medicamentos Ambulatorios,PDSS 10.0,1
14499.0,PROTIONAMIDA,Medicamentos Ambulatorios,PDSS 10.0,1
14500.0,QUETIAPINA,Medicamentos Ambulatorios,PDSS 10.0,1
14501.0,QUINFAMIDA,Medicamentos Ambulatorios,PDSS 10.0,1
14502.0,QUINIDINA,Medicamentos Ambulatorios,PDSS 10.0,1
14503.0,QUININA,Medicamentos Ambulatorios,PDSS 10.0,1
14504.0,RALTEGRAVIR,Medicamentos Ambulatorios,PDSS 10.0,1
14505.0,RAMIPRIL,Medicamentos Ambulatorios,PDSS 10.0,1
14506.0,RANITIDINA,Medicamentos Ambulatorios,PDSS 10.0,1
14507.0,RESINA DE PODOFILO,Medicamentos Ambulatorios,PDSS 10.0,1
14508.0,RESORCINA,Medicamentos Ambulatorios,PDSS 10.0,1
14509.0,RETINOL (VIT. A),Medicamentos Ambulatorios,PDSS 10.0,1
14510.0,RIBOFLAVINA VITAMINA B2,Medicamentos Ambulatorios,PDSS 10.0,1
14511.0,RIFABUTINA,Medicamentos Ambulatorios,PDSS 10.0,1
14512.0,RIFAMPICINA,Medicamentos Ambulatorios,PDSS 10.0,1
14513.0,RIFAMPICINA + ISONIAZIDA + PIRAZINAMIDA + ETAMBUTOL,Medicamentos Ambulatorios,PDSS 10.0,1
14514.0,RINGER SIMPLE,Medicamentos Ambulatorios,PDSS 10.0,1
14515.0,RISPERIDONA,Medicamentos Ambulatorios,PDSS 10.0,1
14516.0,RITONAVIR,Medicamentos Ambulatorios,PDSS 10.0,1
14517.0,RITRODINA,Medicamentos Ambulatorios,PDSS 10.0,1
14518.0,RITUXIMAB,Medicamentos Ambulatorios,PDSS 10.0,1
14519.0,RIVASTIGMINA,Medicamentos Ambulatorios,PDSS 10.0,1
14520.0,ROSUVASTATINA,Medicamentos Ambulatorios,PDSS 10.0,1
14521.0,ROTAVIRUS - 2. (VIRUS HUMANO VIVO ATENUADO),Prevención y Promoción,PDSS 10.0,1
14522.0,ROTAVIRUS - 3 DOSIS (VIRUS HUMANO VIVO ATENUADO),Prevención y Promoción,PDSS 10.0,1
14523.0,SAL FERROSA + ACIDO FOLICO,Medicamentos Ambulatorios,PDSS 10.0,1
14524.0,SALBUTAMOL,Medicamentos Ambulatorios,PDSS 10.0,1
14525.0,SALES DE REHIDRATACIÓN ORAL,Medicamentos Ambulatorios,PDSS 10.0,1
14526.0,SALES DE REHIDRATACIÓN ORAL CON CITRATO,Medicamentos Ambulatorios,PDSS 10.0,1
14527.0,SECNIDAZOL,Medicamentos Ambulatorios,PDSS 10.0,1
14528.0,SENÓSIDOS,Medicamentos Ambulatorios,PDSS 10.0,1
14529.0,SERTRALINA,Medicamentos Ambulatorios,PDSS 10.0,1
14531.0,SIMVASTATINA,Medicamentos Ambulatorios,PDSS 10.0,1
14533.0,SOLUCIÓN PARA DIÁLISIS INTRAPERITONEAL (DE COMPOSICIÓN ADECUADA),Atenciones de Alto Costo y de Máximo Nivel de Complejidad,PDSS 10.0,1
14535.0,SOLUCIÓN PARA DIÁLISIS PERITONEAL + DEXTROSA,Atenciones de Alto Costo y de Máximo Nivel de Complejidad,PDSS 10.0,1
14537.0,SOMATROPINA,Medicamentos Ambulatorios,PDSS 10.0,1
14539.0,SUCRALFATO,Medicamentos Ambulatorios,PDSS 10.0,1
14540.0,SULFA (SULFAMETOXAZOL),Medicamentos Ambulatorios,PDSS 10.0,1
14541.0,SULFACETAMIDA,Medicamentos Ambulatorios,PDSS 10.0,1
14542.0,SULFADIAZINA,Medicamentos Ambulatorios,PDSS 10.0,1
14543.0,SULFAMETOXAZOL + TRIMETOPRIM,Medicamentos Ambulatorios,PDSS 10.0,1
14544.0,SULFASALAZINA,Medicamentos Ambulatorios,PDSS 10.0,1
14548.0,SULFATO DE ZINC,Medicamentos Ambulatorios,PDSS 10.0,1
14549.0,SULFATO FERROSO,Medicamentos Ambulatorios,PDSS 10.0,1
14550.0,SULFATO FERROSO+ACIDO FOLICO+VITAMINA C,Medicamentos Ambulatorios,PDSS 10.0,1
14551.0,SULFATO O CLORHIDRATO DE MORFINA,Medicamentos Ambulatorios,PDSS 10.0,1
14552.0,SULFAZALACINA,Medicamentos Ambulatorios,PDSS 10.0,1
14553.0,SULFURO DE SELENIO,Medicamentos Ambulatorios,PDSS 10.0,1
14554.0,SUMATRIPTÁN,Medicamentos Ambulatorios,PDSS 10.0,1
14556.0,TACROLIMUS,Medicamentos Ambulatorios,PDSS 10.0,1
14557.0,TAMOXIFENO,Atenciones de Alto Costo y de Máximo Nivel de Complejidad,PDSS 10.0,1
14558.0,TAZOBACTAM + PIPERACILINA SÓDICA,Medicamentos Ambulatorios,PDSS 10.0,1
14559.0,TENOFOVIR,Medicamentos Ambulatorios,PDSS 10.0,1
14560.0,TENOFOVIR + LAMIVUDINA,Medicamentos Ambulatorios,PDSS 10.0,1
14562.0,TEOFILINA,Medicamentos Ambulatorios,PDSS 10.0,1
14563.0,TERAZOSINA,Medicamentos Ambulatorios,PDSS 10.0,1
14564.0,TERIZIDONA,Medicamentos Ambulatorios,PDSS 10.0,1
14565.0,TESTOTERONA,Medicamentos Ambulatorios,PDSS 10.0,1
14567.0,TETRACICLINA,Medicamentos Ambulatorios,PDSS 10.0,1
14568.0,TETRACOSACTIDO (ACTH),Medicamentos Ambulatorios,PDSS 10.0,1
14569.0,TIABENDAZOL,Medicamentos Ambulatorios,PDSS 10.0,1
14570.0,TIAMINA (VITAMINA B1),Medicamentos Ambulatorios,PDSS 10.0,1
14571.0,TIANEPTINA,Medicamentos Ambulatorios,PDSS 10.0,1
14572.0,TICLOPIDINA,Medicamentos Ambulatorios,PDSS 10.0,1
14573.0,TIMOLOL,Medicamentos Ambulatorios,PDSS 10.0,1
14574.0,TINIDAZOL,Medicamentos Ambulatorios,PDSS 10.0,1
14576.0,TIZANIDINA,Medicamentos Ambulatorios,PDSS 10.0,1
14577.0,TOBRAMICINA,Medicamentos Ambulatorios,PDSS 10.0,1
14578.0,TRAMADOL,Medicamentos Ambulatorios,PDSS 10.0,1
14579.0,TRASTUZUMAB,Medicamentos Ambulatorios,PDSS 10.0,1
14580.0,TRICLABENDAZOL,Medicamentos Ambulatorios,PDSS 10.0,1
14581.0,TRIHEXIFENIDILO,Medicamentos Ambulatorios,PDSS 10.0,1
14583.0,TRIPLE VIRAL (SRP) - (JERYL-LYNN),Prevención y Promoción,PDSS 10.0,1
14584.0,TRIPLE VIRAL (SRP) - (URABE),Prevención y Promoción,PDSS 10.0,1
14585.0,TRIPLE VIRAL (SRP) - (ZAGREB),Prevención y Promoción,PDSS 10.0,1
14586.0,TROPICAMIDA,Medicamentos Ambulatorios,PDSS 10.0,1
14587.0,TROPISETRON,Medicamentos Ambulatorios,PDSS 10.0,1
14589.0,UREA,Medicamentos Ambulatorios,PDSS 10.0,1
14592.0,VACUNA ANTI-HAEMOPHILUS INFLUENZAE B (HIB),Prevención y Promoción,PDSS 10.0,1
14593.0,VACUNA ANTI HEPATITIS B RECOMBINANTE ADULTO,Prevención y Promoción,PDSS 10.0,1
14594.0,VACUNA ANTI-HEPATITIS B RECOMBINANTE-PEDIATRA,Prevención y Promoción,PDSS 10.0,1
14596.0,VACUNA ANTI-RUBEOLA,Prevención y Promoción,PDSS 10.0,1
14597.0,VACUNA ANTIHEPATITIS A,Prevención y Promoción,PDSS 10.0,1
14598.0,VACUNA ANTIPOLIOMELITICA INACTIVADA- VIRUS INACTIVADO (IPV),Prevención y Promoción,PDSS 10.0,1
14599.0,VACUNA ANTIPOLIOMELITICA SABIN - VIRUS ATENUADO (OPV),Prevención y Promoción,PDSS 10.0,1
14600.0,VACUNA ANTIRRÁBICA HUMANA / CÉLULA VERO,Prevención y Promoción,PDSS 10.0,1
14601.0,VACUNA ANTIRRÁBICA HUMANA / CPEP,Prevención y Promoción,PDSS 10.0,1
14602.0,VACUNA ANTITIFOÍDICA (ANTÍGENO VI),Prevención y Promoción,PDSS 10.0,1
14603.0,VACUNA ANTITIFOÍDICA (VIVA ATENUADA),Prevención y Promoción,PDSS 10.0,1
14604.0,VACUNA BCG,Prevención y Promoción,PDSS 10.0,1
14605.0,VACUNA CONTRA FIEBRE AMARILLA (VIRUS VIVO EN CULTIVO AVIARIO),Prevención y Promoción,PDSS 10.0,1
14607.0,VACUNA CONTRA HEPATITIS - PEDIÁTRICA,Prevención y Promoción,PDSS 10.0,1
14608.0,VACUNA MENINGITIS MENINGOCÓCICA A+C+W135+Y (TETRA) CONJUGADA,Prevención y Promoción,PDSS 10.0,1
14609.0,VACUNA MENINGITIS MENINGOCÓCICA A+C+W135+Y (TETRA) POLISACARIDA,Prevención y Promoción,PDSS 10.0,1
14610.0,VALSARTAN,Medicamentos Ambulatorios,PDSS 10.0,1
14611.0,VANCOMICINA,Medicamentos Ambulatorios,PDSS 10.0,1
14612.0,VARICELA (VIRUS VIVO),Prevención y Promoción,PDSS 10.0,1
14614.0,VECURONIO BROMURO,Medicamentos Ambulatorios,PDSS 10.0,1
14615.0,VERAPAMILO,Medicamentos Ambulatorios,PDSS 10.0,1
14616.0,VINBLASTINA,Medicamentos Ambulatorios,PDSS 10.0,1
14617.0,VINCRISTINA,Atenciones de Alto Costo y de Máximo Nivel de Complejidad,PDSS 10.0,1
14618.0,VITAMINA E,Medicamentos Ambulatorios,PDSS 10.0,1
14619.0,WARFARINA SÓDICA,Medicamentos Ambulatorios,PDSS 10.0,1
14620.0,XILITOL,Medicamentos Ambulatorios,PDSS 10.0,1
14621.0,XILOMETAZOLINA,Medicamentos Ambulatorios,PDSS 10.0,1
14622.0,YODO,Medicamentos Ambulatorios,PDSS 10.0,1
14624.0,ZIDOVUDINA,Medicamentos Ambulatorios,PDSS 10.0,1
14625.0,ZIDOVUDINA + LAMIVUDINA,Medicamentos Ambulatorios,PDSS 10.0,1
14626.0,ZINC GLUCONATO,Medicamentos Ambulatorios,PDSS 10.0,1
14627.0,ACIDO FÓLICO +  VIT B12,Medicamentos Ambulatorios,PDSS 10.0,1
14629.0,ACEITE DE RICINO,Medicamentos Ambulatorios,PDSS 10.0,1
14630.0,DESOGESTREL + ETINILESTRADIOL,Medicamentos Ambulatorios,PDSS 10.0,1
14631.0,POLIVITAMINAS + MINERALES,Medicamentos Ambulatorios,PDSS 10.0,1
14632.0,RIFAMPICINA + ISONIAZIDA + PIRAZINAMIDA,Medicamentos Ambulatorios,PDSS 10.0,1
14633.0,DEXTRANO + GLUCOSA,Medicamentos Ambulatorios,PDSS 10.0,1
14634.0,NEOMICINA + BACITRACINA,Medicamentos Ambulatorios,PDSS 10.0,1
14635.0,ETINILESTRADIOL + NORETISTERONA,Medicamentos Ambulatorios,PDSS 10.0,1
14636.0,METFORMINA + GLIBENCLAMIDA,Medicamentos Ambulatorios,PDSS 10.0,1
14637.0,SALBUTAMOL + IPRATROPIO,Medicamentos Ambulatorios,PDSS 10.0,1
14638.0,FOSFATO POTÁSICO,Medicamentos Ambulatorios,PDSS 10.0,1
14639.0,MEDICAMENTOS,Hospitalización,PDSS 10.0,1
14640.0,ATENOLOL+ CLORTALIDONA,Medicamentos Ambulatorios,PDSS 10.0,1
14641.0,ACETAMINOFEN + CLORMEZANONA,Medicamentos Ambulatorios,PDSS 10.0,1
14642.0,COLIRIO REFRESCANTE (A.B+CLOR .SODIO),Medicamentos Ambulatorios,PDSS 10.0,1
14643.0,ESTRADIOL + DIHIDROXIPROGESTERONA,Medicamentos Ambulatorios,PDSS 10.0,1
14644.0,POLIMIXINAB+NEOMICINA+HIDROCORTISONA,Medicamentos Ambulatorios,PDSS 10.0,1
14645.0,HIDROXIDO DE AL+HIDROXIDO DE MG,Medicamentos Ambulatorios,PDSS 10.0,1
14646.0,ISONIAZIDA MAS ETAMBUTOL,Medicamentos Ambulatorios,PDSS 10.0,1
14647.0,VIT. A+D+C+B+NIACINAMINA,Medicamentos Ambulatorios,PDSS 10.0,1
14648.0,POLIMIXINA + NEOMICINA,Medicamentos Ambulatorios,PDSS 10.0,1
14649.0,SALBUTAMOL+BECLAMETAZONA,Medicamentos Ambulatorios,PDSS 10.0,1
14650.0,SALMETEROL+FLUTICASONA,Medicamentos Ambulatorios,PDSS 10.0,1
14652.0,XILITOL + NORMOFUNDIN,Medicamentos Ambulatorios,PDSS 10.0,1
14653.0,VIT. A+D+NISTATINA+ZINC OXIDO,Medicamentos Ambulatorios,PDSS 10.0,1
14655.0,VACUNA ANTISARAMPIONOSA,Prevención y Promoción,PDSS 10.0,1
14656.0,FORMOTEROL+BUDESONIDA,Medicamentos Ambulatorios,PDSS 10.0,1
14657.0,VITAMINAS NEUROTRÓPICAS  (B+B6+B12+DEXAMETASONA),Medicamentos Ambulatorios,PDSS 10.0,1
14658.0,VIT. A+D +ZINC OXIDO,Medicamentos Ambulatorios,PDSS 10.0,1
14659.0,PARACETAMOL + CAFEÍNA + ERGOTAMINA,Medicamentos Ambulatorios,PDSS 10.0,1
14660.0,LEVODOPA + BENZERACIDA,Medicamentos Ambulatorios,PDSS 10.0,1
14678.0,ACIDO IBANDRONICO,Medicamentos Ambulatorios,PDSS 10.0,1
14681.0,ACIDO ZOLEDRONICO,Atenciones de Alto Costo y de Máximo Nivel de Complejidad,PDSS 10.0,1
14696.0,BICALUTAMIDA,Medicamentos Ambulatorios,PDSS 10.0,1
14708.0,CALCITRIOL,Medicamentos Ambulatorios,PDSS 10.0,1
14728.0,CLONAZEPAM ,Medicamentos Ambulatorios,PDSS 10.0,1
14758.0,ESCITALOPRAM,Medicamentos Ambulatorios,PDSS 10.0,1
14870.0,TICAGRELOR,Medicamentos Ambulatorios,PDSS 10.0,1
14890.0,CAPECITABINA,Medicamentos Ambulatorios,PDSS 10.0,1
14891.0,GEMCITABINA,Atenciones de Alto Costo y de Máximo Nivel de Complejidad,PDSS 10.0,1
14892.0,IRINOTECAN,Medicamentos Ambulatorios,PDSS 10.0,1
14893.0,TEMOZOLAMIDA,Atenciones de Alto Costo y de Máximo Nivel de Complejidad,PDSS 10.0,1
14895.0,ARTERIOGRAFIA CEREBRAL DE CUATRO (4) VASOS,Apoyo Diagnóstico (Dx) en Internamiento y Ambulatoria,PDSS 10.0,1
14898.0,ABIRATERONA,Medicamentos Ambulatorios,PDSS 10.0,1
14899.0,ALBUMINA MAS PACLITAXEL,Atenciones de Alto Costo y de Máximo Nivel de Complejidad,PDSS 10.0,1
14900.0,ANASTROZOL,Medicamentos Ambulatorios,PDSS 10.0,1
14901.0,APREPITANT,Atenciones de Alto Costo y de Máximo Nivel de Complejidad,PDSS 10.0,1
14902.0,BASILIXIMAB,Medicamentos Ambulatorios,PDSS 10.0,1
14903.0,BENDAMUSTINA,Atenciones de Alto Costo y de Máximo Nivel de Complejidad,PDSS 10.0,1
14904.0,BEVACIZUMAB,Medicamentos Ambulatorios,PDSS 10.0,1
14905.0,BORTEZOMIB,Atenciones de Alto Costo y de Máximo Nivel de Complejidad,PDSS 10.0,1
14906.0,CETUXIMAB,Medicamentos Ambulatorios,PDSS 10.0,1
14907.0,DASATINIB,Atenciones de Alto Costo y de Máximo Nivel de Complejidad,PDSS 10.0,1
14908.0,DOXORRUBICINA LIPOSOMAL,Medicamentos Ambulatorios,PDSS 10.0,1
14909.0,ERLOTINIB,Atenciones de Alto Costo y de Máximo Nivel de Complejidad,PDSS 10.0,1
14910.0,EXEMESTANO,Medicamentos Ambulatorios,PDSS 10.0,1
14911.0,FULVESTRANT,Atenciones de Alto Costo y de Máximo Nivel de Complejidad,PDSS 10.0,1
14912.0,IBRUTINIB,Medicamentos Ambulatorios,PDSS 10.0,1
14913.0,LAPATINIB,Atenciones de Alto Costo y de Máximo Nivel de Complejidad,PDSS 10.0,1
14914.0,LENALIDOMIDA,Medicamentos Ambulatorios,PDSS 10.0,1
14915.0,LETROZOL,Atenciones de Alto Costo y de Máximo Nivel de Complejidad,PDSS 10.0,1
14916.0,MICOFENOLATO SODICO,Medicamentos Ambulatorios,PDSS 10.0,1
14917.0,PEMETREXED,Atenciones de Alto Costo y de Máximo Nivel de Complejidad,PDSS 10.0,1
14918.0,PERTUZUMAB,Medicamentos Ambulatorios,PDSS 10.0,1
14919.0,SIROLIMUS,Atenciones de Alto Costo y de Máximo Nivel de Complejidad,PDSS 10.0,1
14920.0,SUNITINIB,Medicamentos Ambulatorios,PDSS 10.0,1
14921.0,CRUCE SANGUINEO,Apoyo Diagnóstico (Dx) en Internamiento y Ambulatoria,PDSS 10.0,1
14922.0,COLOCACIÓN DE PUERTO PARA QUIMIOTERAPIA,Atenciones de Alto Costo y de Máximo Nivel de Complejidad,PDSS 10.0,1
14923.0,RADIOTERAPIA CONFORMADA TRIDIMENCIONAL 3D CRT,Atenciones de Alto Costo y de Máximo Nivel de Complejidad,PDSS 10.0,1
14924.0,RADIOTERAPIA DE INTENSIDAD MODULADA IMRT,Atenciones de Alto Costo y de Máximo Nivel de Complejidad,PDSS 10.0,1
14925.0,RADIOTERAPIA GUIADA POR IMÁGENES IGRT,Atenciones de Alto Costo y de Máximo Nivel de Complejidad,PDSS 10.0,1
14926.0,RETIRO DE CATÉTER SUBCLAVIO BAJO ANESTESIA,Cirugía,PDSS 10.0,1
14927.0,RETIRO DE CATÉTER URETRAL,Cirugía,PDSS 10.0,1
14986.0,BIOPSIA DE TIROIDES DIRIGIDA POR SONOGRAFIA,Apoyo Diagnóstico (Dx) en Internamiento y Ambulatoria,PDSS 10.0,1
14989.0,BIOPSIA ESTEROTAXICA DE MAMA,Apoyo Diagnóstico (Dx) en Internamiento y Ambulatoria,PDSS 10.0,1
15016.0,CITOLOGIA CERVICO VAGINAL EN MEDIO LIQUIDO (PAPANI,Apoyo Diagnóstico (Dx) en Internamiento y Ambulatoria,PDSS 10.0,1
15129.0,IRBESARTAN,Medicamentos Ambulatorios,PDSS 10.0,1
15147.0,LINEZOLID,Medicamentos Ambulatorios,PDSS 10.0,1
15150.0,LITOTRICIA ENDOSCOPICA,Cirugía,PDSS 10.0,1
15190.0,OXIBUTINA CLORHIDRATO,Medicamentos Ambulatorios,PDSS 10.0,1
15199.0,PAQUETE GLOBULAR,Trasplante Renal,PDSS 10.0,1
15218.0,PROSTATECTOMIA RADICAL LAPAROSCOPICA,Cirugía,PDSS 10.0,1
15261.0,SEVELAMER,Atenciones de Alto Costo y de Máximo Nivel de Complejidad,PDSS 10.0,1
15284.0,TOMOGRAFIA POR EMISION DE POSITRONES PET CT,Atenciones de Alto Costo y de Máximo Nivel de Complejidad,PDSS 10.0,1
15295.0,USO DE URETROTOMO,Cirugía,PDSS 10.0,1
15305.0,VITAMINA D3,Trasplante Renal,PDSS 10.0,1
15307.0,VORICONAZOL,Medicamentos Ambulatorios,PDSS 10.0,1
15399.0,PROCALCITONINA,Apoyo Diagnóstico (Dx) en Internamiento y Ambulatoria,PDSS 10.0,1
15402.0,PRUEBA CROSS MATCH HISTOCOMPATIBILIDAD,Trasplante Renal,PDSS 10.0,1
15438.0,USO DE LITOTRIPTOR,Cirugía,PDSS 10.0,1
15711.0,USO DE MICROSCOPIO,Cirugía,PDSS 10.0,1
15712.0,USO DE NEURONAVEGADOR,Cirugía,PDSS 10.0,1
15724.0,VINORELBINA,Atenciones de Alto Costo y de Máximo Nivel de Complejidad,PDSS 10.0,1
15725.0,LABETALOL,Medicamentos Ambulatorios,PDSS 10.0,1
15729.0,TRIBENOSIDO + LIDOCAINA,Medicamentos Ambulatorios,PDSS 10.0,1
15730.0,BETAMETASONA ACETATO + BETAMETASONA FOSFATO,Medicamentos Ambulatorios,PDSS 10.0,1
15731.0,IMPLANTES LIBERADORES DE ETONOGESTREL,Prevención y Promoción,PDSS 10.0,1
15732.0,PARICALCITOL,Medicamentos Ambulatorios,PDSS 10.0,1
15996.0,ANASTOMOSIS  INTESTINO GRUESO POR LAPAROSCOPIA,Cirugía,PDSS 10.0,1
16002.0,DRENAJE HEMATOMA CEREBRAL POR TREPANACION,Cirugía,PDSS 10.0,1
16075.0,ANGIOPLASTIA DE MIEMBROS INFERIORES,Cirugía,PDSS 10.0,1
16076.0,ANGIOTOMOGRAFIA CEREBRAL,Apoyo Diagnóstico (Dx) en Internamiento y Ambulatoria,PDSS 10.0,1
16077.0,REISERSERCION DE MARCAPASOS BICAMERAL,Atenciones de Alto Costo y de Máximo Nivel de Complejidad,PDSS 10.0,1
16078.0,CENTELLA ASIATICA,Rehabilitación,PDSS 10.0,1
16079.0,HIDROFIBRA DE HIDROCOLOIDE 100% + CARBOXIMETILCELULOSA SODICA,Rehabilitación,PDSS 10.0,1
16080.0,SILLA DE RUEDAS ,Rehabilitación,PDSS 10.0,1
16081.0,COJIN ANTIESCARA,Rehabilitación,PDSS 10.0,1
16082.0,COCHES ESPECIALIZADOS,Rehabilitación,PDSS 10.0,1
16125.0,ANGIOTOMOGRAFIA AORTO ILIACO,Trasplante Renal,PDSS 10.0,1
16175.0,TUBERCULINA DERIVADO PROTEICO PPD,Trasplante Renal,PDSS 10.0,1
16176.0,TRASPLANTE DE RIÑON DONANTE CADAVERICO,Trasplante Renal,PDSS 10.0,1
16177.0,TRASPLANTE DE RIÑON DONANTE VIVO,Trasplante Renal,PDSS 10.0,1
16178.0,EVALUACION Y MANTENIMIENTO DEL PACIENTE CON MUERTE ENCEFALICA 24 HORAS UCI AFILIADOS,Trasplante Renal,PDSS 10.0,1
16179.0,EVALUACION Y MANTENIMIENTO DEL PACIENTE CON MUERTE ENCEFALICA 24 HORAS UCI NO AFILIADOS,Trasplante Renal,PDSS 10.0,1
16180.0,HONORARIO ENFERMERIA DE UCI,Trasplante Renal,PDSS 10.0,1
16181.0,ANGIOPLASTIA DE ARTERIA RENAL CON COLOCACION DE STENT,Trasplante Renal,PDSS 10.0,1
16182.0,ANGIOTOMOGRAFIA RENAL,Trasplante Renal,PDSS 10.0,1
16183.0,ANTIGENO FRENTE AL PANEL PRA,Trasplante Renal,PDSS 10.0,1
16184.0,BAAR EN ORINA,Trasplante Renal,PDSS 10.0,1
16185.0,DETERMINACION CICLOSPORINA EN SANGRE,Trasplante Renal,PDSS 10.0,1
16186.0,DETERMINACION MICOFENOLATO EN SANGRE,Trasplante Renal,PDSS 10.0,1
16187.0,DETERMINACION EVEROLIMUS EN SANGRE,Trasplante Renal,PDSS 10.0,1
16188.0,DETERMINACION SIROLlMUS EN SANGRE,Trasplante Renal,PDSS 10.0,1
16189.0,DETERMINACION TACROLIMUS EN SANGRE,Trasplante Renal,PDSS 10.0,1
16190.0,GASES VENOSOS,Trasplante Renal,PDSS 10.0,1
16191.0,GLOBULINA ANTITIMOCITICA DE CONEJO TIMOGLOBULINA,Trasplante Renal,PDSS 10.0,1
16192.0,HONORARIO COORDINADOR DE TRASPLANTE HOSPITALARIO ,Trasplante Renal,PDSS 10.0,1
16193.0,PCR BK,Trasplante Renal,PDSS 10.0,1
16194.0,PCR CITOMEGALOVIRUS,Trasplante Renal,PDSS 10.0,1
16195.0,PCR EPSTEIN BAAR,Trasplante Renal,PDSS 10.0,1
16196.0,PRUEBA ANTIDOPING,Trasplante Renal,PDSS 10.0,1
16197.0,RETIRO DE PROTESIS INFECTADA PARA DIALISIS RENAL,Trasplante Renal,PDSS 10.0,1
16198.0,VALGANCICLOVIR,Trasplante Renal,PDSS 10.0,1
16199.0,RECONSTRUCCION MAMARIA COLGAJO LIBRE,Cirugía,PDSS 10.0,1
16200.0,RECONSTRUCCION MAMARIA CON EXPANSOR,Cirugía,PDSS 10.0,1
16201.0,RECONSTRUCCION MAMARIA CON COLGAJO MIOCUTANEO DORSAL ANCHO BILATERAL,Cirugía,PDSS 10.0,1
16202.0,RECONSTRUCCION MAMARIA CON COLGAJO MIOCUTANEO DORSAL ANCHO UNILATERAL,Cirugía,PDSS 10.0,1
16203.0,RECONSTRUCCION MAMARIA CON COLGAJO MIOCUTANEO RECTO ABDOMINAL UNILATERAL,Cirugía,PDSS 10.0,1
16204.0,RECONSTRUCCION MAMARIA CON COLGAJO MIOCUTANEO RECTO ABDOMINAL BILATERAL,Cirugía,PDSS 10.0,1
16205.0,RECONSTRUCCION DEL COMPLEJO AREOLA PEZON MAS SINTERIZACION DE MAMA CONTRALATERAL,Cirugía,PDSS 10.0,1
16206.0,"SIMETRIZACION (REDUCCION, AUMENTO O PEXIA)",Cirugía,PDSS 10.0,1
16207.0,CAMBIO DE EXPANSOR POR PROTESIS MAS RECONSTRUCCION COMPLEJO AREOLA PEZON,Cirugía,PDSS 10.0,1
16208.0,CAMBIO DE EXPANSOR POR PROTESIS,Cirugía,PDSS 10.0,1
16209.0,GEN BRCA 1,Apoyo Diagnóstico (Dx) en Internamiento y Ambulatoria,PDSS 10.0,1
16210.0,GEN BRCA 2,Apoyo Diagnóstico (Dx) en Internamiento y Ambulatoria,PDSS 10.0,1
16211.0,ANTIMONIATO DE MEGLUMINA,Medicamentos Ambulatorios,PDSS 10.0,1
16212.0,ESTIBOGLUCONATO SODICO,Medicamentos Ambulatorios,PDSS 10.0,1
16213.0,INSULINA CRISTALINA,Medicamentos Ambulatorios,PDSS 10.0,1
16214.0,INSULINA NPH,Medicamentos Ambulatorios,PDSS 10.0,1
16215.0,TRIAMCINOLONA MAS PENTOSANO MAS POLISULFATO SODICO MAS LIDOCAINA,Medicamentos Ambulatorios,PDSS 10.0,1
16216.0,BENZOCAINA,Medicamentos Ambulatorios,PDSS 10.0,1
16217.0,FLUOCORTOLONA ACETONIDO MAS LIDOCAINA MAS MENTOL MAS BISMUTO,Medicamentos Ambulatorios,PDSS 10.0,1
16218.0,ACEITE DE HIGADO DE BACALAO MAS OXIDO DE ZINC MAS EXTRACTO FLUIDO DE HAMMELIS,Medicamentos Ambulatorios,PDSS 10.0,1
16219.0,CLOROCARVACROL MAS OXIPOLIETOXIDODECANO MAS ACEITE DE HIGADO DE BACALAO,Medicamentos Ambulatorios,PDSS 10.0,1
16220.0,ACEITE DE HIGADO DE BACALAO MAS CLOROCARVACROL,Medicamentos Ambulatorios,PDSS 10.0,1
16295.0,ENDOSCOPIA DIGESTIVA,Apoyo Diagnóstico (Dx) en Internamiento y Ambulatoria,PDSS 10.0,1
16350.0,USO DE NEUROMONITOR,Cirugía,PDSS 10.0,1
16351.0,USO DE ASPIRADOR ULTRASONICO,Cirugía,PDSS 10.0,1
16352.0,USO DE CRANEOTOMO,Cirugía,PDSS 10.0,1
16353.0,DISPOSITIVOS QUIRURGICOS,Cirugía,PDSS 10.0,1
16467.0,SUPRARENALECTOMIA O ADRENALECTOMIA ABIERTA,Cirugía,PDSS 10.0,1
16468.0,COLECTOMIA PARCIAL CON COLOSTOMIA Y CIERRE DE SEGMENTO DISTAL ( HARTMANN) POR LAPAROSCOPIA,Cirugía,PDSS 10.0,1
16469.0,HEMICOLECTOMIA DERECHA POR LAPAROSCOPIA,Cirugía,PDSS 10.0,1
16470.0,HEMICOLECTOMIA IZQUIERDA POR LAPAROSCOPIA      ,Cirugía,PDSS 10.0,1
16471.0,YEYUNECTOMIA POR LAPAROSCOPIA,Cirugía,PDSS 10.0,1
16472.0,CIERRE DE ESTOMA DE INTESTINO GRUESO POR LAPAROSCOPIA,Cirugía,PDSS 10.0,1
16473.0,COLOSTOMIA TEMPORAL POR LAPAROSCOPIA,Cirugía,PDSS 10.0,1
16474.0,REPARACION DE HERNIA INCISIONAL (EVENTRACION) POR LAPAROSCOPIA,Cirugía,PDSS 10.0,1
16475.0,HISTERECTOMIA SUBTOTAL O SUPRACERVICAL POR LAPAROSCOPIA,Cirugía,PDSS 10.0,1
16476.0,RESECCION INTESTINAL DE DIVERTICULOS  POR LAPAROSCOPIA,Cirugía,PDSS 10.0,1
16477.0,CIERRE DE ESTOMA DE INTESTINO DELGADO POR LAPAROSCOPIA  ,Cirugía,PDSS 10.0,1
16478.0,YEYUNOSTOMIA POR LAPAROSCOPIA,Cirugía,PDSS 10.0,1
16479.0,HERNIORRAFIA EPIGASTRICA POR LAPAROSCOPIA,Cirugía,PDSS 10.0,1
16480.0,OOFORECTOMIA  POR LAPAROSCOPIA,Cirugía,PDSS 10.0,1
16481.0,PILOROTOMIA,Cirugía,PDSS 10.0,1
16482.0,SUTURA DE ULCERA PERFORADA CON VAGOTOMIA Y EPIPLOPLASTIA POR LAPAROSCOPIA,Cirugía,PDSS 10.0,1
16483.0,BIOPSIA DE ESTOMAGO POR LAPAROSCOPIA,Cirugía,PDSS 10.0,1
16484.0,ESCISION DE EMBARAZO ECTOPICO OVARICO SIN OOFORECTOMIA POR LAPAROSCOPIA,Cirugía,PDSS 10.0,1
16485.0,EXTRACCION ENDOSCOPICA  DE CUERPO EXTRAÑO EN NARIZ  ,Cirugía,PDSS 10.0,1
16486.0,EXTRACCION ENDOSCOPICA DE CUERPO EXTRAÑO DE CONDUCTO AUDITIVO EXTERNO ,Cirugía,PDSS 10.0,1
16487.0,RESONANCIA NUCLEAR MARGNETICA MULTIPARAMETRICA DE PROSTATA,Apoyo Diagnóstico (Dx) en Internamiento y Ambulatoria,PDSS 10.0,1
16488.0,COLGAJO LOCAL SIMPLE DE PIEL,Cirugía,PDSS 10.0,1
16489.0,ANGIOTOMOGRAFIA ABDOMINAL,Apoyo Diagnóstico (Dx) en Internamiento y Ambulatoria,PDSS 10.0,1
16490.0,ANGIOTOMOGRAFIA DE MIEMBROS INFERIORES,Apoyo Diagnóstico (Dx) en Internamiento y Ambulatoria,PDSS 10.0,1
16491.0,COLOCACION DE CATETER NO PERMANENTE PARA HEMODIALISIS,Cirugía,PDSS 10.0,1
16492.0,ESTUDIO DE PATOLOGIA DURANTE CIRUGIA CON CORTES CONGELADOS,Apoyo Diagnóstico (Dx) en Internamiento y Ambulatoria,PDSS 10.0,1
16493.0,REPARACION DE LACERACIONES O DESGARROS OBSTETRICOS COMPLEJO ,Cirugía,PDSS 10.0,1
16494.0,REPARACION DE DESGARRO VAGINAL NO OBSTETRICO COMPLEJO ,Cirugía,PDSS 10.0,1
16495.0,"CITOLOGIA DE LIQUIDOS CORPORALES, NO GINECOLOGICO, 5 LAMINAS O MENOS ",Apoyo Diagnóstico (Dx) en Internamiento y Ambulatoria,PDSS 10.0,1
16496.0,"CITOLOGIA DE LIQUIDOS CORPORALES, NO GINECOLOGICO, MAS DE 5 LAMINAS ",Apoyo Diagnóstico (Dx) en Internamiento y Ambulatoria,PDSS 10.0,1
16497.0,ESTUDIO PCR PARA VPH DE BAJO Y ALTO RIESGO ,Apoyo Diagnóstico (Dx) en Internamiento y Ambulatoria,PDSS 10.0,1
16498.0,"PATOLOGIA QUIRURGICA, DESCALCIFICACION",Apoyo Diagnóstico (Dx) en Internamiento y Ambulatoria,PDSS 10.0,1
16499.0,"CITOLOGIA DE LIQUIDOS CORPORALES, NO GINECOLOGICO, LIQUIDO",Apoyo Diagnóstico (Dx) en Internamiento y Ambulatoria,PDSS 10.0,1
16500.0,DRENAJE DE COLECCIONES INTRACEREBRALES VIA ESTEREOTAXICA,Cirugía,PDSS 10.0,1
16501.0,CURA DE HERIDA PROFUNDA,Cirugía,PDSS 10.0,1
16502.0,CURA DE HERIDA SUPERFICIAL,Cirugía,PDSS 10.0,1
16503.0,DERIVACION O PUENTE AORTO-BIFEMORAL,Cirugía,PDSS 10.0,1
16504.0,ENDARTERECTOMIA DE CAROTIDA,Cirugía,PDSS 10.0,1
16505.0,RESECCION DE FISTULA BRANQUIAL,Cirugía,PDSS 10.0,1
16506.0,"NIVEL I.  PATOLOGIA QUIRURGICA, SOLO EXAMEN MACROSCOPICO",Apoyo Diagnóstico (Dx) en Internamiento y Ambulatoria,PDSS 10.0,1
16507.0,"NIVEL II.  PATOLOGIA QUIRURGICA, EXAMEN MACROSCOPICO Y MICROSCOPICO  ",Apoyo Diagnóstico (Dx) en Internamiento y Ambulatoria,PDSS 10.0,1
16508.0,"NIVEL III.  PATOLOGIA QUIRURGICA, EXAMEN MACROSCOPICO Y MICROSCOPICO , CONFIRMACION DIAGNOSTICA",Apoyo Diagnóstico (Dx) en Internamiento y Ambulatoria,PDSS 10.0,1
16509.0,"NIVEL IV.  PATOLOGIA QUIRURGICA, EXAMEN E INTERPRETACION MACROSCOPICA Y MICROSCOPICA",Apoyo Diagnóstico (Dx) en Internamiento y Ambulatoria,PDSS 10.0,1
16510.0,"NIVEL V.  PATOLOGIA QUIRURGICA, EXAMEN Y ESTUDIO PROFUNDO MACROSCOPICO Y MICROSCOPICO DE MULTIPLES CORTES ",Apoyo Diagnóstico (Dx) en Internamiento y Ambulatoria,PDSS 10.0,1
16511.0,"NIVEL VI.  PATOLOGIA QUIRURGICA, EXAMEN Y ESTUDIO MACROSCOPICO Y MICROSCOPICO DE UN ORGANO O TEJIDO TUMORAL",Apoyo Diagnóstico (Dx) en Internamiento y Ambulatoria,PDSS 10.0,1
16512.0,"SALPINGOLISIS DE ADHERENCIAS (LEVES, MODERADAS O SEVERAS) POR LAPAROTOMIA",Cirugía,PDSS 10.0,1
16514.0,SALA DE INFUSION,Atenciones de Alto Costo y de Máximo Nivel de Complejidad,PDSS 10.0,1
